titulo,ano,fonte,archive_org_id,duracao_verificada_min,status,motivo,slug,link_origem
Sita Sings the Blues,2008,publicdomainmovie.net,,,DESCARTADO,falha ao consultar/identifier inválido no archive.org (item não encontrado ou metadata corrompida),
Dressed To Kill,1946,publicdomainmovie.net,dressed_to_kill,71.5,ADICIONADO,ok,dressed-to-kill-1946
My Man Godfrey,1936,publicdomainmovie.net,MyManGodfrey1936,94.8,ADICIONADO,ok,my-man-godfrey-1936
Bloody Pit of Horror,1965,publicdomainmovie.net,BloodyPitOfHorror,82.4,ADICIONADO,ok (sinopse genérica),bloody-pit-of-horror-1965
Jungle Book,1942,publicdomainmovie.net,JungleBook,104.9,ADICIONADO,ok,the-jungle-book-1942
West of Hot Dog,1924,publicdomainmovie.net,westofhotdog,30.6,ADICIONADO,ok (revisado: limiar de duração mínima corrigido de 40 para 2 min),west-of-hot-dog-1924
Charlie Shanghaied,1915,publicdomainmovie.net,CC_1915_10_04_CharlieShanghaied,23.2,ADICIONADO,ok (revisado: limiar de duração mínima corrigido de 40 para 2 min),charlie-shanghaied-1915
Das Kabinett des Doktor Caligari ( The Cabinet of Dr. Caligari ),1919,publicdomainmovie.net,,,DESCARTADO,falha ao consultar/identifier inválido no archive.org (item não encontrado ou metadata corrompida),
Tillies Punctured Romance,1914,publicdomainmovie.net,CC_1914_11_14_TilliesPuncturedRomance,71.5,DESCARTADO,"duplicata do filme já presente no catálogo (""Tillie's Punctured Romance"", bulkMovies5.js) sob outro identifier do archive.org",
Impact,1949,publicdomainmovie.net,impact,109.6,ADICIONADO,ok,impact-1949
Last Woman On Earth,1960,publicdomainmovie.net,last_woman_on_earth,72,ADICIONADO,ok (sinopse genérica),last-woman-on-earth-1960
The Iron Mask,1929,publicdomainmovie.net,iron_mask,72.3,ADICIONADO,ok (sinopse genérica),the-iron-mask-1929
Kids Auto Race At Venice,1914,publicdomainmovie.net,CC_1914_02_07_KidsAutoRaceAtVenice,6,DESCARTADO,"duplicata do mesmo filme (Kid Auto Races at Venice, 1914) já adicionado sob outro identifier (TheKidAutoRaceinVenice, cópia de resolução maior) — não adicionar os dois",
Mr. Robinson Crusoe,1932,publicdomainmovie.net,MrRobinsonCrusoe,70.5,ADICIONADO,ok,mr-robinson-crusoe-1932
New Adventures of Tarzan,1935,publicdomainmovie.net,new_adventures_of_tarzan,70.3,ADICIONADO,ok,new-adventures-of-tarzan-1935
Mabels Strange Predicament,1914,publicdomainmovie.net,mabels-strange-predicament-1914,10.4,DESCARTADO,revisado nesta rodada - não verificado com confiança suficiente nesta rodada - fica para revisão futura,
Bronenosets Potyomkin (Battleship Potemkin),1925,publicdomainmovie.net,,,DESCARTADO,falha ao consultar/identifier inválido no archive.org (item não encontrado ou metadata corrompida),
Tarzan and the Green Goddess,1938,publicdomainmovie.net,tarzan_and_the_green_goddess,67.4,ADICIONADO,ok,tarzan-and-the-green-goddess-1938
City of the Dead/Horror Hotel,1960,publicdomainmovie.net,,,DESCARTADO,falha ao consultar/identifier inválido no archive.org (item não encontrado ou metadata corrompida),
The Phantom Creeps,1939,publicdomainmovie.net,ThePhantomCreeps,78.3,ADICIONADO,ok,the-phantom-creeps-1939
Rene Clair's - And Then There Were None,1945,publicdomainmovie.net,attwn994545112,97,ADICIONADO,ok,and-then-there-were-none-1945
Killers From Space,1954,publicdomainmovie.net,KillersFromSpace,70.9,ADICIONADO,ok,killers-from-space-1954
The Amazing Adventure,1936,publicdomainmovie.net,amazing_adventure,61.9,ADICIONADO,ok,the-amazing-quest-of-ernest-bliss-1936
Farewell to Arms,1932,publicdomainmovie.net,farewell_to_arms_ipod,78.4,ADICIONADO,ok,a-farewell-to-arms-1932-b
Dishonored Lady,1947,publicdomainmovie.net,dishonored_lady,84,ADICIONADO,ok,dishonored-lady-1947
Child Bride,1938,publicdomainmovie.net,ChildBride,62,ADICIONADO,ok,child-bride-1938
Star Wreck: In the Pirkining,2005,publicdomainmovie.net,StarWreckInThePirkining,103.5,ADICIONADO,ok,star-wreck-in-the-pirkinning-2005
Girl o' My Dreams,1934,publicdomainmovie.net,girl_o_my_dreams,62.8,ADICIONADO,ok,girl-o-my-dreams-1934
Angel on My Shoulder,1946,publicdomainmovie.net,angelOnMyShoulder,89.9,ADICIONADO,ok,angel-on-my-shoulder-1946
The Saint Louis Bank Robbery,1959,publicdomainmovie.net,Saint_Louis_Bank_Robbery,88.8,ADICIONADO,ok (sinopse genérica),the-st-louis-bank-robbery-1959
Call of the Yukon,1938,publicdomainmovie.net,call_of_the_yukon,66.5,ADICIONADO,ok,call-of-the-yukon-1938
Beneath the 12-Mile Reef,1953,publicdomainmovie.net,beneath_the_12-mile_reef,100.6,DESCARTADO,"estúdio grande (20th Century Fox) — provavelmente ainda sob copyright, não é domínio público",
A Man Betrayed,1936,publicdomainmovie.net,ManBetrayed36,52.8,ADICIONADO,ok,a-man-betrayed-1936
The Wonderful Wizard of Oz,1910,publicdomainmovie.net,The_Wonderful_Wizard_of_Oz,13.4,ADICIONADO,ok (revisado: limiar de duração mínima corrigido de 40 para 2 min),the-wonderful-wizard-of-oz-1910
The Admiral Was A Lady,1950,publicdomainmovie.net,the-admiral-was-a-lady-1950-dvd-mkv,86.5,ADICIONADO,ok (sinopse genérica),the-admiral-was-a-lady-1950
Assignment Outer Space,1960,publicdomainmovie.net,AssignmentOuterSpace,72.7,ADICIONADO,ok,assignment-outer-space-1960
Attack From Space,1959,publicdomainmovie.net,Attack_From_Space,75.5,DESCARTADO,"duplicata do filme já presente no catálogo (""Attack from Space"", 1965, bulkMovies9.js) sob outro identifier/ano do archive.org",
Atom Age Vampire,1960,publicdomainmovie.net,AtomAgeVampire,86.2,ADICIONADO,ok,atom-age-vampire-1960
The Green Glove,1952,publicdomainmovie.net,the_green_glove,88.8,ADICIONADO,ok,the-green-glove-1952
Please Murder Me,1956,publicdomainmovie.net,please-murder-me-1956,74.7,ADICIONADO,ok,please-murder-me-1956
Last of the Mohicans,1920,publicdomainmovie.net,last_of_the_mohicans_1920,71.1,ADICIONADO,ok,the-last-of-the-mohicans-1920
"Big Trees, The",1952,publicdomainmovie.net,,,DESCARTADO,falha ao consultar/identifier inválido no archive.org (item não encontrado ou metadata corrompida),
The Man Who Cheated Himself,1951,publicdomainmovie.net,Man_Who_Cheated_Himself,98.8,ADICIONADO,ok,the-man-who-cheated-himself-1951
Inner Sanctum,1948,publicdomainmovie.net,inner_sanctum,57.6,ADICIONADO,ok (sinopse genérica),inner-sanctum-1948
The Goat,1921,publicdomainmovie.net,TheGoat,22.9,ADICIONADO,ok (revisado: limiar de duração mínima corrigido de 40 para 2 min),the-goat-1921
The General (complete & clearer),1926,publicdomainmovie.net,TheGeneralcompleteClearer1926SubEsp,78.7,DESCARTADO,"duplicata do filme já presente no catálogo (""The General"", bulkMovies.js) sob outro identifier do archive.org",
Young and Innocent (The Girl Was Young),1937,publicdomainmovie.net,,,DESCARTADO,falha ao consultar/identifier inválido no archive.org (item não encontrado ou metadata corrompida),
My Man Godfrey (1936),1936,publicdomainmovie.net,MyManGodfrey1936,94.8,ADICIONADO,ok,my-man-godfrey-1936
Lil' Abner,1940,publicdomainmovie.net,lil_abner,71.1,ADICIONADO,ok,lil-abner-1940
Africa Speaks,1930,publicdomainmovie.net,africa_speaks,50,ADICIONADO,ok,africa-speaks-1930
Police,1916,publicdomainmovie.net,vidpol,25.7,ADICIONADO,ok (revisado: limiar de duração mínima corrigido de 40 para 2 min),police-1916
The Big Combo,1955,publicdomainmovie.net,Big_Combo_1955,83.7,ADICIONADO,ok,the-big-combo-1955
The Blood Of Jesus,1941,publicdomainmovie.net,blood_of_jesus,56.7,ADICIONADO,ok,the-blood-of-jesus-1941
The Knockout,1914,publicdomainmovie.net,the-knockout-1914,24,ADICIONADO,ok (revisado: limiar de duração mínima corrigido de 40 para 2 min),the-knockout-1914
Under California Stars,1948,publicdomainmovie.net,under_california_stars,72.3,ADICIONADO,ok (sinopse genérica),under-california-stars-1948
Abe Lincoln of the Ninth Avenue,1939,publicdomainmovie.net,abe_lincoln_of_the_4th_ave,64.4,ADICIONADO,ok,abe-lincoln-of-the-ninth-avenue-1939
Phantom From Space,1953,publicdomainmovie.net,Phantom_From_Space,72.4,ADICIONADO,ok,phantom-from-space-1953
Jamaica Inn,1939,publicdomainmovie.net,Jamaica_Inn,98.8,ADICIONADO,ok,jamaica-inn-1939
Svengali,1931,publicdomainmovie.net,Svengali1931_201508,81.1,ADICIONADO,ok,svengali-1931
"Mr. Wong, Detective",1938,publicdomainmovie.net,wrongdetective4k,68.5,ADICIONADO,ok (sinopse genérica),mr-wong-detective-1938
Lady of Burlesque,1943,publicdomainmovie.net,LadyofBurlesque,90.2,ADICIONADO,ok,lady-of-burlesque-1943
Affairs of Cappy Ricks,1937,publicdomainmovie.net,affairs-of-cappy-ricks-1937,55.8,ADICIONADO,ok (sinopse genérica),affairs-of-cappy-ricks-1937
War Babies,1932,publicdomainmovie.net,WarBabies,9.2,ADICIONADO,ok (revisado: limiar de duração mínima corrigido de 40 para 2 min),war-babies-1932
"Arizona Kid, The",1939,publicdomainmovie.net,,,DESCARTADO,falha ao consultar/identifier inválido no archive.org (item não encontrado ou metadata corrompida),
Little Lord Fauntleroy,1936,publicdomainmovie.net,little_lord_fauntleroy,100.7,ADICIONADO,ok,little-lord-fauntleroy-1936
Bluebeard,1944,publicdomainmovie.net,Bluebeard,70.6,ADICIONADO,ok,bluebeard-1944
Three Came Home,1950,publicdomainmovie.net,Three_Came_Home,104.9,DESCARTADO,"estúdio grande (20th Century Fox) — provavelmente ainda sob copyright, não é domínio público",
Caught in a Caberet,1914,publicdomainmovie.net,caught-in-a-caberet-1914,15.8,ADICIONADO,ok (revisado: limiar de duração mínima corrigido de 40 para 2 min),caught-in-a-cabaret-1914
Bride of the Gorilla,1951,publicdomainmovie.net,bride_of_a_gorilla,56.5,ADICIONADO,ok,bride-of-the-gorilla-1951
Monstrosity AKA / The Atomic Brain,1964,publicdomainmovie.net,atomic_brain_1964,64.9,ADICIONADO,ok,monstrosity-1964
Black Dragons,1942,publicdomainmovie.net,BlackDragons,61.7,ADICIONADO,ok,black-dragons-1942
Fall of the House of Usher,1928,publicdomainmovie.net,TheFallOfTheHouseOfUsher1928,12.8,ADICIONADO,ok,the-fall-of-the-house-of-usher-1928
Attack from Space,1965,publicdomainmovie.net,AttackFromSpace_201510,75.5,ADICIONADO,ok,attack-from-space-1965
Killer Shrews,1959,publicdomainmovie.net,The_Killer_Shrews,68.9,ADICIONADO,ok,the-killer-shrews-1959
Dead Men Walk,1943,publicdomainmovie.net,DeadMenWalk,63.1,ADICIONADO,ok,dead-men-walk-1943
The Incredible Petrified World,1957,publicdomainmovie.net,TheIncrediblePetrifiedWorld,63.3,ADICIONADO,ok,the-incredible-petrified-world-1957
The Yesterday Machine,1963,publicdomainmovie.net,TheYesterdayMachine1963,78.5,ADICIONADO,ok,the-yesterday-machine-1963
"Mad Monster, The",1942,publicdomainmovie.net,,,DESCARTADO,falha ao consultar/identifier inválido no archive.org (item não encontrado ou metadata corrompida),
This Is Not a Test,1962,publicdomainmovie.net,ThisisNotaTest,72.2,ADICIONADO,ok,this-is-not-a-test-1962
Horrors of Spider Island,1962,publicdomainmovie.net,Horrors_of_Spider_Island,74.7,ADICIONADO,ok,horrors-of-spider-island-1962
One Body Too Many,1944,publicdomainmovie.net,One_Body_Too_Many,75.5,ADICIONADO,ok,one-body-too-many-1944
"Ape, The",1940,publicdomainmovie.net,,,DESCARTADO,falha ao consultar/identifier inválido no archive.org (item não encontrado ou metadata corrompida),
Horror Hotel,1960,publicdomainmovie.net,HorrorHotel1960,76.5,ADICIONADO,ok,horror-hotel-1960
Evil Brain From Outer Space,1964,publicdomainmovie.net,EvilBrainFromOuterSpace,78.2,ADICIONADO,ok,evil-brain-from-outer-space-1964
Bela Lugosi Meets a Brooklyn Gorilla,1952,publicdomainmovie.net,BelaLugosiMeetsaBrooklynGorilla,74.1,ADICIONADO,ok,bela-lugosi-meets-a-brooklyn-gorilla-1952
"Mysterious Mr. Wong, The",1934,publicdomainmovie.net,,,DESCARTADO,falha ao consultar/identifier inválido no archive.org (item não encontrado ou metadata corrompida),
"Monster Maker, The",1944,publicdomainmovie.net,,,DESCARTADO,falha ao consultar/identifier inválido no archive.org (item não encontrado ou metadata corrompida),
Eegah,1962,publicdomainmovie.net,Eegah,90.4,ADICIONADO,ok,eegah-1962
Boys of the City,1940,publicdomainmovie.net,boys_of_the_city,62.1,ADICIONADO,ok,boys-of-the-city-1940
Misbehaving Husbands,1940,publicdomainmovie.net,misbehaving_husbands,58.6,ADICIONADO,ok,misbehaving-husbands-1940
The Bashful Bachelor,1942,publicdomainmovie.net,the_bashful_bachelor,76.3,ADICIONADO,ok (sinopse genérica),the-bashful-bachelor-1942
Three Broadway Girls,1932,publicdomainmovie.net,Three_Broadway_Girls,78.6,ADICIONADO,ok,three-broadway-girls-1932
Bowery Blitzkrieg,1941,publicdomainmovie.net,bowery_blitzkrieg,62.9,ADICIONADO,ok,bowery-blitzkrieg-1941
Eternally Yours,1939,publicdomainmovie.net,EternallyYours,90.8,ADICIONADO,ok,eternally-yours-1939
Pool Sharks,1915,publicdomainmovie.net,pool_sharks,9.6,ADICIONADO,ok (revisado: limiar de duração mínima corrigido de 40 para 2 min),pool-sharks-1915
A Night in the Show,1915,publicdomainmovie.net,ANightintheShow,18.1,ADICIONADO,ok (revisado: limiar de duração mínima corrigido de 40 para 2 min),a-night-in-the-show-1915
Cruel Cruel Love,1914,publicdomainmovie.net,cruel-cruel-love-1914,9,ADICIONADO,ok (revisado: limiar de duração mínima corrigido de 40 para 2 min),cruel-cruel-love-1914
A Busy Day,1914,publicdomainmovie.net,a-busy-day-1914,6.1,ADICIONADO,ok (revisado: limiar de duração mínima corrigido de 40 para 2 min),a-busy-day-1914
Neath Brooklyn Bridge,1942,publicdomainmovie.net,neath_brooklyn_bridge,60.9,ADICIONADO,ok,neath-brooklyn-bridge-1942
"Parlor, Bedroom and Bath",1931,publicdomainmovie.net,ParlorBedroomandBath,72.5,DESCARTADO,"estúdio grande (MGM) — provavelmente ainda sob copyright, não é domínio público",
His New Job,1915,publicdomainmovie.net,silent-his-new-job,29,ADICIONADO,ok (revisado: limiar de duração mínima corrigido de 40 para 2 min),his-new-job-1915
The Paleface,1922,publicdomainmovie.net,ThePaleface,21.1,ADICIONADO,ok (revisado: limiar de duração mínima corrigido de 40 para 2 min),the-paleface-1922
College,1927,publicdomainmovie.net,college,64.7,ADICIONADO,ok,college-1927
A Film Johnnie,1914,publicdomainmovie.net,a-film-johnnie-1914,7.2,ADICIONADO,ok (revisado: limiar de duração mínima corrigido de 40 para 2 min),a-film-johnnie-1914
The Kid Auto Race in Venice,1914,publicdomainmovie.net,TheKidAutoRaceinVenice,6.4,DESCARTADO,"já existia no catálogo (mesmo título/filme: ""Kid Auto Races at Venice"", 1914 — cataloged sob outro identifier em bulkMovies5.js; verificado ao montar bulkMoviesN.js desta leva)",
"Laffing Gas"" aka Laughing Gas",1914,publicdomainmovie.net,,,DESCARTADO,falha ao consultar/identifier inválido no archive.org (item não encontrado ou metadata corrompida),
Speak Easily,1932,publicdomainmovie.net,speak-easily-1932,81.3,ADICIONADO,ok,speak-easily-1932
His Favorite Pasttime,1914,publicdomainmovie.net,his-favorite-pasttime-1914,13.4,ADICIONADO,ok (revisado: limiar de duração mínima corrigido de 40 para 2 min),his-favorite-pastime-1914
The Electric House,1922,publicdomainmovie.net,TheElectricHouse,20.5,ADICIONADO,ok (revisado: limiar de duração mínima corrigido de 40 para 2 min),the-electric-house-1922
Judge Priest,1934,publicdomainmovie.net,Judge_Priest,80.5,ADICIONADO,ok,judge-priest-1934
"The Landladys Pet"" aka The Star Boarder",1914,publicdomainmovie.net,,,DESCARTADO,falha ao consultar/identifier inválido no archive.org (item não encontrado ou metadata corrompida),
Twenty Minutes Of Love,1914,publicdomainmovie.net,twenty-minutes-of-love-1914,10,ADICIONADO,ok (revisado: limiar de duração mínima corrigido de 40 para 2 min),twenty-minutes-of-love-1914
Daydreams,1922,publicdomainmovie.net,Daydreams,18.1,ADICIONADO,ok (revisado: limiar de duração mínima corrigido de 40 para 2 min),daydreams-1922
Iron Mask,1952,publicdomainmovie.net,iron_mask_ipod,72.3,DESCARTADO,"duplicata: reedição sonora de 1952 do mesmo filme ""The Iron Mask"" (1929) já incluído nesta leva",
The Time of Your Life,1948,publicdomainmovie.net,TheTimeofyourLife,100.6,ADICIONADO,ok,the-time-of-your-life-1948
Doll Face,1945,publicdomainmovie.net,dollface,78.1,DESCARTADO,"estúdio grande (20th Century Fox) — provavelmente ainda sob copyright, não é domínio público",
Five Minutes to Live / AKA Door-to-Door Maniac,1961,publicdomainmovie.net,,,DESCARTADO,falha ao consultar/identifier inválido no archive.org (item não encontrado ou metadata corrompida),
The Second Woman,1951,publicdomainmovie.net,The_Second_Woman_,90.4,ADICIONADO,ok,the-second-woman-1951
The North Star,1943,publicdomainmovie.net,TheNorthStar,105.6,ADICIONADO,ok,the-north-star-1943
Whistle Stop,1946,publicdomainmovie.net,Whistle_Stop,84.3,ADICIONADO,ok,whistle-stop-1946
Women in the Night,1948,publicdomainmovie.net,witn4477852,92.1,ADICIONADO,ok,women-in-the-night-1948
"Angel and the Bad Man, The",1947,publicdomainmovie.net,,,DESCARTADO,falha ao consultar/identifier inválido no archive.org (item não encontrado ou metadata corrompida),
Beyond Tomorrow,1940,publicdomainmovie.net,Beyond_Tomorrow,83.9,ADICIONADO,ok,beyond-tomorrow-1940
Aerial Gunner,1943,publicdomainmovie.net,aerial_gunner,78.9,ADICIONADO,ok,aerial-gunner-1943
Marihuana,1936,publicdomainmovie.net,Marihuana-the_Devils_Weed,56.7,ADICIONADO,ok,marihuana-1936
My Love for Your (AKA Honeymoon in Bali),1939,publicdomainmovie.net,,,DESCARTADO,falha ao consultar/identifier inválido no archive.org (item não encontrado ou metadata corrompida),
"Stork Club, The",1945,publicdomainmovie.net,,,DESCARTADO,falha ao consultar/identifier inválido no archive.org (item não encontrado ou metadata corrompida),
The Limping Man,1953,publicdomainmovie.net,TheLimpingMan,75.7,ADICIONADO,ok,the-limping-man-1953
"Long Shot, The",1939,publicdomainmovie.net,,,DESCARTADO,falha ao consultar/identifier inválido no archive.org (item não encontrado ou metadata corrompida),
Paradise Isle,1937,publicdomainmovie.net,paradise_isle,70.4,ADICIONADO,ok,paradise-isle-1937
Barefoot Boy,1938,publicdomainmovie.net,barefoot_boy,59.9,ADICIONADO,ok,barefoot-boy-1938
Atlantic Flight,1937,publicdomainmovie.net,AtlanticFlight,59.3,ADICIONADO,ok,atlantic-flight-1937
Cause for Alarm!,1951,publicdomainmovie.net,cause_for_alarm,73.8,ADICIONADO,ok,cause-for-alarm-1951
The Big Cat,1949,publicdomainmovie.net,The_Big_Cat,77,ADICIONADO,ok,the-big-cat-1949
Danger Ahead,1935,publicdomainmovie.net,danger_ahead,58.9,ADICIONADO,ok,danger-ahead-1935
Lying Lips,1939,publicdomainmovie.net,lying_lips_ipod,68.3,ADICIONADO,ok,lying-lips-1939
Blood And Sand,1922,publicdomainmovie.net,blood_and_sand_digest,26.1,DESCARTADO,"versão resumida (""digest"") produzida para a TV (série ""Silents Please""), com narração e trilha adicionadas — não é o filme original completo, não usar",
A Romance of the Redwoods,1917,publicdomainmovie.net,ARomanceOfTheRedwoods,91,ADICIONADO,ok,a-romance-of-the-redwoods-1917
Popeye for President,1956,publicdomainmovie.net,Popeye_forPresident,6.2,ADICIONADO,ok,popeye-for-president-1956
Woody Woodpecker in Pantry Panic,1941,publicdomainmovie.net,woody_woodpecker_pantry_panic,6.9,ADICIONADO,ok,woody-woodpecker-in-pantry-panic-1941
Betty Boop: Minnie The Moocher,1932,publicdomainmovie.net,bb_minnie_the_moocher,7.8,ADICIONADO,ok,betty-boop-minnie-the-moocher-1932-b
Popeye the Sailor meets Sinbad the Sailor,1936,publicdomainmovie.net,Popeye_meetsSinbadtheSailor,16.1,ADICIONADO,ok,popeye-meets-sindbad-the-sailor-1936
Superman: The Mechanical Monsters,1941,publicdomainmovie.net,the-mechanical-monsters-1941,10.3,ADICIONADO,ok,superman-the-mechanical-monsters-1941
Patriotic Popeye,1957,publicdomainmovie.net,popeye_patriotic_popeye,6.1,ADICIONADO,ok,patriotic-popeye-1957
Betty Boop: Snow White,1933,publicdomainmovie.net,,,DESCARTADO,falha ao consultar/identifier inválido no archive.org (item não encontrado ou metadata corrompida),
Popeye: Cooking With Gags,1954,publicdomainmovie.net,Popeye_Cooking_With_Gags_1954,6.6,ADICIONADO,ok,popeye-cooking-with-gags-1954
Popeye: Assault and Flattery,1956,publicdomainmovie.net,Popeye_Assault_and_Flattery_1956,6.5,ADICIONADO,ok,popeye-assault-and-flattery-1956
Popeye: Taxi-Turvy,1954,publicdomainmovie.net,taxi-turvy,6.1,ADICIONADO,ok,popeye-taxi-turvy-1954
Popeye: Greek Mirthology,1954,publicdomainmovie.net,GreekMirthology1954,6.7,ADICIONADO,ok,popeye-greek-mirthology-1954
Superman: Electric Earthquake,1942,publicdomainmovie.net,electric-earthquake-1942,8.7,ADICIONADO,ok,superman-electric-earthquake-1942
Popeye: Gopher Spinach,1954,publicdomainmovie.net,Popeye_Gopher_Spinach_1954,6.5,ADICIONADO,ok,popeye-gopher-spinach-1954
Betty Boop And Grampy,1935,publicdomainmovie.net,bb_and_grampy,7,ADICIONADO,ok,betty-boop-and-grampy-1935
Popeye: Parlez Vous Woo,1956,publicdomainmovie.net,Popeye_Parlez_Vous_Woo_1956,6.2,ADICIONADO,ok,popeye-parlez-vous-woo-1956
Private Eye Popeye,1954,publicdomainmovie.net,popeye_private_eye_popeye,6.5,ADICIONADO,ok,private-eye-popeye-1954
Superman: Eleventh Hour,1942,publicdomainmovie.net,eleventh_hour,7.8,ADICIONADO,ok,superman-eleventh-hour-1942
Popeye The Sailor Man: Ancient Fistory,1952,publicdomainmovie.net,popeye_the_sailor_ancient_fantasy,6.8,ADICIONADO,ok,popeye-ancient-fistory-1952
Spree Lunch,1957,publicdomainmovie.net,spree_lunch,6.1,ADICIONADO,ok,spree-lunch-1957
Shuteye Popeye,1952,publicdomainmovie.net,shuteye_popeye,6.4,ADICIONADO,ok,shuteye-popeye-1952
Popeye: I Don't Scare,1956,publicdomainmovie.net,popeye_i_dont_scare,6.1,ADICIONADO,ok,popeye-i-dont-scare-1956
"Arctic Giant, The",1942,publicdomainmovie.net,arctic_giant_ipod,8.5,DESCARTADO,"duplicata do filme já presente no catálogo (""The Arctic Giant"", 1942, bulkMovies17.js) sob outro identifier do archive.org",
Tom and Jerry: Jolly Fish,1932,publicdomainmovie.net,,,DESCARTADO,falha ao consultar/identifier inválido no archive.org (item não encontrado ou metadata corrompida),
"Betty Boop: I'll Be Glad When You're Dead, You Rascal You",1932,publicdomainmovie.net,bb_ill_be_glad_when_youre_dead,7.2,ADICIONADO,ok,betty-boop-ill-be-glad-when-youre-dead-1932
Betty Boop: Bamboo Isle,1932,publicdomainmovie.net,bb_bamboo_isle,8.1,ADICIONADO,ok,betty-boop-bamboo-isle-1932
Betty Boop And The Little King,1936,publicdomainmovie.net,bb_and_the_little_king,6.2,ADICIONADO,ok,betty-boop-and-the-little-king-1936
Popeye: Fright To The Finish,1954,publicdomainmovie.net,popeye_fright_to_the_finish,6.4,ADICIONADO,ok,popeye-fright-to-the-finish-1954
Destruction Inc.,1942,publicdomainmovie.net,destruction_inc,8.3,ADICIONADO,ok,destruction-inc-1942
Little Swee' Pea,1936,publicdomainmovie.net,little_sweepea,7.1,ADICIONADO,ok,little-swee-pea-1936
Popeye the Sailor: Nearlyweds,1956,publicdomainmovie.net,Popeye_Nearlyweds,6.2,ADICIONADO,ok,popeye-nearlyweds-1956
Betty Boop's Big Boss,1933,publicdomainmovie.net,bb_big_boss,6.3,ADICIONADO,ok,betty-boops-big-boss-1933
"Haul in One, A",1956,publicdomainmovie.net,,,DESCARTADO,falha ao consultar/identifier inválido no archive.org (item não encontrado ou metadata corrompida),
Secret Agent,1943,publicdomainmovie.net,secret_agent,7.5,ADICIONADO,ok,secret-agent-1943-animacao
Betty Boop: The Old Man Of The Mountain,1933,publicdomainmovie.net,bb_old_man_of_the_mountain,6.9,ADICIONADO,ok,betty-boop-the-old-man-of-the-mountain-1933
Felix the Cat in Bold King Cole,1936,publicdomainmovie.net,,,DESCARTADO,falha ao consultar/identifier inválido no archive.org (item não encontrado ou metadata corrompida),
Popeye: The Paneless Window Washer,1937,publicdomainmovie.net,popeyepanelesswindowwasher,6.1,ADICIONADO,ok,popeye-the-paneless-window-washer-1937
Betty Boop: Betty in Blunderland,1933,publicdomainmovie.net,bb_betty_in_blunderland,6.6,ADICIONADO,ok,betty-boop-betty-in-blunderland-1934
Now You're Talking,1927,publicdomainmovie.net,now_youre_talking_1927,8.8,ADICIONADO,ok,now-youre-talking-1927
Santa's Surprise,1947,publicdomainmovie.net,SantasSuprise,7.8,ADICIONADO,ok,santas-surprise-1947
Popeye the Sailor Meets Aladdin and His Wonderful Lamp,1939,publicdomainmovie.net,,,DESCARTADO,falha ao consultar/identifier inválido no archive.org (item não encontrado ou metadata corrompida),
Tom and Jerry: Barnyard Bunk,1932,publicdomainmovie.net,,,DESCARTADO,falha ao consultar/identifier inválido no archive.org (item não encontrado ou metadata corrompida),
Popeye: Bride and Gloom,1954,publicdomainmovie.net,Popeye_BrideandGloom,6.3,ADICIONADO,ok,popeye-bride-and-gloom-1954
Betty Boop: Happy You And Merry Me,1936,publicdomainmovie.net,bb_happy_you,6.6,ADICIONADO,ok,betty-boop-happy-you-and-merry-me-1936
Baby Huey: Quack-A-Doodle-Doo,1950,publicdomainmovie.net,Baby_Huey_Quack-A-Doodle-Doo_1950,6.9,DESCARTADO,personagem com franquia/marca registrada ainda ativa e defendida comercialmente (Harvey Comics/DreamWorks) — risco jurídico mesmo que o curta específico tenha caído em domínio público por falta de renovação,
Showdown,1942,publicdomainmovie.net,showdown,8.2,ADICIONADO,ok,showdown-1942
Jack Frost,1934,publicdomainmovie.net,JackFrost_,8.5,ADICIONADO,ok,jack-frost-1934
Betty Boop: House Cleaning Blues,1937,publicdomainmovie.net,bb_house_cleaning_blues,6.2,ADICIONADO,ok,betty-boop-house-cleaning-blues-1937
Betty Boop: Musical Mountaineers,1939,publicdomainmovie.net,bb_musical_mountaineers,6.2,ADICIONADO,ok,betty-boop-musical-mountaineers-1939
"Mummy Strikes, The",1943,publicdomainmovie.net,,,DESCARTADO,falha ao consultar/identifier inválido no archive.org (item não encontrado ou metadata corrompida),
Popeye: Floor Flusher,1953,publicdomainmovie.net,Popeye_Floor_Flusher_1954,6.1,ADICIONADO,ok,popeye-floor-flusher-1954
Taxi-Turvy,1954,publicdomainmovie.net,taxi-turvy,6.1,ADICIONADO,ok,popeye-taxi-turvy-1954
NIGHT TIDE,1961,freemoviescinema.com,NightTide1961,85.2,ADICIONADO,ok,night-tide-1961
THE FAST AND THE FURIOUS,1955,freemoviescinema.com,The_Fast_and_the_Furious,18.9,ADICIONADO,ok (revisado: limiar de duração mínima corrigido de 40 para 2 min),the-fast-and-the-furious-1955
NAMAKURA GATANA,1917,freemoviescinema.com,,,DESCARTADO,falha ao consultar/identifier inválido no archive.org (item não encontrado ou metadata corrompida),
BERLIN: SYMPHONY OF A GREAT CITY,1928,freemoviescinema.com,berlin-symphony-of-a-great-city_1928,64.4,ADICIONADO,ok,berlin-symphony-of-a-great-city-1928
ALL QUIET ON THE WESTERN FRONT,1930,freemoviescinema.com,all-quiet-on-the-western-front-1930-film,133.4,ADICIONADO,ok,all-quiet-on-the-western-front-1930
SEVEN FOOTPRINTS TO SATAN,1929,freemoviescinema.com,seven-footprints-to-satan_1929,75.5,ADICIONADO,ok,seven-footprints-to-satan-1929
RAPSODIA SATANICA,1917,freemoviescinema.com,,,DESCARTADO,falha ao consultar/identifier inválido no archive.org (item não encontrado ou metadata corrompida),
L'INFERNO,1911,freemoviescinema.com,,,DESCARTADO,falha ao consultar/identifier inválido no archive.org (item não encontrado ou metadata corrompida),
THE LAST OF THE MOHICANS,1936,freemoviescinema.com,last-of-the-mohicans-1936-colorized,91.4,ADICIONADO,ok (sinopse genérica),the-last-of-the-mohicans-1936
THE FALL OF THE HOUSE OF USHER,1928,freemoviescinema.com,TheFallOfTheHouseOfUsher1928,12.8,ADICIONADO,ok,the-fall-of-the-house-of-usher-1928
INTERNATIONAL CRIME,1938,freemoviescinema.com,international_crime,63.9,ADICIONADO,ok,international-crime-1938
THE ENEMY BELOW,1957,freemoviescinema.com,the-enemy-below-1957_202511,97.6,DESCARTADO,"estúdio grande (20th Century Fox) — provavelmente ainda sob copyright, não é domínio público",
ONE MILLION B.C.,1940,freemoviescinema.com,one.million.b.c.1940,80.5,ADICIONADO,ok,one-million-b-c-1940
ROBINSON CRUSOE,1902,freemoviescinema.com,Robinson.Crusoe,1.3,DESCARTADO,"duração incompatível (1.3 min) — provável trailer/clipe, não o filme completo",
THE HEROES OF TELEMARK,1965,freemoviescinema.com,,,DESCARTADO,falha ao consultar/identifier inválido no archive.org (item não encontrado ou metadata corrompida),
THE PASSION OF JOAN OF ARC,1928,freemoviescinema.com,the-passion-of-joan-of-arc_202511,81.5,ADICIONADO,ok,the-passion-of-joan-of-arc-1928
Hell Ship Mutiny,1957,emol.org,HELLSHIPMUTINY1957JRJonHallPeterLorreSaltytheChimp2,65.3,ADICIONADO,ok,hell-ship-mutiny-1957
La Ciociara (Two Women),1960,emol.org,,,DESCARTADO,falha ao consultar/identifier inválido no archive.org (item não encontrado ou metadata corrompida),
Love Island,1950,emol.org,love_island,61.7,ADICIONADO,ok,love-island-1950
Sword of Lancelot,1963,emol.org,cco_swordoflancelot,116.8,ADICIONADO,ok,sword-of-lancelot-1963
Ride Ranger Ride,1936,emol.org,ride_ranger_ride,53.1,ADICIONADO,ok,ride-ranger-ride-1936
Rim of the Canyon,1949,emol.org,RimOfCanyon,69.6,DESCARTADO,"estúdio grande (Columbia Pictures) — provavelmente ainda sob copyright, não é domínio público",
Heartbeat,1946,emol.org,heartbeat,100,ADICIONADO,ok,heartbeat-1946
Calendar Girl,1948,emol.org,calendar_girl,88,ADICIONADO,ok,calendar-girl-1947
Betty Boop for President,1932,emol.org,BettyBoopForPresident_629,6.5,ADICIONADO,ok,betty-boop-for-president-1932
Betty Boop: Chess Nuts,1932,emol.org,bb_chess_nuts,6.2,ADICIONADO,ok,betty-boop-chess-nuts-1932
Betty Boop's Rise to Fame,1934,emol.org,bb_rise_to_fame,8.8,ADICIONADO,ok,betty-boops-rise-to-fame-1934
Popeye's Pappy,1952,emol.org,,,DESCARTADO,falha ao consultar/identifier inválido no archive.org (item não encontrado ou metadata corrompida),
Shut Eye Popeye,1952,emol.org,,,DESCARTADO,falha ao consultar/identifier inválido no archive.org (item não encontrado ou metadata corrompida),
Popeye Out to Lunch,1956,emol.org,,,DESCARTADO,falha ao consultar/identifier inválido no archive.org (item não encontrado ou metadata corrompida),
Felix the Cat: All Puzzled,1924,emol.org,FelixTheCat-PaulWhitemanAndHisOrchestra,1.1,DESCARTADO,"duração incompatível (1.1 min) — provável trailer/clipe, não o filme completo",
Felix Doubles for Darwin,1924,emol.org,Felix_DoublesforDarwin_NoAudio,11.5,ADICIONADO,ok,felix-doubles-for-darwin-1924
Felix the Cat: Two Lip Time,1926,emol.org,CartoonFelixTheCat1926TwoLipTime,9.5,ADICIONADO,ok,felix-the-cat-two-lip-time-1926
Felix Lends A Hand,1922,emol.org,silent-felix-lends-a-hand,8.5,ADICIONADO,ok,felix-lends-a-hand-1922
Felix Gets Broadcasted,1923,emol.org,ptp_felix-gets-broadcast_otto-messmer_avi_xvid_768x576_179228,3.3,ADICIONADO,ok,felix-gets-broadcasted-1923
Felix in Fairyland,1923,emol.org,ptp_felix-in-fairyland_otto-messmer_avi_xvid_768x576_179231,9.2,ADICIONADO,ok,felix-in-fairyland-1923
Felix the Ghost Breaker,1922,emol.org,FelixTheCat-FelixTheGhostBreaker1923,6.5,ADICIONADO,ok,felix-the-ghost-breaker-1923
Felix in Hollywood,1923,emol.org,Felix_inHollywood_NoAudio,11.5,ADICIONADO,ok,felix-in-hollywood-1923
Felix the Cat: April Maze,1930,emol.org,FelixAprilMaze,9,ADICIONADO,ok,felix-the-cat-april-maze-1930
Woody Woodpecker: Pantry Panic,1941,emol.org,,,DESCARTADO,falha ao consultar/identifier inválido no archive.org (item não encontrado ou metadata corrompida),
Mighty Mouse: Wolf Wolf,1945,emol.org,mighty_mouse_wolf_wolf,6.2,ADICIONADO,ok,mighty-mouse-wolf-wolf-1945
Flat Tire,1929,emol.org,,,DESCARTADO,falha ao consultar/identifier inválido no archive.org (item não encontrado ou metadata corrompida),
Sherlock Holmes and the Voice of Terror,1942,archivewatch.org,sherlock-holmes-and-the-voice-of-terror-1942,65.5,ADICIONADO,ok,sherlock-holmes-and-the-voice-of-terror-1942
Sherlock Holmes in Washington,1943,archivewatch.org,shiw5344434,71.1,ADICIONADO,ok,sherlock-holmes-in-washington-1943
Sherlock Holmes Faces Death,1943,archivewatch.org,sherlock-holmes-faces-death,65.3,ADICIONADO,ok,sherlock-holmes-faces-death-1943
The Triumph of Sherlock Holmes,1935,archivewatch.org,The_Triumph_of_Sherlock_Holmes,78.7,ADICIONADO,ok,the-triumph-of-sherlock-holmes-1935
The Sign of Four,1932,archivewatch.org,The_Sign_OF_Four,72.7,ADICIONADO,ok,sherlock-holmes-the-sign-of-four-1932
Sherlock Holmes' Fatal Hour,1931,archivewatch.org,sherlock-holmes-fatal-hour-with-arthur-wontner-1931-1080p-hd-film,81.3,ADICIONADO,ok,sherlock-holmes-fatal-hour-1931
The Spider Woman,1943,archivewatch.org,the-spider-woman,59.6,ADICIONADO,ok,the-spider-woman-1943
The Scarlet Claw,1944,archivewatch.org,the-scarlet-claw,70.9,ADICIONADO,ok,the-scarlet-claw-1944
The Pearl of Death,1944,archivewatch.org,sherlock-holmes-and-the-pearl-of-death,65.8,ADICIONADO,ok,the-pearl-of-death-1944
The House of Fear,1945,archivewatch.org,the-house-of-fear,66.4,ADICIONADO,ok,the-house-of-fear-1945
Pursuit to Algiers,1945,archivewatch.org,pursuit-to-algiers,62.5,ADICIONADO,ok,pursuit-to-algiers-1945
Terror by Night,1946,archivewatch.org,TerrorByNight,58.2,ADICIONADO,ok,terror-by-night-1946
Charlie Chan in Shanghai,1935,archivewatch.org,charlie-chan-in-shanghai-1935,71,ADICIONADO,ok,charlie-chan-in-shanghai-1935
Charlie Chan in the Secret Service,1944,archivewatch.org,charlie-chan-in-the-secret-service-restored-colorized-1944-mystery-imdb-score-6.2,64.4,ADICIONADO,ok,charlie-chan-in-the-secret-service-1944
The Chinese Ring,1947,archivewatch.org,the-chinese-ring-1947-dvd-mkv,67.8,ADICIONADO,ok,the-chinese-ring-1947
The Bowery Boys Meet the Monsters,1954,archivewatch.org,the-bowery-boys-meet-the-monsters-1954,65.5,ADICIONADO,ok,the-bowery-boys-meet-the-monsters-1954
East Side Kids,1940,archivewatch.org,EastSideKids1940,60.1,ADICIONADO,ok,east-side-kids-1940
Dick Tracy,1945,archivewatch.org,DickTracy720p1937,61.1,ADICIONADO,ok,dick-tracy-1945
Dick Tracy vs. Cueball,1946,archivewatch.org,DickTracyvsCueball,62.4,ADICIONADO,ok,dick-tracy-vs-cueball-1946
Dick Tracy's Dilemma,1947,archivewatch.org,dick_tracys_dilemma,59.7,ADICIONADO,ok,dick-tracys-dilemma-1947
Dick Tracy Meets Gruesome,1947,archivewatch.org,Dick_Tracy_Meets_Gruesome_1947,65.3,ADICIONADO,ok,dick-tracy-meets-gruesome-1947
Gun Lords of Stirrup Basin,1937,archivewatch.org,gun-lords-of-stirrup-basin-1937,54.6,ADICIONADO,ok,gun-lords-of-stirrup-basin-1937
Last of the Warrens,1936,archivewatch.org,last_of_the_warrens,52.9,ADICIONADO,ok,last-of-the-warrens-1936
Robot Monster,1953,archivewatch.org,robot-monster-1953-colorized-movie-576p-sd,62.1,ADICIONADO,ok,robot-monster-1953
The Snow Creature,1954,archivewatch.org,TheSnowCreature,70.8,ADICIONADO,ok (sinopse genérica),the-snow-creature-1954
Missile to the Moon,1958,archivewatch.org,missile-to-the-moon-1958_202109,77.2,ADICIONADO,ok,missile-to-the-moon-1958
Trapped,1949,archivewatch.org,Trapped_,78.1,ADICIONADO,ok,trapped-1949
Railroaded!,1947,archivewatch.org,railroaded1947_202003,72.1,ADICIONADO,ok,railroaded-1947
Money Madness,1948,archivewatch.org,MoneyMadness,72.9,ADICIONADO,ok,money-madness-1948
Blonde Ice,1948,archivewatch.org,BlondeIce,74,ADICIONADO,ok,blonde-ice-1948
Moonrise,1948,archivewatch.org,moonrise-1948,90.7,ADICIONADO,ok,moonrise-1948
White Pongo,1945,archivewatch.org,WhitePongo,71.8,ADICIONADO,ok,white-pongo-1945
The Monster Maker,1944,archivewatch.org,The_Monster_Maker,62.3,ADICIONADO,ok,the-monster-maker-1944
The Mad Monster,1942,archivewatch.org,mad_monster,76.6,ADICIONADO,ok (sinopse genérica),the-mad-monster-1942
The Mummy's Ghost,1944,archivewatch.org,the-mummys-ghost,60.4,DESCARTADO,"estúdio grande (Universal Pictures) — franquia de terror ativamente protegida até hoje, não é domínio público",
The Mummy's Tomb,1942,archivewatch.org,the-mummy-s-tomb-1942,60.6,ADICIONADO,ok,the-mummys-tomb-1942
The Great Gabbo,1929,archivewatch.org,the-great-gabbo_1929,96.1,ADICIONADO,ok,the-great-gabbo-1929
The Phantom Broadcast,1933,archivewatch.org,ThePhantomBroadcast,71.6,ADICIONADO,ok,the-phantom-broadcast-1933
Alias Boston Blackie,1942,archivewatch.org,alias-boston-blackie,67.2,ADICIONADO,ok,alias-boston-blackie-1942
After Midnight with Boston Blackie,1943,archivewatch.org,after-midnight-with-boston-blackie-1943,64.5,ADICIONADO,ok,after-midnight-with-boston-blackie-1943
Confessions of Boston Blackie,1941,archivewatch.org,confessions-of-boston-blackie,65.2,ADICIONADO,ok,confessions-of-boston-blackie-1941
The Return of the Whistler,1948,archivewatch.org,the-return-of-the-whistler-1948,62.5,ADICIONADO,ok,the-return-of-the-whistler-1948
The Mark of the Whistler,1944,archivewatch.org,the-mark-of-the-whistler-1944_202507,61.7,ADICIONADO,ok,the-mark-of-the-whistler-1944
Voice of the Whistler,1945,archivewatch.org,voice-of-the-whistler-1945,59.8,ADICIONADO,ok,voice-of-the-whistler-1945
The Power of the Whistler,1945,archivewatch.org,the-power-of-the-whistler-1945,66.6,ADICIONADO,ok,the-power-of-the-whistler-1945
The Secret of the Whistler,1946,archivewatch.org,the-secret-of-the-whistle-.-1946,64.4,ADICIONADO,ok,the-secret-of-the-whistler-1946
King of the Zombies,1941,archivewatch.org,KingOfTheZombies,67.2,ADICIONADO,ok,king-of-the-zombies-1941
Voodoo Man,1944,archivewatch.org,voodoo-man-1944,62.3,ADICIONADO,ok,voodoo-man-1944
Spooks Run Wild,1941,archivewatch.org,spooks_run_wild,64.1,ADICIONADO,ok,spooks-run-wild-1941
Ghosts on the Loose,1943,archivewatch.org,GhostsontheLoose,64.7,ADICIONADO,ok,ghosts-on-the-loose-1943
Isle of the Dead,1945,archivewatch.org,isle-of-the-dead-1954,71.9,ADICIONADO,ok,isle-of-the-dead-1945
I Cover the Waterfront,1933,archivewatch.org,I_Cover_the_Waterfront,72.4,ADICIONADO,ok,i-cover-the-waterfront-1933
Waterfront Lady,1935,archivewatch.org,waterfront_lady,68.3,ADICIONADO,ok,waterfront-lady-1935
Mysterious Intruder,1946,archivewatch.org,mysterious-intruder-1946,61.9,ADICIONADO,ok,mysterious-intruder-1946
The Cat and the Canary,1927,archivewatch.org,catcanary-4-k,69.7,ADICIONADO,ok,the-cat-and-the-canary-1927
Waxworks,1924,archivewatch.org,abc_20231024,85.8,ADICIONADO,ok,waxworks-1924
The Man Who Laughs,1928,archivewatch.org,the-man-who-laughs-1928-w-720p,110.2,ADICIONADO,ok,the-man-who-laughs-1928
The Last Warning,1928,archivewatch.org,the.-last.-warning.-1928,78.3,ADICIONADO,ok,the-last-warning-1928
Warning Shadows,1923,archivewatch.org,warning-shadows-1923-restored-720p-hd,84.6,ADICIONADO,ok,warning-shadows-1923
The Student of Prague,1913,archivewatch.org,silent-the-student-of-prague,18.9,ADICIONADO,ok (revisado: limiar de duração mínima corrigido de 40 para 2 min),the-student-of-prague-1913
Billy the Kid Trapped,1942,archivewatch.org,Billy_the_Kid_-_Trapped,54.7,ADICIONADO,ok,billy-the-kid-trapped-1942
Billy the Kid in Santa Fe,1941,archivewatch.org,Billy_the_Kid_in_Santa_Fe_1941,63,ADICIONADO,ok,billy-the-kid-in-santa-fe-1941
Arizona Days,1937,archivewatch.org,Arizona_Days,41.5,ADICIONADO,ok,arizona-days-1937
Law of the West,1932,archivewatch.org,LawoftheWest,55,ADICIONADO,ok,law-of-the-west-1932
Valley Town,1940,archivewatch.org,,,DESCARTADO,falha ao consultar/identifier inválido no archive.org (item não encontrado ou metadata corrompida),
The True Glory,1945,archivewatch.org,TrueGlory1945,80.6,ADICIONADO,ok,the-true-glory-1945
The Battle of San Pietro,1945,archivewatch.org,battle_of_san_pietro,32.2,ADICIONADO,ok,the-battle-of-san-pietro-1945
Let There Be Light,1946,archivewatch.org,gov.ntis.ava04168vnb1,58.1,ADICIONADO,ok,let-there-be-light-1946
Why We Fight: Prelude to War,1941,archivewatch.org,gov.fdr.44,52.4,ADICIONADO,ok,why-we-fight-prelude-to-war-1942
Why We Fight: The Battle of Britain,1943,archivewatch.org,wwf_the_battle_of_britain,52.2,ADICIONADO,ok,why-we-fight-the-battle-of-britain-1943
Know Your Enemy: Japan,1945,archivewatch.org,KnowYourEnemyJapan,62.8,ADICIONADO,ok,know-your-enemy-japan-1945
Target for Tonight,1941,archivewatch.org,TargetForTonight,47.8,ADICIONADO,ok,target-for-tonight-1941
Listen to Britain,1942,archivewatch.org,gov.archives.arc.38651,19.6,ADICIONADO,ok (revisado: limiar de duração mínima corrigido de 40 para 2 min),listen-to-britain-1942
Angel on My Shoulder,,openculture.com,angel_on_my_shoulder,101.4,DESCARTADO,"duplicata do filme já presente no catálogo (""Angel on My Shoulder"", 1946, bulkMovies11.js) sob outro identifier do archive.org",
As You Like It,,openculture.com,AsYouLikeIt1936,96.4,DESCARTADO,"produtora (Inter-Allied Film Producers) controlada pela 20th Century Fox — estúdio grande, provavelmente ainda sob copyright, não é domínio público",
Cold Sweat,,openculture.com,cold_sweat.avi,93.3,ADICIONADO,ok (sinopse genérica),cold-sweat-1970
End of the World,,openculture.com,EndoftheWorld,86.2,ADICIONADO,ok (sinopse genérica),end-of-the-world-1977
Indiscreet,,openculture.com,Indiscreet,74.6,ADICIONADO,ok (sinopse genérica),indiscreet-1931
It Seemed Like a Good Idea at the Time,,openculture.com,ItSeemedLikeaGoodIdeaattheTimeMPEG2,89.3,DESCARTADO,"dúvida real: produção independente canadense de 1975 sem confirmação de domínio público encontrada, e fora da era de não renovação (renovação automática a partir de 1964)",
Jungle Book,,openculture.com,JungleBook,104.9,ADICIONADO,ok,the-jungle-book-1942
Pygmalion,,openculture.com,Pygmalion,95.1,ADICIONADO,ok (sinopse genérica),pygmalion-1938
¡Que viva México!,,openculture.com,QuevivaMexico,84.7,DESCARTADO,"direitos genuinamente disputados/incertos (produção Eisenstein/Upton Sinclair inacabada, múltiplas versões reeditadas por terceiros com reivindicações de autoria conflitantes)",
Scrooge,,openculture.com,Scrooge_1935,77.6,ADICIONADO,ok (sinopse genérica),scrooge-1935
Sex Madness,,openculture.com,sex_madness,52,ADICIONADO,ok (sinopse genérica),sex-madness-1938
Shame,,openculture.com,shame_,82,DESCARTADO,"dúvida real: não foi possível identificar com confiança qual filme ""Shame"" é (nenhuma correspondência de duração com os títulos conhecidos com esse nome)",
Strike,,openculture.com,Strike_323,94.4,ADICIONADO,ok (sinopse genérica),strike-1925
The Amazing Quest of Ernest Bliss,,openculture.com,amazing_adventure,61.9,ADICIONADO,ok,the-amazing-quest-of-ernest-bliss-1936
The Blue Angel,,openculture.com,theblueangel1930,100.2,ADICIONADO,ok (sinopse genérica),the-blue-angel-1930
The Contender,,openculture.com,the_contender_ipod,62.3,ADICIONADO,ok (sinopse genérica),the-contender-1944
The Divorce of Lady X,,openculture.com,Lady_X,90.7,ADICIONADO,ok (sinopse genérica),the-divorce-of-lady-x-1938
The Great Saint Louis Bank Robbery,,openculture.com,Saint_Louis_Bank_Robbery,88.8,DESCARTADO,"duplicata: mesmo archive_org_id (Saint_Louis_Bank_Robbery) do item ""The Saint Louis Bank Robbery"" já incluído nesta leva",
The Night of Counting the Years,,openculture.com,The_Night_of_Counting_the_Years,55.3,DESCARTADO,"dúvida real: restauração vinculada a instituição oficial (Egyptian Film Center) sugere titular de direitos ativo, apesar de listado como PD por agregadores",
The Painted Desert,,openculture.com,ThePaintedDesert1931ClarkGable,74.6,ADICIONADO,ok (sinopse genérica),the-painted-desert-1931
The Phantom Fiend,,openculture.com,ThePhantomFiend,62.5,ADICIONADO,ok (sinopse genérica),the-phantom-fiend-1932
The Scarlet Pimpernel,,openculture.com,TheScarletPimpernel,92.9,ADICIONADO,ok (sinopse genérica),the-scarlet-pimpernel-1934
The Taming of the Shrew,,openculture.com,TheTamingOfTheShrew,66.2,ADICIONADO,ok (sinopse genérica),the-taming-of-the-shrew-1929
The Wild Ride,,openculture.com,The-Wild-Ride,59.1,ADICIONADO,ok (sinopse genérica),the-wild-ride-1960
The Young Lovers,,openculture.com,TheYoungLovers,80.8,ADICIONADO,ok (sinopse genérica),the-young-lovers-1949
Utopia,,openculture.com,utopia,142,DESCARTADO,evidência de aplicação ativa de copyright (relatos de copyright strike no próprio archive.org) — catálogo Laurel & Hardy ainda vigiado por titular de direitos,
Virus,,openculture.com,cco_virus,103.1,ADICIONADO,ok (sinopse genérica),virus-1980
Voyage to the Planet of Prehistoric Women,,openculture.com,VoyagetothePlanetofPrehistoricWomen,79.6,ADICIONADO,ok (sinopse genérica),voyage-to-the-planet-of-prehistoric-women-1968
Behind Green Lights,,openculture.com,BehindGreenLights_high_Q_mp4,61.6,DESCARTADO,"estúdio grande (20th Century Fox) — provavelmente ainda sob copyright, não é domínio público",
Blonde Ice,,openculture.com,BlondeIce1948,74,DESCARTADO,"duplicata do filme já presente no catálogo (""Blonde Ice"", 1948, bulkMovies10.js) sob outro identifier do archive.org",
Bluebeard,,openculture.com,Bluebeard,70.6,ADICIONADO,ok,bluebeard-1944
Dick Tracy,,openculture.com,PhotosbyHaroldDickTracyAll15ChaptersCombined,276.2,ADICIONADO,ok (sinopse genérica),dick-tracy-1937-seriado
Dick Tracy Meets Gruesome,,openculture.com,dick_tracy_meets_gruesome,64.8,DESCARTADO,"duplicata do filme já presente no catálogo (""Dick Tracy Meets Gruesome"", 1947, bulkMovies8.js) sob outro identifier do archive.org",
Dressed to Kill,,openculture.com,dressed_to_kill,71.5,ADICIONADO,ok,dressed-to-kill-1946
Port of New York,,openculture.com,Port_of_New_York,80.8,ADICIONADO,ok (sinopse genérica),port-of-new-york-1949
Great Guy,,openculture.com,Great_Guy.avi,66.2,ADICIONADO,ok (sinopse genérica),great-guy-1936
Guest in the House,,openculture.com,GuestInTheHouse1944,96.6,ADICIONADO,ok (sinopse genérica),guest-in-the-house-1944
Horror Express,,openculture.com,horror_express_ipod,87.1,ADICIONADO,ok (sinopse genérica),horror-express-1972
Impact,,openculture.com,impact,109.6,ADICIONADO,ok,impact-1949
Jamaica Inn,,openculture.com,Jamaica_Inn,98.8,ADICIONADO,ok,jamaica-inn-1939
Judex,,openculture.com,Judex1963,93.4,DESCARTADO,"estúdio estrangeiro grande e ativo (Gaumont, com restauração licenciada recente pela Criterion/Masters of Cinema) — não é domínio público",
Please Murder Me,,openculture.com,Please_Murder_Me_movie,74.7,DESCARTADO,"duplicata do filme já presente no catálogo (""Please Murder Me"", 1956, bulkMovies11.js) sob outro identifier do archive.org",
Secret Agent,,openculture.com,Hitchcock_Secret_Agent,85.9,DESCARTADO,"catálogo Hitchcock/Gaumont British ainda sob direitos ativos segundo pesquisa especializada (brentonfilm.com), apesar de amplamente distribuído como PD por agregadores",
Shed No Tears,,openculture.com,Shed_No_Tears_1948,69,ADICIONADO,ok (sinopse genérica),shed-no-tears-1948
Shock,,openculture.com,shock,,DESCARTADO,falha ao consultar/identifier inválido no archive.org (item não encontrado ou metadata corrompida),
"Silent Night, Bloody Night",,openculture.com,SilentNightBloodyNight,85,ADICIONADO,ok (sinopse genérica),silent-night-bloody-night-1972
Swamp Women,,openculture.com,RC_SwampWomen,68.5,ADICIONADO,ok (sinopse genérica),swamp-women-1955
The Big Combo,,openculture.com,TheBigComboCornellWilde1955BOO,83.7,DESCARTADO,"duplicata do filme já presente no catálogo (""The Big Combo"", 1955, bulkMovies10.js) sob outro identifier do archive.org",
The Driller Killer,,openculture.com,DrillerKillerUncut1979,92,ADICIONADO,ok (sinopse genérica),the-driller-killer-1979
The File on Thelma Jordan,,openculture.com,TheFileonThelmaJordanBarbaraStanwyck1950ripHJXvid2,100,DESCARTADO,"estúdio grande (Paramount Pictures) — provavelmente ainda sob copyright, não é domínio público",
The Green Glove,,openculture.com,the_green_glove,88.8,ADICIONADO,ok,the-green-glove-1952
The Hoodlum,,openculture.com,The_Hoodlum,61.8,ADICIONADO,ok (sinopse genérica),the-hoodlum-1951
The House on Haunted Hill,,openculture.com,House_On_Haunted_Hill.avi,74.7,DESCARTADO,"duplicata do filme já presente no catálogo (""House on Haunted Hill"", 1959, bulkMovies.js) sob outro identifier do archive.org",
The Kennel Murder Case,,openculture.com,TheKennelMurderCase720p1933,73.1,DESCARTADO,"estúdio grande (Warner Bros) — provavelmente ainda sob copyright, não é domínio público",
The Limping Man,,openculture.com,TheLimpingMan,75.7,ADICIONADO,ok,the-limping-man-1953
The Second Woman,,openculture.com,The_Second_Woman_,90.4,ADICIONADO,ok,the-second-woman-1951
The Time of Your Life,,openculture.com,TheTimeofyourLife,100.6,ADICIONADO,ok,the-time-of-your-life-1948
Trapped,,openculture.com,Trapped_,78.1,ADICIONADO,ok,trapped-1949
Vampyr,,openculture.com,Vampyr_201612,72.9,DESCARTADO,"dúvida real: restauração (Cineteca di Bologna/Criterion) envolveu disputas de direitos entre distribuidoras, sem confirmação clara de status de domínio público",
Waltzes From Vienna,,openculture.com,Waltzes_from_Vienna,76.8,DESCARTADO,"catálogo Hitchcock/Gaumont British ainda sob direitos ativos segundo pesquisa especializada (brentonfilm.com), apesar de amplamente distribuído como PD por agregadores",
Whistle Stop,,openculture.com,Whistle_Stop,84.3,ADICIONADO,ok,whistle-stop-1946
Young and Innocent,,openculture.com,YoungandInnocentTheGirlWasYoung,82.1,DESCARTADO,"catálogo Hitchcock/Gaumont British ainda sob direitos ativos segundo pesquisa especializada (brentonfilm.com), apesar de amplamente distribuído como PD por agregadores",
Black Fist,,openculture.com,BlackFist,94.2,ADICIONADO,ok (sinopse genérica),black-fist-1975
Bruce Lee Fights Back From The Grave,,openculture.com,BruceLeeFightsBackFromTheGrave1976,84.4,DESCARTADO,"exploitation ""Bruceploitation"" dos anos 1970 com proveniência de direitos incerta",
Lady Whirlwind,,openculture.com,LADYWHIRLWIND1973_1,84.5,DESCARTADO,exploitation kung-fu de Hong Kong dos anos 1970 com proveniência de direitos incerta,
Ninja Death Trilogy,,openculture.com,NinjaDeathTrilogy,87.8,DESCARTADO,exploitation/compilação de artes marciais com proveniência de direitos incerta,
Shaolin Temple,,openculture.com,ShaolinTempleMPEG,86.9,DESCARTADO,"dúvida real: identidade ambígua entre versões de 1976 e 1982, ambas ligadas a titulares de direitos ativos (Shaw Brothers/Celestial Pictures ou China Film Group)",
Sister Streetfighter,,openculture.com,SisterStreetfighter1974,,DESCARTADO,falha ao consultar/identifier inválido no archive.org (item não encontrado ou metadata corrompida),
The Image of Bruce Lee,,openculture.com,ImageofBruceLee,88.6,DESCARTADO,"exploitation ""Bruceploitation"" dos anos 1970 com proveniência de direitos incerta",
TNT Jackson,,openculture.com,T.n.t.Jackson,71.4,DESCARTADO,exploitation kung-fu dos anos 1970 com proveniência de direitos incerta,
Frontier Horizon,,openculture.com,FrontierHorizon,54.8,ADICIONADO,ok (sinopse genérica),frontier-horizon-1939
Gone with the West,,openculture.com,GonewiththeWest,90.6,ADICIONADO,ok (sinopse genérica),gone-with-the-west-1975
One Eyed Jacks,,openculture.com,oneeyedjacks1961,72.6,DESCARTADO,"estúdio grande (Paramount Pictures) — provavelmente ainda sob copyright, não é domínio público",
Paradise Canyon,,openculture.com,ParadiseCanyon,53.1,ADICIONADO,ok (sinopse genérica),paradise-canyon-1935
Song of Arizona,,openculture.com,SongOfArizona,53.1,ADICIONADO,ok (sinopse genérica),song-of-arizona-1946
The American West of John Ford,,openculture.com,TheAmericanWestofJohnFord,51.4,DESCARTADO,"produção de rede de TV grande (CBS, 1971) — era de renovação automática de copyright (pós-1963), sem caminho plausível para domínio público",
The Desert Trail,,openculture.com,TheDesertTrail1935,54.4,DESCARTADO,"duplicata do filme já presente no catálogo (""The Desert Trail"", 1935, bulkMovies16.js) — mesmo archive_org_id",
The Lawless Frontier,,openculture.com,TheLawlessFontier,49.7,ADICIONADO,ok (sinopse genérica),the-lawless-frontier-1934
The Lucky Texan,,openculture.com,TheLuckyTexan,,DESCARTADO,falha ao consultar/identifier inválido no archive.org (item não encontrado ou metadata corrompida),
The San Antonio Kid,,openculture.com,TheSanAntonioKid-BillElliott1944,53.4,ADICIONADO,ok (sinopse genérica),the-san-antonio-kid-1944
The Trail Beyond,,openculture.com,TheTrailBeyond,54.8,DESCARTADO,"duplicata do filme já presente no catálogo (""The Trail Beyond"", 1934, bulkMovies16.js) sob outro identifier do archive.org",
The Young Land,,openculture.com,YoungLand,,DESCARTADO,falha ao consultar/identifier inválido no archive.org (item não encontrado ou metadata corrompida),
Two Fisted Law,,openculture.com,TwoFistedLawWithTimMccoyAndJohnWayne1932,56.9,DESCARTADO,"estúdio grande (Columbia Pictures) — provavelmente ainda sob copyright, não é domínio público",
War of the Wildcats,,openculture.com,WarOfTheWildcats-JohnWayne1943,97.7,ADICIONADO,ok (sinopse genérica),war-of-the-wildcats-1943
Der Golum,,openculture.com,TheGolem_893,9597467,DESCARTADO,"duplicata do filme já presente no catálogo (""The Golem"", 1920, bulkMovies.js) sob outro identifier do archive.org",
Don Quixote,,openculture.com,DonQuixote,55.3,DESCARTADO,"dúvida real: não foi possível identificar com confiança qual adaptação de ""Don Quixote"" e sua produtora",
Faust,,openculture.com,FaustF.W.MurnauSilentFilm,115.7,DESCARTADO,"duplicata do filme já presente no catálogo (""Faust"", 1926, bulkMovies.js) sob outro identifier do archive.org",
Menilmontant,1926,openculture.com,menilmontant1924-25,37.9,ADICIONADO,ok (revisado: limiar de duração mínima corrigido de 40 para 2 min),menilmontant-1926
The Last Laugh,,openculture.com,Der_letzte_Mann,51.4,ADICIONADO,ok (sinopse genérica),the-last-laugh-1924
She’s Nobody’s Baby: A History of American Women in the 20th Century,,openculture.com,shesnobodysbabyahistoryofamericanwomeninthe20thcenturyreel1,28.5,DESCARTADO,"ano real 1982 (não estava no metadata na checagem original) — acima do corte de domínio-público provável (1966), com apresentadores (Alan Alda, Marlo Thomas) provavelmente ainda sob direitos — precisa checagem jurídica antes de usar",
The Japanese Sword as the Soul of the Samurai,,openculture.com,thejapaneseswordasthesoulofthesamurai,23.5,DESCARTADO,"ano real 1969 (não estava no metadata na checagem original) — acima do corte de domínio-público provável (1966), narração de George Takei — precisa checagem jurídica antes de usar",
Vegetarian World,,openculture.com,vegeworld,28.9,DESCARTADO,"ano real 1982 (não estava no metadata na checagem original) — acima do corte de domínio-público provável (1966), apresentado por William Shatner — precisa checagem jurídica antes de usar",
The Star of Bethlehem,1956,openculture.com,reiniger_the_star_of_bethlehem,11.4,ADICIONADO,ok (revisado: limiar de duração mínima corrigido de 40 para 2 min),the-star-of-bethlehem-1956
A Hunting Accident,,openculture.com,,,DESCARTADO,"só disponível no YouTube (não usamos, ver decisão do usuário)",
A Star is Born,,openculture.com,,,DESCARTADO,"só disponível no YouTube (não usamos, ver decisão do usuário)",
Adventures of Robinson Crusoe,,openculture.com,,,DESCARTADO,"só disponível no YouTube (não usamos, ver decisão do usuário)",
Afonya,,openculture.com,,,DESCARTADO,"só disponível no YouTube (não usamos, ver decisão do usuário)",
Charade,,openculture.com,,,DESCARTADO,"só disponível no YouTube (não usamos, ver decisão do usuário)",
Enthusiasm,,openculture.com,,,DESCARTADO,"só disponível no YouTube (não usamos, ver decisão do usuário)",
Hell’s Angels,,openculture.com,,,DESCARTADO,"só disponível no YouTube (não usamos, ver decisão do usuário)",
Hercules,,openculture.com,,,DESCARTADO,"só disponível no YouTube (não usamos, ver decisão do usuário)",
Hometown in My Heart,,openculture.com,,,DESCARTADO,"só disponível no YouTube (não usamos, ver decisão do usuário)",
Killer Drill,,openculture.com,,,DESCARTADO,"só disponível no YouTube (não usamos, ver decisão do usuário)",
Love and Pigeons,,openculture.com,,,DESCARTADO,"só disponível no YouTube (não usamos, ver decisão do usuário)",
Mulberry,,openculture.com,,,DESCARTADO,"só disponível no YouTube (não usamos, ver decisão do usuário)",
Our Town,,openculture.com,,,DESCARTADO,"só disponível no YouTube (não usamos, ver decisão do usuário)",
Ruslan and Ludmila,,openculture.com,,,DESCARTADO,"só disponível no YouTube (não usamos, ver decisão do usuário)",
Secret Weapons,,openculture.com,,,DESCARTADO,"só disponível no YouTube (não usamos, ver decisão do usuário)",
Spider Baby,,openculture.com,,,DESCARTADO,"só disponível no YouTube (não usamos, ver decisão do usuário)",
Terror by Night,,openculture.com,,,DESCARTADO,"só disponível no YouTube (não usamos, ver decisão do usuário)",
The Dentist,,openculture.com,,,DESCARTADO,"só disponível no YouTube (não usamos, ver decisão do usuário)",
The Diamond Arm,,openculture.com,,,DESCARTADO,"só disponível no YouTube (não usamos, ver decisão do usuário)",
The Dove,,openculture.com,,,DESCARTADO,"só disponível no YouTube (não usamos, ver decisão do usuário)",
The Fast And The Furious,,openculture.com,,,DESCARTADO,"só disponível no YouTube (não usamos, ver decisão do usuário)",
The Flying Deuces,,openculture.com,,,DESCARTADO,"só disponível no YouTube (não usamos, ver decisão do usuário)",
The Jungle Book,,openculture.com,,,DESCARTADO,"só disponível no YouTube (não usamos, ver decisão do usuário)",
The Last Man on Earth,,openculture.com,,,DESCARTADO,"só disponível no YouTube (não usamos, ver decisão do usuário)",
The Woman in Green,,openculture.com,,,DESCARTADO,"só disponível no YouTube (não usamos, ver decisão do usuário)",
Uncle Vanya,,openculture.com,,,DESCARTADO,"só disponível no YouTube (não usamos, ver decisão do usuário)",
We Are Jazzmen,,openculture.com,,,DESCARTADO,"só disponível no YouTube (não usamos, ver decisão do usuário)",
White Tiger,,openculture.com,,,DESCARTADO,"só disponível no YouTube (não usamos, ver decisão do usuário)",
A Bucket of Blood,,openculture.com,,,DESCARTADO,"só disponível no YouTube (não usamos, ver decisão do usuário)",
A Life at Stake,,openculture.com,,,DESCARTADO,"só disponível no YouTube (não usamos, ver decisão do usuário)",
And Then There Were None,,openculture.com,,,DESCARTADO,"só disponível no YouTube (não usamos, ver decisão do usuário)",
Cause for Alarm!,,openculture.com,,,DESCARTADO,"só disponível no YouTube (não usamos, ver decisão do usuário)",
Invisible Ghost,,openculture.com,,,DESCARTADO,"só disponível no YouTube (não usamos, ver decisão do usuário)",
Jigsaw,,openculture.com,,,DESCARTADO,"só disponível no YouTube (não usamos, ver decisão do usuário)",
Lady in the Death House,,openculture.com,,,DESCARTADO,"só disponível no YouTube (não usamos, ver decisão do usuário)",
Seven Sinners,,openculture.com,,,DESCARTADO,"só disponível no YouTube (não usamos, ver decisão do usuário)",
The 39 Steps,,openculture.com,,,DESCARTADO,"só disponível no YouTube (não usamos, ver decisão do usuário)",
The Adventures of Sherlock Holmes,,openculture.com,,,DESCARTADO,"só disponível no YouTube (não usamos, ver decisão do usuário)",
The Man Who Cheated Himself,,openculture.com,,,DESCARTADO,"só disponível no YouTube (não usamos, ver decisão do usuário)",
The Thirteenth Guest,,openculture.com,,,DESCARTADO,"só disponível no YouTube (não usamos, ver decisão do usuário)",
Time Table,,openculture.com,,,DESCARTADO,"só disponível no YouTube (não usamos, ver decisão do usuário)",
Too Late for Tears,,openculture.com,,,DESCARTADO,"só disponível no YouTube (não usamos, ver decisão do usuário)",
Tormented,,openculture.com,,,DESCARTADO,"só disponível no YouTube (não usamos, ver decisão do usuário)",
Bruce Lee the Invincible,,openculture.com,,,DESCARTADO,"só disponível no YouTube (não usamos, ver decisão do usuário)",
Four Robbers,,openculture.com,,,DESCARTADO,"só disponível no YouTube (não usamos, ver decisão do usuário)",
Guy With Secret Kung Fu,,openculture.com,,,DESCARTADO,"só disponível no YouTube (não usamos, ver decisão do usuário)",
Heroes of Shaolin,,openculture.com,,,DESCARTADO,"só disponível no YouTube (não usamos, ver decisão do usuário)",
Legend of the Eight Samurai,,openculture.com,,,DESCARTADO,"só disponível no YouTube (não usamos, ver decisão do usuário)",
Master of the Flying Guillotine,,openculture.com,,,DESCARTADO,"só disponível no YouTube (não usamos, ver decisão do usuário)",
Return of Kung Fu Dragon,,openculture.com,,,DESCARTADO,"só disponível no YouTube (não usamos, ver decisão do usuário)",
Return of the Street Fighter,,openculture.com,,,DESCARTADO,"só disponível no YouTube (não usamos, ver decisão do usuário)",
Spirits of Bruce Lee,,openculture.com,,,DESCARTADO,"só disponível no YouTube (não usamos, ver decisão do usuário)",
The Big Fight,,openculture.com,,,DESCARTADO,"só disponível no YouTube (não usamos, ver decisão do usuário)",
The Real Bruce Lee,,openculture.com,,,DESCARTADO,"só disponível no YouTube (não usamos, ver decisão do usuário)",
The Street Fighter’s Last Revenge,,openculture.com,,,DESCARTADO,"só disponível no YouTube (não usamos, ver decisão do usuário)",
Angel and the Badman&nbsp;,,openculture.com,,,DESCARTADO,"só disponível no YouTube (não usamos, ver decisão do usuário)",
Blue Steel,,openculture.com,,,DESCARTADO,"só disponível no YouTube (não usamos, ver decisão do usuário)",
High Lonesome,,openculture.com,,,DESCARTADO,"só disponível no YouTube (não usamos, ver decisão do usuário)",
Joshua,,openculture.com,,,DESCARTADO,"só disponível no YouTube (não usamos, ver decisão do usuário)",
Law of the Rio Grande,,openculture.com,,,DESCARTADO,"só disponível no YouTube (não usamos, ver decisão do usuário)",
Rainbow Valley —&nbsp;,,openculture.com,,,DESCARTADO,"só disponível no YouTube (não usamos, ver decisão do usuário)",
Seven Alone,,openculture.com,,,DESCARTADO,"só disponível no YouTube (não usamos, ver decisão do usuário)",
The Outlaw,,openculture.com,,,DESCARTADO,"só disponível no YouTube (não usamos, ver decisão do usuário)",
Winds of the Wasteland,,openculture.com,,,DESCARTADO,"só disponível no YouTube (não usamos, ver decisão do usuário)",
A Burlesque On Carmen,,openculture.com,,,DESCARTADO,"só disponível no YouTube (não usamos, ver decisão do usuário)",
A Busy Day,,openculture.com,,,DESCARTADO,"só disponível no YouTube (não usamos, ver decisão do usuário)",
A Day’s Pleasure,,openculture.com,,,DESCARTADO,"só disponível no YouTube (não usamos, ver decisão do usuário)",
A Dog’s Life,,openculture.com,,,DESCARTADO,"só disponível no YouTube (não usamos, ver decisão do usuário)",
A Film Johnnie,,openculture.com,,,DESCARTADO,"só disponível no YouTube (não usamos, ver decisão do usuário)",
A Night in the Show,,openculture.com,,,DESCARTADO,"só disponível no YouTube (não usamos, ver decisão do usuário)",
A Woman,,openculture.com,,,DESCARTADO,"só disponível no YouTube (não usamos, ver decisão do usuário)",
Behind the Screen,,openculture.com,,,DESCARTADO,"só disponível no YouTube (não usamos, ver decisão do usuário)",
Between Showers&nbsp;,,openculture.com,,,DESCARTADO,"só disponível no YouTube (não usamos, ver decisão do usuário)",
Charlie Shanghaied,,openculture.com,,,DESCARTADO,"só disponível no YouTube (não usamos, ver decisão do usuário)",
Cinderella,,openculture.com,,,DESCARTADO,"só disponível no YouTube (não usamos, ver decisão do usuário)",
Easy Street,,openculture.com,,,DESCARTADO,"só disponível no YouTube (não usamos, ver decisão do usuário)",
Easy Virtue,,openculture.com,,,DESCARTADO,"só disponível no YouTube (não usamos, ver decisão do usuário)",
Greed,,openculture.com,,,DESCARTADO,"só disponível no YouTube (não usamos, ver decisão do usuário)",
Kid Auto Races at Venice,,openculture.com,,,DESCARTADO,"só disponível no YouTube (não usamos, ver decisão do usuário)",
Laughing Gas,,openculture.com,,,DESCARTADO,"só disponível no YouTube (não usamos, ver decisão do usuário)",
Making a Living,,openculture.com,,,DESCARTADO,"só disponível no YouTube (não usamos, ver decisão do usuário)",
Metropolis,,openculture.com,,,DESCARTADO,"só disponível no YouTube (não usamos, ver decisão do usuário)",
Nerves,,openculture.com,,,DESCARTADO,"só disponível no YouTube (não usamos, ver decisão do usuário)",
Sherlock Jr.,,openculture.com,,,DESCARTADO,"só disponível no YouTube (não usamos, ver decisão do usuário)",
The Fireman,,openculture.com,,,DESCARTADO,"só disponível no YouTube (não usamos, ver decisão do usuário)",
The Floorwalker,,openculture.com,,,DESCARTADO,"só disponível no YouTube (não usamos, ver decisão do usuário)",
The Freshman,,openculture.com,,,DESCARTADO,"só disponível no YouTube (não usamos, ver decisão do usuário)",
The Gold Rush,,openculture.com,,,DESCARTADO,"só disponível no YouTube (não usamos, ver decisão do usuário)",
The Immigrant,,openculture.com,,,DESCARTADO,"só disponível no YouTube (não usamos, ver decisão do usuário)",
The Pawnshop,,openculture.com,,,DESCARTADO,"só disponível no YouTube (não usamos, ver decisão do usuário)",
The Rink,,openculture.com,,,DESCARTADO,"só disponível no YouTube (não usamos, ver decisão do usuário)",
The Sealed Room,,openculture.com,,,DESCARTADO,"só disponível no YouTube (não usamos, ver decisão do usuário)",
The Story of the Kelly Gang,,openculture.com,,,DESCARTADO,"só disponível no YouTube (não usamos, ver decisão do usuário)",
The Ten Commandments,,openculture.com,,,DESCARTADO,"só disponível no YouTube (não usamos, ver decisão do usuário)",
The Tramp&nbsp;,,openculture.com,,,DESCARTADO,"só disponível no YouTube (não usamos, ver decisão do usuário)",
The Water Magician,,openculture.com,,,DESCARTADO,"só disponível no YouTube (não usamos, ver decisão do usuário)",
Three Songs About Lenin,,openculture.com,,,DESCARTADO,"só disponível no YouTube (não usamos, ver decisão do usuário)",
Albert Einstein: How I See the World,,openculture.com,,,DESCARTADO,"só disponível no YouTube (não usamos, ver decisão do usuário)",
Andy Warhol: The Complete Picture,,openculture.com,,,DESCARTADO,"só disponível no YouTube (não usamos, ver decisão do usuário)",
Bob Marley ‘Come A Long Way’,,openculture.com,,,DESCARTADO,"só disponível no YouTube (não usamos, ver decisão do usuário)",
Beat This!: A Hip-Hop History,,openculture.com,,,DESCARTADO,"só disponível no YouTube (não usamos, ver decisão do usuário)",
Blitzkrieg Bop,,openculture.com,,,DESCARTADO,"só disponível no YouTube (não usamos, ver decisão do usuário)",
"Brian Eno: The Man Who Fell To Earth, 1971–1977&nbsp;",,openculture.com,,,DESCARTADO,"só disponível no YouTube (não usamos, ver decisão do usuário)",
Buckminster Fuller: Thinking Out Loud,,openculture.com,,,DESCARTADO,"só disponível no YouTube (não usamos, ver decisão do usuário)",
Caravaggio,,openculture.com,,,DESCARTADO,"só disponível no YouTube (não usamos, ver decisão do usuário)",
"Confrontation: Paris, 1968",,openculture.com,,,DESCARTADO,"só disponível no YouTube (não usamos, ver decisão do usuário)",
David Bowie: Sound and Vision,,openculture.com,,,DESCARTADO,"só disponível no YouTube (não usamos, ver decisão do usuário)",
Degenerate Art,,openculture.com,,,DESCARTADO,"só disponível no YouTube (não usamos, ver decisão do usuário)",
Dorothea Lange Part 1: Under The Trees,,openculture.com,,,DESCARTADO,"só disponível no YouTube (não usamos, ver decisão do usuário)",
Dreams Are What We Wake Up From,,openculture.com,,,DESCARTADO,"só disponível no YouTube (não usamos, ver decisão do usuário)",
Fear and Loathing on the Road to Hollywood,,openculture.com,,,DESCARTADO,"só disponível no YouTube (não usamos, ver decisão do usuário)",
Frank Zappa,,openculture.com,,,DESCARTADO,"só disponível no YouTube (não usamos, ver decisão do usuário)",
Gauguin: Symbolism’s Problem Child,,openculture.com,,,DESCARTADO,"só disponível no YouTube (não usamos, ver decisão do usuário)",
George Eastman House: Picture Perfect&nbsp;,,openculture.com,,,DESCARTADO,"só disponível no YouTube (não usamos, ver decisão do usuário)",
Georges Bataille: À Perte de Vues,,openculture.com,,,DESCARTADO,"só disponível no YouTube (não usamos, ver decisão do usuário)",
History of the Leica Camera,,openculture.com,,,DESCARTADO,"só disponível no YouTube (não usamos, ver decisão do usuário)",
Iggy Pop and the Stooges,,openculture.com,,,DESCARTADO,"só disponível no YouTube (não usamos, ver decisão do usuário)",
John Peel’s Record Box,,openculture.com,,,DESCARTADO,"só disponível no YouTube (não usamos, ver decisão do usuário)",
Last Days at the Fillmore,,openculture.com,,,DESCARTADO,"só disponível no YouTube (não usamos, ver decisão do usuário)",
Life in a Day,,openculture.com,,,DESCARTADO,"só disponível no YouTube (não usamos, ver decisão do usuário)",
Paul Klee: The Silence of the Angel,,openculture.com,,,DESCARTADO,"só disponível no YouTube (não usamos, ver decisão do usuário)",
Poor Kids,,openculture.com,,,DESCARTADO,"só disponível no YouTube (não usamos, ver decisão do usuário)",
Road to the Stars,,openculture.com,,,DESCARTADO,"só disponível no YouTube (não usamos, ver decisão do usuário)",
Samurai Sword: Making of a Legend,,openculture.com,,,DESCARTADO,"só disponível no YouTube (não usamos, ver decisão do usuário)",
Saul Alinsky Went to War,,openculture.com,,,DESCARTADO,"só disponível no YouTube (não usamos, ver decisão do usuário)",
Sea of Faith,,openculture.com,,,DESCARTADO,"só disponível no YouTube (não usamos, ver decisão do usuário)",
Shenzhen: The Silicon Valley of Hardware,,openculture.com,,,DESCARTADO,"só disponível no YouTube (não usamos, ver decisão do usuário)",
Sun Ra: A Joyful Noise,,openculture.com,,,DESCARTADO,"só disponível no YouTube (não usamos, ver decisão do usuário)",
The Artist Formerly Known as Captain Beefheart,,openculture.com,,,DESCARTADO,"só disponível no YouTube (não usamos, ver decisão do usuário)",
The Boy Band Con: The Lou Pearlman Story,,openculture.com,,,DESCARTADO,"só disponível no YouTube (não usamos, ver decisão do usuário)",
The Love for Wood,,openculture.com,,,DESCARTADO,"só disponível no YouTube (não usamos, ver decisão do usuário)",
The Making of Koyaanisqatsi&nbsp;,,openculture.com,,,DESCARTADO,"só disponível no YouTube (não usamos, ver decisão do usuário)",
The Nomi Song,,openculture.com,,,DESCARTADO,"só disponível no YouTube (não usamos, ver decisão do usuário)",
The Power of Nightmares,,openculture.com,,,DESCARTADO,"só disponível no YouTube (não usamos, ver decisão do usuário)",
The Queen of Trees,,openculture.com,,,DESCARTADO,"só disponível no YouTube (não usamos, ver decisão do usuário)",
The Responsive Eye&nbsp;,,openculture.com,,,DESCARTADO,"só disponível no YouTube (não usamos, ver decisão do usuário)",
The World of Buckminster Fuller,,openculture.com,,,DESCARTADO,"só disponível no YouTube (não usamos, ver decisão do usuário)",
The Thinking Game,,openculture.com,,,DESCARTADO,"só disponível no YouTube (não usamos, ver decisão do usuário)",
The Way of the Flesh,,openculture.com,,,DESCARTADO,"só disponível no YouTube (não usamos, ver decisão do usuário)",
The Wrecking Crew,,openculture.com,,,DESCARTADO,"só disponível no YouTube (não usamos, ver decisão do usuário)",
There is No Authority But Yourself,,openculture.com,,,DESCARTADO,"só disponível no YouTube (não usamos, ver decisão do usuário)",
This is Marshall McLuhan: The Medium is the Message,,openculture.com,,,DESCARTADO,"só disponível no YouTube (não usamos, ver decisão do usuário)",
This is Ska,,openculture.com,,,DESCARTADO,"só disponível no YouTube (não usamos, ver decisão do usuário)",
Tokyo Girls,,openculture.com,,,DESCARTADO,"só disponível no YouTube (não usamos, ver decisão do usuário)",
UFOs: It Has Begun&nbsp;,,openculture.com,,,DESCARTADO,"só disponível no YouTube (não usamos, ver decisão do usuário)",
Victory at Sea,,openculture.com,,,DESCARTADO,"só disponível no YouTube (não usamos, ver decisão do usuário)",
Vietnam! Vietnam!&nbsp;,,openculture.com,,,DESCARTADO,"só disponível no YouTube (não usamos, ver decisão do usuário)",
Virginia Woolf: A Novelist,,openculture.com,,,DESCARTADO,"só disponível no YouTube (não usamos, ver decisão do usuário)",
Visit to Picasso&nbsp;,,openculture.com,,,DESCARTADO,"só disponível no YouTube (não usamos, ver decisão do usuário)",
Watching My Name Go By,,openculture.com,,,DESCARTADO,"só disponível no YouTube (não usamos, ver decisão do usuário)",
Who’s Afraid Of Machiavelli,,openculture.com,,,DESCARTADO,"só disponível no YouTube (não usamos, ver decisão do usuário)",
William S. Burroughs: 100 Years,,openculture.com,,,DESCARTADO,"só disponível no YouTube (não usamos, ver decisão do usuário)",
Wittgenstein: A Wonderful Life,,openculture.com,,,DESCARTADO,"só disponível no YouTube (não usamos, ver decisão do usuário)",
Woody Guthrie,,openculture.com,,,DESCARTADO,"só disponível no YouTube (não usamos, ver decisão do usuário)",
Malice in Wonderland,,openculture.com,,,DESCARTADO,"só disponível no YouTube (não usamos, ver decisão do usuário)",
Mathmagic Land,,openculture.com,,,DESCARTADO,"só disponível no YouTube (não usamos, ver decisão do usuário)",
Purl,,openculture.com,,,DESCARTADO,"só disponível no YouTube (não usamos, ver decisão do usuário)",
The Skeleton Dance,,openculture.com,,,DESCARTADO,"só disponível no YouTube (não usamos, ver decisão do usuário)",
Invasion of the Bee girls,1973,publicdomainmovie.net,InvasionOfTheBeeGirls,,DESCARTADO,ano acima do corte de domínio-público provável (1965) usado nesta rodada — não verificado; pode ser reavaliado manualmente numa próxima leva,
Horror Express,1973,publicdomainmovie.net,Horror_Express,,DESCARTADO,ano acima do corte de domínio-público provável (1965) usado nesta rodada — não verificado; pode ser reavaliado manualmente numa próxima leva,
Horror Express,1972,publicdomainmovie.net,HorrorExpress,,DESCARTADO,ano acima do corte de domínio-público provável (1965) usado nesta rodada — não verificado; pode ser reavaliado manualmente numa próxima leva,
Cosmos: War of the Planets,1977,publicdomainmovie.net,CosmosWarofthePlanets,,DESCARTADO,ano acima do corte de domínio-público provável (1965) usado nesta rodada — não verificado; pode ser reavaliado manualmente numa próxima leva,
Born to Win,1971,publicdomainmovie.net,BorntoWin,,DESCARTADO,ano acima do corte de domínio-público provável (1965) usado nesta rodada — não verificado; pode ser reavaliado manualmente numa próxima leva,
Driller Killer-Uncut,1979,publicdomainmovie.net,DrillerKiller1979,,DESCARTADO,ano acima do corte de domínio-público provável (1965) usado nesta rodada — não verificado; pode ser reavaliado manualmente numa próxima leva,
Night of the Living Dead iPod and Flash video versions,1968,publicdomainmovie.net,,,DESCARTADO,ano acima do corte de domínio-público provável (1965) usado nesta rodada — não verificado; pode ser reavaliado manualmente numa próxima leva,
Embryo,1976,publicdomainmovie.net,embryo-1976,,DESCARTADO,ano acima do corte de domínio-público provável (1965) usado nesta rodada — não verificado; pode ser reavaliado manualmente numa próxima leva,
"Silent Night, Bloody Night",1974,publicdomainmovie.net,SilentNightBloodyNight,,DESCARTADO,ano acima do corte de domínio-público provável (1965) usado nesta rodada — não verificado; pode ser reavaliado manualmente numa próxima leva,
Snowbeast,1977,publicdomainmovie.net,Snowbeast_436,,DESCARTADO,ano acima do corte de domínio-público provável (1965) usado nesta rodada — não verificado; pode ser reavaliado manualmente numa próxima leva,
Track of the Moon Beast,1976,publicdomainmovie.net,TrackoftheMoonBeast,,DESCARTADO,ano acima do corte de domínio-público provável (1965) usado nesta rodada — não verificado; pode ser reavaliado manualmente numa próxima leva,
Moon of the Wolf,1972,publicdomainmovie.net,MoonoftheWolf_,,DESCARTADO,ano acima do corte de domínio-público provável (1965) usado nesta rodada — não verificado; pode ser reavaliado manualmente numa próxima leva,
In the Year 2889,1967,publicdomainmovie.net,In_The_Year_2889,,DESCARTADO,ano acima do corte de domínio-público provável (1965) usado nesta rodada — não verificado; pode ser reavaliado manualmente numa próxima leva,
POMEGRANATE,2026,freemoviescinema.com,,,DESCARTADO,ano acima do corte de domínio-público provável (1965) usado nesta rodada — não verificado; pode ser reavaliado manualmente numa próxima leva,
BEYOND THE LAW,1968,freemoviescinema.com,beyond.-the.-law.-1968,,DESCARTADO,ano acima do corte de domínio-público provável (1965) usado nesta rodada — não verificado; pode ser reavaliado manualmente numa próxima leva,
KING OF KONG ISLAND,1968,freemoviescinema.com,,,DESCARTADO,ano acima do corte de domínio-público provável (1965) usado nesta rodada — não verificado; pode ser reavaliado manualmente numa próxima leva,
His Girl Friday iPod,1940,publicdomainmovie.net,his_girl_friday_ipod,,DESCARTADO,já existia no catálogo (mesmo título/identifier),
Kansas City Confidential (iPod),1952,publicdomainmovie.net,kansas-cc-4-k,,DESCARTADO,já existia no catálogo (mesmo título/identifier),
Billy the Kid Returns,1938,archivewatch.org,BillytheKidReturns,,DESCARTADO,já existia no catálogo (mesmo título/identifier),
How to Watch Hundreds of Free Movies on YouTube,,openculture.com,,,DESCARTADO,"não processado nesta rodada (link do openculture.com aponta para uma página de coleção/artigo, não para um filme específico já linkado ao archive.org — precisaria de busca individual)",
125 Korean Feature Films,,openculture.com,,,DESCARTADO,"não processado nesta rodada (link do openculture.com aponta para uma página de coleção/artigo, não para um filme específico já linkado ao archive.org — precisaria de busca individual)",
70 Movies in HD from Famed Russian Studio Mosfilm,,openculture.com,,,DESCARTADO,"não processado nesta rodada (link do openculture.com aponta para uma página de coleção/artigo, não para um filme específico já linkado ao archive.org — precisaria de busca individual)",
A Farewell to Arms,,openculture.com,,,DESCARTADO,"não processado nesta rodada (link do openculture.com aponta para uma página de coleção/artigo, não para um filme específico já linkado ao archive.org — precisaria de busca individual)",
A Song of Love,,openculture.com,,,DESCARTADO,"não processado nesta rodada (link do openculture.com aponta para uma página de coleção/artigo, não para um filme específico já linkado ao archive.org — precisaria de busca individual)",
Alexander Nevsky,,openculture.com,,,DESCARTADO,"não processado nesta rodada (link do openculture.com aponta para uma página de coleção/artigo, não para um filme específico já linkado ao archive.org — precisaria de busca individual)",
Andrei Rublev,,openculture.com,,,DESCARTADO,"não processado nesta rodada (link do openculture.com aponta para uma página de coleção/artigo, não para um filme específico já linkado ao archive.org — precisaria de busca individual)",
Anna Karenina,,openculture.com,,,DESCARTADO,"não processado nesta rodada (link do openculture.com aponta para uma página de coleção/artigo, não para um filme específico já linkado ao archive.org — precisaria de busca individual)",
Battleship Potemkin,,openculture.com,,,DESCARTADO,"não processado nesta rodada (link do openculture.com aponta para uma página de coleção/artigo, não para um filme específico já linkado ao archive.org — precisaria de busca individual)",
Blade Runner 2049 Prequels,,openculture.com,,,DESCARTADO,"não processado nesta rodada (link do openculture.com aponta para uma página de coleção/artigo, não para um filme específico já linkado ao archive.org — precisaria de busca individual)",
Castello Cavalcanti,,openculture.com,,,DESCARTADO,"não processado nesta rodada (link do openculture.com aponta para uma página de coleção/artigo, não para um filme específico já linkado ao archive.org — precisaria de busca individual)",
collective:unconscious,,openculture.com,,,DESCARTADO,"não processado nesta rodada (link do openculture.com aponta para uma página de coleção/artigo, não para um filme específico já linkado ao archive.org — precisaria de busca individual)",
Crash: The Short Film,,openculture.com,,,DESCARTADO,"não processado nesta rodada (link do openculture.com aponta para uma página de coleção/artigo, não para um filme específico já linkado ao archive.org — precisaria de busca individual)",
Darwin,,openculture.com,,,DESCARTADO,"não processado nesta rodada (link do openculture.com aponta para uma página de coleção/artigo, não para um filme específico já linkado ao archive.org — precisaria de busca individual)",
Détour,,openculture.com,,,DESCARTADO,"não processado nesta rodada (link do openculture.com aponta para uma página de coleção/artigo, não para um filme específico já linkado ao archive.org — precisaria de busca individual)",
Diary,,openculture.com,,,DESCARTADO,"não processado nesta rodada (link do openculture.com aponta para uma página de coleção/artigo, não para um filme específico já linkado ao archive.org — precisaria de busca individual)",
Dinner for One,,openculture.com,,,DESCARTADO,"não processado nesta rodada (link do openculture.com aponta para uma página de coleção/artigo, não para um filme específico já linkado ao archive.org — precisaria de busca individual)",
Doodlebug,,openculture.com,,,DESCARTADO,"não processado nesta rodada (link do openculture.com aponta para uma página de coleção/artigo, não para um filme específico já linkado ao archive.org — precisaria de busca individual)",
Double Take,,openculture.com,,,DESCARTADO,"não processado nesta rodada (link do openculture.com aponta para uma página de coleção/artigo, não para um filme específico já linkado ao archive.org — precisaria de busca individual)",
Dreams That Money Can Buy,,openculture.com,,,DESCARTADO,"não processado nesta rodada (link do openculture.com aponta para uma página de coleção/artigo, não para um filme específico já linkado ao archive.org — precisaria de busca individual)",
Duet for Cannibals,,openculture.com,,,DESCARTADO,"não processado nesta rodada (link do openculture.com aponta para uma página de coleção/artigo, não para um filme específico já linkado ao archive.org — precisaria de busca individual)",
"Eat, Sleep &amp; Kiss —&nbsp;",,openculture.com,,,DESCARTADO,"não processado nesta rodada (link do openculture.com aponta para uma página de coleção/artigo, não para um filme específico já linkado ao archive.org — precisaria de busca individual)",
Edgar Allan Poe’s the Raven,,openculture.com,,,DESCARTADO,"não processado nesta rodada (link do openculture.com aponta para uma página de coleção/artigo, não para um filme específico já linkado ao archive.org — precisaria de busca individual)",
Erotikon,,openculture.com,,,DESCARTADO,"não processado nesta rodada (link do openculture.com aponta para uma página de coleção/artigo, não para um filme específico já linkado ao archive.org — precisaria de busca individual)",
Fear and Desire —,,openculture.com,,,DESCARTADO,"não processado nesta rodada (link do openculture.com aponta para uma página de coleção/artigo, não para um filme específico já linkado ao archive.org — precisaria de busca individual)",
Fight for Your Right Revisited,,openculture.com,,,DESCARTADO,"não processado nesta rodada (link do openculture.com aponta para uma página de coleção/artigo, não para um filme específico já linkado ao archive.org — precisaria de busca individual)",
Five Minutes to Live,,openculture.com,,,DESCARTADO,"não processado nesta rodada (link do openculture.com aponta para uma página de coleção/artigo, não para um filme específico já linkado ao archive.org — precisaria de busca individual)",
Flamenco at 5:15,,openculture.com,,,DESCARTADO,"não processado nesta rodada (link do openculture.com aponta para uma página de coleção/artigo, não para um filme específico já linkado ao archive.org — precisaria de busca individual)",
From the Drain,,openculture.com,,,DESCARTADO,"não processado nesta rodada (link do openculture.com aponta para uma página de coleção/artigo, não para um filme específico já linkado ao archive.org — precisaria de busca individual)",
Geometria,,openculture.com,,,DESCARTADO,"não processado nesta rodada (link do openculture.com aponta para uma página de coleção/artigo, não para um filme específico já linkado ao archive.org — precisaria de busca individual)",
Hardware Wars,,openculture.com,,,DESCARTADO,"não processado nesta rodada (link do openculture.com aponta para uma página de coleção/artigo, não para um filme específico já linkado ao archive.org — precisaria de busca individual)",
Hell’s House,,openculture.com,,,DESCARTADO,"não processado nesta rodada (link do openculture.com aponta para uma página de coleção/artigo, não para um filme específico já linkado ao archive.org — precisaria de busca individual)",
Herbert White,,openculture.com,,,DESCARTADO,"não processado nesta rodada (link do openculture.com aponta para uma página de coleção/artigo, não para um filme específico já linkado ao archive.org — precisaria de busca individual)",
Hi Diddle Diddle,,openculture.com,,,DESCARTADO,"não processado nesta rodada (link do openculture.com aponta para uma página de coleção/artigo, não para um filme específico já linkado ao archive.org — precisaria de busca individual)",
His Girl Friday,,openculture.com,,,DESCARTADO,"não processado nesta rodada (link do openculture.com aponta para uma página de coleção/artigo, não para um filme específico já linkado ao archive.org — precisaria de busca individual)",
Human: The Movie,,openculture.com,,,DESCARTADO,"não processado nesta rodada (link do openculture.com aponta para uma página de coleção/artigo, não para um filme específico já linkado ao archive.org — precisaria de busca individual)",
I Thought I Told You to Shut Up,,openculture.com,,,DESCARTADO,"não processado nesta rodada (link do openculture.com aponta para uma página de coleção/artigo, não para um filme específico já linkado ao archive.org — precisaria de busca individual)",
Impressions de la haute Mongolie,,openculture.com,,,DESCARTADO,"não processado nesta rodada (link do openculture.com aponta para uma página de coleção/artigo, não para um filme específico já linkado ao archive.org — precisaria de busca individual)",
Ivan’s Childhood,,openculture.com,,,DESCARTADO,"não processado nesta rodada (link do openculture.com aponta para uma página de coleção/artigo, não para um filme específico já linkado ao archive.org — precisaria de busca individual)",
Ivan the Terrible,,openculture.com,,,DESCARTADO,"não processado nesta rodada (link do openculture.com aponta para uma página de coleção/artigo, não para um filme específico já linkado ao archive.org — precisaria de busca individual)",
J’attendrai le suivant,,openculture.com,,,DESCARTADO,"não processado nesta rodada (link do openculture.com aponta para uma página de coleção/artigo, não para um filme específico já linkado ao archive.org — precisaria de busca individual)",
La Dialectique Peut-Elle Casser Des Briques? (Can Dialectics Break Bricks?)&nbsp;,,openculture.com,,,DESCARTADO,"não processado nesta rodada (link do openculture.com aponta para uma página de coleção/artigo, não para um filme específico já linkado ao archive.org — precisaria de busca individual)",
La Femme 100 Tetes,,openculture.com,,,DESCARTADO,"não processado nesta rodada (link do openculture.com aponta para uma página de coleção/artigo, não para um filme específico já linkado ao archive.org — precisaria de busca individual)",
Lady Blue Shanghai,,openculture.com,,,DESCARTADO,"não processado nesta rodada (link do openculture.com aponta para uma página de coleção/artigo, não para um filme específico já linkado ao archive.org — precisaria de busca individual)",
Lick the Star,,openculture.com,,,DESCARTADO,"não processado nesta rodada (link do openculture.com aponta para uma página de coleção/artigo, não para um filme específico já linkado ao archive.org — precisaria de busca individual)",
Lumiere,,openculture.com,,,DESCARTADO,"não processado nesta rodada (link do openculture.com aponta para uma página de coleção/artigo, não para um filme específico já linkado ao archive.org — precisaria de busca individual)",
M,,openculture.com,,,DESCARTADO,"não processado nesta rodada (link do openculture.com aponta para uma página de coleção/artigo, não para um filme específico já linkado ao archive.org — precisaria de busca individual)",
Meet John Doe,,openculture.com,,,DESCARTADO,"não processado nesta rodada (link do openculture.com aponta para uma página de coleção/artigo, não para um filme específico já linkado ao archive.org — precisaria de busca individual)",
Meetin’ WA,,openculture.com,,,DESCARTADO,"não processado nesta rodada (link do openculture.com aponta para uma página de coleção/artigo, não para um filme específico já linkado ao archive.org — precisaria de busca individual)",
Menthe,,openculture.com,,,DESCARTADO,"não processado nesta rodada (link do openculture.com aponta para uma página de coleção/artigo, não para um filme específico já linkado ao archive.org — precisaria de busca individual)",
Meshes of the Afternoon,,openculture.com,,,DESCARTADO,"não processado nesta rodada (link do openculture.com aponta para uma página de coleção/artigo, não para um filme específico já linkado ao archive.org — precisaria de busca individual)",
Metamorfosis,,openculture.com,,,DESCARTADO,"não processado nesta rodada (link do openculture.com aponta para uma página de coleção/artigo, não para um filme específico já linkado ao archive.org — precisaria de busca individual)",
Mike Leigh’s Five Minute Films,,openculture.com,,,DESCARTADO,"não processado nesta rodada (link do openculture.com aponta para uma página de coleção/artigo, não para um filme específico já linkado ao archive.org — precisaria de busca individual)",
My Best Friend’s Birthday,,openculture.com,,,DESCARTADO,"não processado nesta rodada (link do openculture.com aponta para uma página de coleção/artigo, não para um filme específico já linkado ao archive.org — precisaria de busca individual)",
No Exit/Huis Close,,openculture.com,,,DESCARTADO,"não processado nesta rodada (link do openculture.com aponta para uma página de coleção/artigo, não para um filme específico já linkado ao archive.org — precisaria de busca individual)",
Plaisir d’amour en Iran,,openculture.com,,,DESCARTADO,"não processado nesta rodada (link do openculture.com aponta para uma página de coleção/artigo, não para um filme específico já linkado ao archive.org — precisaria de busca individual)",
Plan 9 from Outer Space,,openculture.com,,,DESCARTADO,"não processado nesta rodada (link do openculture.com aponta para uma página de coleção/artigo, não para um filme específico já linkado ao archive.org — precisaria de busca individual)",
Plastic Bag,,openculture.com,,,DESCARTADO,"não processado nesta rodada (link do openculture.com aponta para uma página de coleção/artigo, não para um filme específico já linkado ao archive.org — precisaria de busca individual)",
Rakka,,openculture.com,,,DESCARTADO,"não processado nesta rodada (link do openculture.com aponta para uma página de coleção/artigo, não para um filme específico já linkado ao archive.org — precisaria de busca individual)",
Reefer Madness,,openculture.com,,,DESCARTADO,"não processado nesta rodada (link do openculture.com aponta para uma página de coleção/artigo, não para um filme específico já linkado ao archive.org — precisaria de busca individual)",
Rembrandt,,openculture.com,,,DESCARTADO,"não processado nesta rodada (link do openculture.com aponta para uma página de coleção/artigo, não para um filme específico já linkado ao archive.org — precisaria de busca individual)",
Stalker,,openculture.com,,,DESCARTADO,"não processado nesta rodada (link do openculture.com aponta para uma página de coleção/artigo, não para um filme específico já linkado ao archive.org — precisaria de busca individual)",
Thanksgiving Prayer,,openculture.com,,,DESCARTADO,"não processado nesta rodada (link do openculture.com aponta para uma página de coleção/artigo, não para um filme específico já linkado ao archive.org — precisaria de busca individual)",
The Bigamist,,openculture.com,,,DESCARTADO,"não processado nesta rodada (link do openculture.com aponta para uma página de coleção/artigo, não para um filme específico já linkado ao archive.org — precisaria de busca individual)",
The Blood of a Poet,,openculture.com,,,DESCARTADO,"não processado nesta rodada (link do openculture.com aponta para uma página de coleção/artigo, não para um filme específico já linkado ao archive.org — precisaria de busca individual)",
The Cut Ups,,openculture.com,,,DESCARTADO,"não processado nesta rodada (link do openculture.com aponta para uma página de coleção/artigo, não para um filme específico já linkado ao archive.org — precisaria de busca individual)",
The Discipline of D.E.,,openculture.com,,,DESCARTADO,"não processado nesta rodada (link do openculture.com aponta para uma página de coleção/artigo, não para um filme específico já linkado ao archive.org — precisaria de busca individual)",
The Fall of the House of Usher,,openculture.com,,,DESCARTADO,"não processado nesta rodada (link do openculture.com aponta para uma página de coleção/artigo, não para um filme específico já linkado ao archive.org — precisaria de busca individual)",
The Hire,,openculture.com,,,DESCARTADO,"não processado nesta rodada (link do openculture.com aponta para uma página de coleção/artigo, não para um filme específico já linkado ao archive.org — precisaria de busca individual)",
The Jackie Robinson Story,,openculture.com,,,DESCARTADO,"não processado nesta rodada (link do openculture.com aponta para uma página de coleção/artigo, não para um filme específico já linkado ao archive.org — precisaria de busca individual)",
The Last Farm,,openculture.com,,,DESCARTADO,"não processado nesta rodada (link do openculture.com aponta para uma página de coleção/artigo, não para um filme específico já linkado ao archive.org — precisaria de busca individual)",
The Legend of Hallowdega,,openculture.com,,,DESCARTADO,"não processado nesta rodada (link do openculture.com aponta para uma página de coleção/artigo, não para um filme específico já linkado ao archive.org — precisaria de busca individual)",
The Little Shop of Horrors,,openculture.com,,,DESCARTADO,"não processado nesta rodada (link do openculture.com aponta para uma página de coleção/artigo, não para um filme específico já linkado ao archive.org — precisaria de busca individual)",
The Lunch Date,,openculture.com,,,DESCARTADO,"não processado nesta rodada (link do openculture.com aponta para uma página de coleção/artigo, não para um filme específico já linkado ao archive.org — precisaria de busca individual)",
The Metamorphosis – A Study: Nabokov on Kafka,,openculture.com,,,DESCARTADO,"não processado nesta rodada (link do openculture.com aponta para uma página de coleção/artigo, não para um filme específico já linkado ao archive.org — precisaria de busca individual)",
The Mirror,,openculture.com,,,DESCARTADO,"não processado nesta rodada (link do openculture.com aponta para uma página de coleção/artigo, não para um filme específico já linkado ao archive.org — precisaria de busca individual)",
The Orchid Gardener,,openculture.com,,,DESCARTADO,"não processado nesta rodada (link do openculture.com aponta para uma página de coleção/artigo, não para um filme específico já linkado ao archive.org — precisaria de busca individual)",
The Quest,,openculture.com,,,DESCARTADO,"não processado nesta rodada (link do openculture.com aponta para uma página de coleção/artigo, não para um filme específico já linkado ao archive.org — precisaria de busca individual)",
The Short Films of Louis CK,,openculture.com,,,DESCARTADO,"não processado nesta rodada (link do openculture.com aponta para uma página de coleção/artigo, não para um filme específico já linkado ao archive.org — precisaria de busca individual)",
The Stranger,,openculture.com,,,DESCARTADO,"não processado nesta rodada (link do openculture.com aponta para uma página de coleção/artigo, não para um filme específico já linkado ao archive.org — precisaria de busca individual)",
The World of Stainboy,,openculture.com,,,DESCARTADO,"não processado nesta rodada (link do openculture.com aponta para uma página de coleção/artigo, não para um filme específico já linkado ao archive.org — precisaria de busca individual)",
Things to Come,,openculture.com,,,DESCARTADO,"não processado nesta rodada (link do openculture.com aponta para uma página de coleção/artigo, não para um filme específico já linkado ao archive.org — precisaria de busca individual)",
Tuileries,,openculture.com,,,DESCARTADO,"não processado nesta rodada (link do openculture.com aponta para uma página de coleção/artigo, não para um filme específico já linkado ao archive.org — precisaria de busca individual)",
Two Men,,openculture.com,,,DESCARTADO,"não processado nesta rodada (link do openculture.com aponta para uma página de coleção/artigo, não para um filme específico já linkado ao archive.org — precisaria de busca individual)",
Vinyl,,openculture.com,,,DESCARTADO,"não processado nesta rodada (link do openculture.com aponta para uma página de coleção/artigo, não para um filme específico já linkado ao archive.org — precisaria de busca individual)",
Waiting for Godot,,openculture.com,,,DESCARTADO,"não processado nesta rodada (link do openculture.com aponta para uma página de coleção/artigo, não para um filme específico já linkado ao archive.org — precisaria de busca individual)",
War &amp; Peace,,openculture.com,,,DESCARTADO,"não processado nesta rodada (link do openculture.com aponta para uma página de coleção/artigo, não para um filme específico já linkado ao archive.org — precisaria de busca individual)",
Why Try to Escape from Which You Know You Can’t Escape from? Because You Are a Coward,,openculture.com,,,DESCARTADO,"não processado nesta rodada (link do openculture.com aponta para uma página de coleção/artigo, não para um filme específico já linkado ao archive.org — precisaria de busca individual)",
Beat the Devil,,openculture.com,,,DESCARTADO,"não processado nesta rodada (link do openculture.com aponta para uma página de coleção/artigo, não para um filme específico já linkado ao archive.org — precisaria de busca individual)",
Big Bluff,,openculture.com,,,DESCARTADO,"não processado nesta rodada (link do openculture.com aponta para uma página de coleção/artigo, não para um filme específico já linkado ao archive.org — precisaria de busca individual)",
Carnival of Souls,,openculture.com,,,DESCARTADO,"não processado nesta rodada (link do openculture.com aponta para uma página de coleção/artigo, não para um filme específico já linkado ao archive.org — precisaria de busca individual)",
Dementia 13,,openculture.com,,,DESCARTADO,"não processado nesta rodada (link do openculture.com aponta para uma página de coleção/artigo, não para um filme específico já linkado ao archive.org — precisaria de busca individual)",
Detour,,openculture.com,,,DESCARTADO,"não processado nesta rodada (link do openculture.com aponta para uma página de coleção/artigo, não para um filme específico já linkado ao archive.org — precisaria de busca individual)",
D.O.A.,,openculture.com,,,DESCARTADO,"não processado nesta rodada (link do openculture.com aponta para uma página de coleção/artigo, não para um filme específico já linkado ao archive.org — precisaria de busca individual)",
Kansas City Confidential,,openculture.com,,,DESCARTADO,"não processado nesta rodada (link do openculture.com aponta para uma página de coleção/artigo, não para um filme específico já linkado ao archive.org — precisaria de busca individual)",
Key Lime Pie,,openculture.com,,,DESCARTADO,"não processado nesta rodada (link do openculture.com aponta para uma página de coleção/artigo, não para um filme específico já linkado ao archive.org — precisaria de busca individual)",
Night of the Living Dead,,openculture.com,,,DESCARTADO,"não processado nesta rodada (link do openculture.com aponta para uma página de coleção/artigo, não para um filme específico já linkado ao archive.org — precisaria de busca individual)",
Pulgasari,,openculture.com,,,DESCARTADO,"não processado nesta rodada (link do openculture.com aponta para uma página de coleção/artigo, não para um filme específico já linkado ao archive.org — precisaria de busca individual)",
Scarlet Street,,openculture.com,,,DESCARTADO,"não processado nesta rodada (link do openculture.com aponta para uma página de coleção/artigo, não para um filme específico já linkado ao archive.org — precisaria de busca individual)",
Suddenly,,openculture.com,,,DESCARTADO,"não processado nesta rodada (link do openculture.com aponta para uma página de coleção/artigo, não para um filme específico já linkado ao archive.org — precisaria de busca individual)",
The Hitch-Hiker,,openculture.com,,,DESCARTADO,"não processado nesta rodada (link do openculture.com aponta para uma página de coleção/artigo, não para um filme específico já linkado ao archive.org — precisaria de busca individual)",
The Image,,openculture.com,,,DESCARTADO,"não processado nesta rodada (link do openculture.com aponta para uma página de coleção/artigo, não para um filme específico já linkado ao archive.org — precisaria de busca individual)",
The Intruder,,openculture.com,,,DESCARTADO,"não processado nesta rodada (link do openculture.com aponta para uma página de coleção/artigo, não para um filme específico já linkado ao archive.org — precisaria de busca individual)",
The Lodger: A Story of the London Fog,,openculture.com,,,DESCARTADO,"não processado nesta rodada (link do openculture.com aponta para uma página de coleção/artigo, não para um filme específico já linkado ao archive.org — precisaria de busca individual)",
The Strange Woman —&nbsp;,,openculture.com,,,DESCARTADO,"não processado nesta rodada (link do openculture.com aponta para uma página de coleção/artigo, não para um filme específico já linkado ao archive.org — precisaria de busca individual)",
The Terror,,openculture.com,,,DESCARTADO,"não processado nesta rodada (link do openculture.com aponta para uma página de coleção/artigo, não para um filme específico já linkado ao archive.org — precisaria de busca individual)",
The Street Fighter,,openculture.com,,,DESCARTADO,"não processado nesta rodada (link do openculture.com aponta para uma página de coleção/artigo, não para um filme específico já linkado ao archive.org — precisaria de busca individual)",
Death Rides a Horse,,openculture.com,,,DESCARTADO,"não processado nesta rodada (link do openculture.com aponta para uma página de coleção/artigo, não para um filme específico já linkado ao archive.org — precisaria de busca individual)",
Rawhide,,openculture.com,,,DESCARTADO,"não processado nesta rodada (link do openculture.com aponta para uma página de coleção/artigo, não para um filme específico já linkado ao archive.org — precisaria de busca individual)",
20 Buster Keaton Films,,openculture.com,,,DESCARTADO,"não processado nesta rodada (link do openculture.com aponta para uma página de coleção/artigo, não para um filme específico já linkado ao archive.org — precisaria de busca individual)",
60 Free Charlie Chaplin Films,,openculture.com,,,DESCARTADO,"não processado nesta rodada (link do openculture.com aponta para uma página de coleção/artigo, não para um filme específico já linkado ao archive.org — precisaria de busca individual)",
Abraham Lincoln&nbsp;—,,openculture.com,,,DESCARTADO,"não processado nesta rodada (link do openculture.com aponta para uma página de coleção/artigo, não para um filme específico já linkado ao archive.org — precisaria de busca individual)",
A Christmas Carol,,openculture.com,,,DESCARTADO,"não processado nesta rodada (link do openculture.com aponta para uma página de coleção/artigo, não para um filme específico já linkado ao archive.org — precisaria de busca individual)",
A Man with a Camera,,openculture.com,,,DESCARTADO,"não processado nesta rodada (link do openculture.com aponta para uma página de coleção/artigo, não para um filme específico já linkado ao archive.org — precisaria de busca individual)",
Aelita,,openculture.com,,,DESCARTADO,"não processado nesta rodada (link do openculture.com aponta para uma página de coleção/artigo, não para um filme específico já linkado ao archive.org — precisaria de busca individual)",
After the Ball,,openculture.com,,,DESCARTADO,"não processado nesta rodada (link do openculture.com aponta para uma página de coleção/artigo, não para um filme específico já linkado ao archive.org — precisaria de busca individual)",
Alice in Wonderland,,openculture.com,,,DESCARTADO,"não processado nesta rodada (link do openculture.com aponta para uma página de coleção/artigo, não para um filme específico já linkado ao archive.org — precisaria de busca individual)",
Anémic Cinéma,,openculture.com,,,DESCARTADO,"não processado nesta rodada (link do openculture.com aponta para uma página de coleção/artigo, não para um filme específico já linkado ao archive.org — precisaria de busca individual)",
Edgar Allan Poe,,openculture.com,,,DESCARTADO,"não processado nesta rodada (link do openculture.com aponta para uma página de coleção/artigo, não para um filme específico já linkado ao archive.org — precisaria de busca individual)",
Earth,,openculture.com,,,DESCARTADO,"não processado nesta rodada (link do openculture.com aponta para uma página de coleção/artigo, não para um filme específico já linkado ao archive.org — precisaria de busca individual)",
Emak-Bakia,,openculture.com,,,DESCARTADO,"não processado nesta rodada (link do openculture.com aponta para uma página de coleção/artigo, não para um filme específico já linkado ao archive.org — precisaria de busca individual)",
Entr’Acte,,openculture.com,,,DESCARTADO,"não processado nesta rodada (link do openculture.com aponta para uma página de coleção/artigo, não para um filme específico já linkado ao archive.org — precisaria de busca individual)",
Frankenstein —&nbsp;,,openculture.com,,,DESCARTADO,"não processado nesta rodada (link do openculture.com aponta para uma página de coleção/artigo, não para um filme específico já linkado ao archive.org — precisaria de busca individual)",
Hell W10,,openculture.com,,,DESCARTADO,"não processado nesta rodada (link do openculture.com aponta para uma página de coleção/artigo, não para um filme específico já linkado ao archive.org — precisaria de busca individual)",
La Souriante Madame Beudet,,openculture.com,,,DESCARTADO,"não processado nesta rodada (link do openculture.com aponta para uma página de coleção/artigo, não para um filme específico já linkado ao archive.org — precisaria de busca individual)",
L’Inferno,,openculture.com,,,DESCARTADO,"não processado nesta rodada (link do openculture.com aponta para uma página de coleção/artigo, não para um filme específico já linkado ao archive.org — precisaria de busca individual)",
L’Arrivée D’un Train En Gare De La Ciotat,,openculture.com,,,DESCARTADO,"não processado nesta rodada (link do openculture.com aponta para uma página de coleção/artigo, não para um filme específico já linkado ao archive.org — precisaria de busca individual)",
La Passion de Jeanne d’Arc,,openculture.com,,,DESCARTADO,"não processado nesta rodada (link do openculture.com aponta para uma página de coleção/artigo, não para um filme específico já linkado ao archive.org — precisaria de busca individual)",
Le Ballet Mécanique,,openculture.com,,,DESCARTADO,"não processado nesta rodada (link do openculture.com aponta para uma página de coleção/artigo, não para um filme específico já linkado ao archive.org — precisaria de busca individual)",
Le Retour à la Raison,,openculture.com,,,DESCARTADO,"não processado nesta rodada (link do openculture.com aponta para uma página de coleção/artigo, não para um filme específico já linkado ao archive.org — precisaria de busca individual)",
Lime Club Field Day,,openculture.com,,,DESCARTADO,"não processado nesta rodada (link do openculture.com aponta para uma página de coleção/artigo, não para um filme específico já linkado ao archive.org — precisaria de busca individual)",
Manhatta,,openculture.com,,,DESCARTADO,"não processado nesta rodada (link do openculture.com aponta para uma página de coleção/artigo, não para um filme específico já linkado ao archive.org — precisaria de busca individual)",
Nosferatu,,openculture.com,,,DESCARTADO,"não processado nesta rodada (link do openculture.com aponta para uma página de coleção/artigo, não para um filme específico já linkado ao archive.org — precisaria de busca individual)",
Safety Last,,openculture.com,,,DESCARTADO,"não processado nesta rodada (link do openculture.com aponta para uma página de coleção/artigo, não para um filme específico já linkado ao archive.org — precisaria de busca individual)",
The Avenging Conscience,,openculture.com,,,DESCARTADO,"não processado nesta rodada (link do openculture.com aponta para uma página de coleção/artigo, não para um filme específico já linkado ao archive.org — precisaria de busca individual)",
The Cabinet of Dr. Caligari,,openculture.com,,,DESCARTADO,"não processado nesta rodada (link do openculture.com aponta para uma página de coleção/artigo, não para um filme específico já linkado ao archive.org — precisaria de busca individual)",
The Death of Poor Joe,,openculture.com,,,DESCARTADO,"não processado nesta rodada (link do openculture.com aponta para uma página de coleção/artigo, não para um filme específico já linkado ao archive.org — precisaria de busca individual)",
The General,,openculture.com,,,DESCARTADO,"não processado nesta rodada (link do openculture.com aponta para uma página de coleção/artigo, não para um filme específico já linkado ao archive.org — precisaria de busca individual)",
The Golem: How He Came Into the World,,openculture.com,,,DESCARTADO,"não processado nesta rodada (link do openculture.com aponta para uma página de coleção/artigo, não para um filme específico já linkado ao archive.org — precisaria de busca individual)",
The Hunchback of Notre Dame,,openculture.com,,,DESCARTADO,"não processado nesta rodada (link do openculture.com aponta para uma página de coleção/artigo, não para um filme específico já linkado ao archive.org — precisaria de busca individual)",
The Impossible Voyage,,openculture.com,,,DESCARTADO,"não processado nesta rodada (link do openculture.com aponta para uma página de coleção/artigo, não para um filme específico já linkado ao archive.org — precisaria de busca individual)",
The Lady and the Hooligan,,openculture.com,,,DESCARTADO,"não processado nesta rodada (link do openculture.com aponta para uma página de coleção/artigo, não para um filme específico já linkado ao archive.org — precisaria de busca individual)",
The Seashell and the Clergyman,,openculture.com,,,DESCARTADO,"não processado nesta rodada (link do openculture.com aponta para uma página de coleção/artigo, não para um filme específico já linkado ao archive.org — precisaria de busca individual)",
The Smiling Madame Beudet,,openculture.com,,,DESCARTADO,"não processado nesta rodada (link do openculture.com aponta para uma página de coleção/artigo, não para um filme específico já linkado ao archive.org — precisaria de busca individual)",
The Student of Prague,,openculture.com,,,DESCARTADO,"não processado nesta rodada (link do openculture.com aponta para uma página de coleção/artigo, não para um filme específico já linkado ao archive.org — precisaria de busca individual)",
The Wizard of Oz,,openculture.com,,,DESCARTADO,"não processado nesta rodada (link do openculture.com aponta para uma página de coleção/artigo, não para um filme específico já linkado ao archive.org — precisaria de busca individual)",
Trip to the Moon / Le Voyage dans la lune,,openculture.com,,,DESCARTADO,"não processado nesta rodada (link do openculture.com aponta para uma página de coleção/artigo, não para um filme específico já linkado ao archive.org — precisaria de busca individual)",
Un Chien Andalou,,openculture.com,,,DESCARTADO,"não processado nesta rodada (link do openculture.com aponta para uma página de coleção/artigo, não para um filme específico já linkado ao archive.org — precisaria de busca individual)",
"3,000 Free Films from the National Film Board of Canada",,openculture.com,,,DESCARTADO,"não processado nesta rodada (link do openculture.com aponta para uma página de coleção/artigo, não para um filme específico já linkado ao archive.org — precisaria de busca individual)",
400 Free Documentaries from Deutsche Welle,,openculture.com,,,DESCARTADO,"não processado nesta rodada (link do openculture.com aponta para uma página de coleção/artigo, não para um filme específico já linkado ao archive.org — precisaria de busca individual)",
10 Years with Hayao Miyazaki,,openculture.com,,,DESCARTADO,"não processado nesta rodada (link do openculture.com aponta para uma página de coleção/artigo, não para um filme específico já linkado ao archive.org — precisaria de busca individual)",
15 Films by Designers Charles &amp; Ray Eames,,openculture.com,,,DESCARTADO,"não processado nesta rodada (link do openculture.com aponta para uma página de coleção/artigo, não para um filme específico já linkado ao archive.org — precisaria de busca individual)",
50 Architecture Documentaries,,openculture.com,,,DESCARTADO,"não processado nesta rodada (link do openculture.com aponta para uma página de coleção/artigo, não para um filme específico já linkado ao archive.org — precisaria de busca individual)",
A is for Architecture,,openculture.com,,,DESCARTADO,"não processado nesta rodada (link do openculture.com aponta para uma página de coleção/artigo, não para um filme específico já linkado ao archive.org — precisaria de busca individual)",
A Brief History of John Baldessari,,openculture.com,,,DESCARTADO,"não processado nesta rodada (link do openculture.com aponta para uma página de coleção/artigo, não para um filme específico já linkado ao archive.org — precisaria de busca individual)",
A Communications Primer,,openculture.com,,,DESCARTADO,"não processado nesta rodada (link do openculture.com aponta para uma página de coleção/artigo, não para um filme específico já linkado ao archive.org — precisaria de busca individual)",
A Land Without Bread,,openculture.com,,,DESCARTADO,"não processado nesta rodada (link do openculture.com aponta para uma página de coleção/artigo, não para um filme específico já linkado ao archive.org — precisaria de busca individual)",
A Man Among Men: Alberto Giacometti,,openculture.com,,,DESCARTADO,"não processado nesta rodada (link do openculture.com aponta para uma página de coleção/artigo, não para um filme específico já linkado ao archive.org — precisaria de busca individual)",
A Necessary Ruin: The Story of Buckminster Fuller and the Union Tank Car Dome,,openculture.com,,,DESCARTADO,"não processado nesta rodada (link do openculture.com aponta para uma página de coleção/artigo, não para um filme específico já linkado ao archive.org — precisaria de busca individual)",
Albert Camus: The Madness of Sincerity,,openculture.com,,,DESCARTADO,"não processado nesta rodada (link do openculture.com aponta para uma página de coleção/artigo, não para um filme específico já linkado ao archive.org — precisaria de busca individual)",
Andy Warhol and Roy Lichtenstein&nbsp;,,openculture.com,,,DESCARTADO,"não processado nesta rodada (link do openculture.com aponta para uma página de coleção/artigo, não para um filme específico já linkado ao archive.org — precisaria de busca individual)",
Alfred Stieglitz: The Eloquent Eye&nbsp;,,openculture.com,,,DESCARTADO,"não processado nesta rodada (link do openculture.com aponta para uma página de coleção/artigo, não para um filme específico já linkado ao archive.org — precisaria de busca individual)",
Ansel Adams: The Incisive Art,,openculture.com,,,DESCARTADO,"não processado nesta rodada (link do openculture.com aponta para uma página de coleção/artigo, não para um filme específico já linkado ao archive.org — precisaria de busca individual)",
At the Museum,,openculture.com,,,DESCARTADO,"não processado nesta rodada (link do openculture.com aponta para uma página de coleção/artigo, não para um filme específico já linkado ao archive.org — precisaria de busca individual)",
Badiou,,openculture.com,,,DESCARTADO,"não processado nesta rodada (link do openculture.com aponta para uma página de coleção/artigo, não para um filme específico já linkado ao archive.org — precisaria de busca individual)",
Bauhaus World,,openculture.com,,,DESCARTADO,"não processado nesta rodada (link do openculture.com aponta para uma página de coleção/artigo, não para um filme específico já linkado ao archive.org — precisaria de busca individual)",
Bed Peace&nbsp;,,openculture.com,,,DESCARTADO,"não processado nesta rodada (link do openculture.com aponta para uma página de coleção/artigo, não para um filme específico já linkado ao archive.org — precisaria de busca individual)",
Beautiful Equations,,openculture.com,,,DESCARTADO,"não processado nesta rodada (link do openculture.com aponta para uma página de coleção/artigo, não para um filme específico já linkado ao archive.org — precisaria de busca individual)",
Benoit Mandelbrot: Father of Fractals,,openculture.com,,,DESCARTADO,"não processado nesta rodada (link do openculture.com aponta para uma página de coleção/artigo, não para um filme específico já linkado ao archive.org — precisaria de busca individual)",
Black Coffee,,openculture.com,,,DESCARTADO,"não processado nesta rodada (link do openculture.com aponta para uma página de coleção/artigo, não para um filme específico já linkado ao archive.org — precisaria de busca individual)",
Bob Geldof: The Moment,,openculture.com,,,DESCARTADO,"não processado nesta rodada (link do openculture.com aponta para uma página de coleção/artigo, não para um filme específico já linkado ao archive.org — precisaria de busca individual)",
Bowling for Columbine,,openculture.com,,,DESCARTADO,"não processado nesta rodada (link do openculture.com aponta para uma página de coleção/artigo, não para um filme específico já linkado ao archive.org — precisaria de busca individual)",
Brussels Express&nbsp;,,openculture.com,,,DESCARTADO,"não processado nesta rodada (link do openculture.com aponta para uma página de coleção/artigo, não para um filme específico já linkado ao archive.org — precisaria de busca individual)",
"Chick Corea: Documentary of Legendary Jazz Great, Pianist and Composer",,openculture.com,,,DESCARTADO,"não processado nesta rodada (link do openculture.com aponta para uma página de coleção/artigo, não para um filme específico já linkado ao archive.org — precisaria de busca individual)",
City Symphonies,,openculture.com,,,DESCARTADO,"não processado nesta rodada (link do openculture.com aponta para uma página de coleção/artigo, não para um filme específico já linkado ao archive.org — precisaria de busca individual)",
Colette,,openculture.com,,,DESCARTADO,"não processado nesta rodada (link do openculture.com aponta para uma página de coleção/artigo, não para um filme específico já linkado ao archive.org — precisaria de busca individual)",
Creative Process: Norman McLaren,,openculture.com,,,DESCARTADO,"não processado nesta rodada (link do openculture.com aponta para uma página de coleção/artigo, não para um filme específico já linkado ao archive.org — precisaria de busca individual)",
Cry Baby: The Pedal That Rocks the World,,openculture.com,,,DESCARTADO,"não processado nesta rodada (link do openculture.com aponta para uma página de coleção/artigo, não para um filme específico já linkado ao archive.org — precisaria de busca individual)",
Cyberpunk,,openculture.com,,,DESCARTADO,"não processado nesta rodada (link do openculture.com aponta para uma página de coleção/artigo, não para um filme específico já linkado ao archive.org — precisaria de busca individual)",
David Bowie: The Story of Ziggy Stardust,,openculture.com,,,DESCARTADO,"não processado nesta rodada (link do openculture.com aponta para uma página de coleção/artigo, não para um filme específico já linkado ao archive.org — precisaria de busca individual)",
Day of the Dead,,openculture.com,,,DESCARTADO,"não processado nesta rodada (link do openculture.com aponta para uma página de coleção/artigo, não para um filme específico já linkado ao archive.org — precisaria de busca individual)",
Discovering Electronic Music: Revised,,openculture.com,,,DESCARTADO,"não processado nesta rodada (link do openculture.com aponta para uma página de coleção/artigo, não para um filme específico já linkado ao archive.org — precisaria de busca individual)",
Earthlings,,openculture.com,,,DESCARTADO,"não processado nesta rodada (link do openculture.com aponta para uma página de coleção/artigo, não para um filme específico já linkado ao archive.org — precisaria de busca individual)",
Eric Hobsbawm: The Consolations of History,,openculture.com,,,DESCARTADO,"não processado nesta rodada (link do openculture.com aponta para uma página de coleção/artigo, não para um filme específico já linkado ao archive.org — precisaria de busca individual)",
Europe After the Rain,,openculture.com,,,DESCARTADO,"não processado nesta rodada (link do openculture.com aponta para uma página de coleção/artigo, não para um filme específico já linkado ao archive.org — precisaria de busca individual)",
Everything1017: How David Byrne and Brian Eno Make Music Together,,openculture.com,,,DESCARTADO,"não processado nesta rodada (link do openculture.com aponta para uma página de coleção/artigo, não para um filme específico já linkado ao archive.org — precisaria de busca individual)",
Everything Is a Remix,,openculture.com,,,DESCARTADO,"não processado nesta rodada (link do openculture.com aponta para uma página de coleção/artigo, não para um filme específico já linkado ao archive.org — precisaria de busca individual)",
Eye of the Pangolin,,openculture.com,,,DESCARTADO,"não processado nesta rodada (link do openculture.com aponta para uma página de coleção/artigo, não para um filme específico já linkado ao archive.org — precisaria de busca individual)",
Fellini: A Director’s Notebook&nbsp;,,openculture.com,,,DESCARTADO,"não processado nesta rodada (link do openculture.com aponta para uma página de coleção/artigo, não para um filme específico já linkado ao archive.org — precisaria de busca individual)",
First Orbit&nbsp;,,openculture.com,,,DESCARTADO,"não processado nesta rodada (link do openculture.com aponta para uma página de coleção/artigo, não para um filme específico já linkado ao archive.org — precisaria de busca individual)",
First Person,,openculture.com,,,DESCARTADO,"não processado nesta rodada (link do openculture.com aponta para uma página de coleção/artigo, não para um filme específico já linkado ao archive.org — precisaria de busca individual)",
Founding Fathers,,openculture.com,,,DESCARTADO,"não processado nesta rodada (link do openculture.com aponta para uma página de coleção/artigo, não para um filme específico já linkado ao archive.org — precisaria de busca individual)",
Fractals: The Colors of Infinity&nbsp;,,openculture.com,,,DESCARTADO,"não processado nesta rodada (link do openculture.com aponta para uma página de coleção/artigo, não para um filme específico já linkado ao archive.org — precisaria de busca individual)",
Frames of Reference,,openculture.com,,,DESCARTADO,"não processado nesta rodada (link do openculture.com aponta para uma página de coleção/artigo, não para um filme específico já linkado ao archive.org — precisaria de busca individual)",
Georgia O’Keeffe: A Life in Art,,openculture.com,,,DESCARTADO,"não processado nesta rodada (link do openculture.com aponta para uma página de coleção/artigo, não para um filme específico já linkado ao archive.org — precisaria de busca individual)",
Giacometti,,openculture.com,,,DESCARTADO,"não processado nesta rodada (link do openculture.com aponta para uma página de coleção/artigo, não para um filme específico já linkado ao archive.org — precisaria de busca individual)",
Glass,,openculture.com,,,DESCARTADO,"não processado nesta rodada (link do openculture.com aponta para uma página de coleção/artigo, não para um filme específico já linkado ao archive.org — precisaria de busca individual)",
"Great Lakes, Bad Lines",,openculture.com,,,DESCARTADO,"não processado nesta rodada (link do openculture.com aponta para uma página de coleção/artigo, não para um filme específico já linkado ao archive.org — precisaria de busca individual)",
Heavy Metal Parking Lot,,openculture.com,,,DESCARTADO,"não processado nesta rodada (link do openculture.com aponta para uma página de coleção/artigo, não para um filme específico já linkado ao archive.org — precisaria de busca individual)",
Hollywood: A Celebration of the American Silent Film&nbsp;,,openculture.com,,,DESCARTADO,"não processado nesta rodada (link do openculture.com aponta para uma página de coleção/artigo, não para um filme específico já linkado ao archive.org — precisaria de busca individual)",
How Buildings Learn,,openculture.com,,,DESCARTADO,"não processado nesta rodada (link do openculture.com aponta para uma página de coleção/artigo, não para um filme específico já linkado ao archive.org — precisaria de busca individual)",
In a Brilliant Light: Van Gogh in Arles,,openculture.com,,,DESCARTADO,"não processado nesta rodada (link do openculture.com aponta para uma página de coleção/artigo, não para um filme específico já linkado ao archive.org — precisaria de busca individual)",
Inside the Rhapsody,,openculture.com,,,DESCARTADO,"não processado nesta rodada (link do openculture.com aponta para uma página de coleção/artigo, não para um filme específico já linkado ao archive.org — precisaria de busca individual)",
Jackson Pollock 51&nbsp;,,openculture.com,,,DESCARTADO,"não processado nesta rodada (link do openculture.com aponta para uma página de coleção/artigo, não para um filme específico já linkado ao archive.org — precisaria de busca individual)",
Jazz Hot,,openculture.com,,,DESCARTADO,"não processado nesta rodada (link do openculture.com aponta para uma página de coleção/artigo, não para um filme específico já linkado ao archive.org — precisaria de busca individual)",
Ladies and Gentlemen… Mr. Leonard Cohen&nbsp;,,openculture.com,,,DESCARTADO,"não processado nesta rodada (link do openculture.com aponta para uma página de coleção/artigo, não para um filme específico já linkado ao archive.org — precisaria de busca individual)",
Laughing and Not Being Normal,,openculture.com,,,DESCARTADO,"não processado nesta rodada (link do openculture.com aponta para uma página de coleção/artigo, não para um filme específico já linkado ao archive.org — precisaria de busca individual)",
Live at Pompeii,,openculture.com,,,DESCARTADO,"não processado nesta rodada (link do openculture.com aponta para uma página de coleção/artigo, não para um filme específico já linkado ao archive.org — precisaria de busca individual)",
Lost Kubrick: The Unfinished Films of Stanley Kubrick,,openculture.com,,,DESCARTADO,"não processado nesta rodada (link do openculture.com aponta para uma página de coleção/artigo, não para um filme específico já linkado ao archive.org — precisaria de busca individual)",
Lovecraft: Fear of the Unknown,,openculture.com,,,DESCARTADO,"não processado nesta rodada (link do openculture.com aponta para uma página de coleção/artigo, não para um filme específico já linkado ao archive.org — precisaria de busca individual)",
M.C. Escher: Adventures in Perception,,openculture.com,,,DESCARTADO,"não processado nesta rodada (link do openculture.com aponta para uma página de coleção/artigo, não para um filme específico já linkado ao archive.org — precisaria de busca individual)",
Marcel Duchamp: Iconoclaste et Inoxydable,,openculture.com,,,DESCARTADO,"não processado nesta rodada (link do openculture.com aponta para uma página de coleção/artigo, não para um filme específico já linkado ao archive.org — precisaria de busca individual)",
"Metamorphose: M.C. Escher, 1898–1972&nbsp;",,openculture.com,,,DESCARTADO,"não processado nesta rodada (link do openculture.com aponta para uma página de coleção/artigo, não para um filme específico já linkado ao archive.org — precisaria de busca individual)",
Nanook of the North,,openculture.com,,,DESCARTADO,"não processado nesta rodada (link do openculture.com aponta para uma página de coleção/artigo, não para um filme específico já linkado ao archive.org — precisaria de busca individual)",
Nazi VR,,openculture.com,,,DESCARTADO,"não processado nesta rodada (link do openculture.com aponta para uma página de coleção/artigo, não para um filme específico já linkado ao archive.org — precisaria de busca individual)",
Nico-Icon,,openculture.com,,,DESCARTADO,"não processado nesta rodada (link do openculture.com aponta para uma página de coleção/artigo, não para um filme específico já linkado ao archive.org — precisaria de busca individual)",
No Maps for These Territories,,openculture.com,,,DESCARTADO,"não processado nesta rodada (link do openculture.com aponta para uma página de coleção/artigo, não para um filme específico já linkado ao archive.org — precisaria de busca individual)",
One Way Street -,,openculture.com,,,DESCARTADO,"não processado nesta rodada (link do openculture.com aponta para uma página de coleção/artigo, não para um filme específico já linkado ao archive.org — precisaria de busca individual)",
Our Hobby is Depeche Mode,,openculture.com,,,DESCARTADO,"não processado nesta rodada (link do openculture.com aponta para uma página de coleção/artigo, não para um filme específico já linkado ao archive.org — precisaria de busca individual)",
"Pen, Brush and Camera",,openculture.com,,,DESCARTADO,"não processado nesta rodada (link do openculture.com aponta para uma página de coleção/artigo, não para um filme específico já linkado ao archive.org — precisaria de busca individual)",
Philosophy: A Guide to Happiness&nbsp;,,openculture.com,,,DESCARTADO,"não processado nesta rodada (link do openculture.com aponta para uma página de coleção/artigo, não para um filme específico já linkado ao archive.org — precisaria de busca individual)",
Pickin’ &amp; Trimmin’&nbsp;,,openculture.com,,,DESCARTADO,"não processado nesta rodada (link do openculture.com aponta para uma página de coleção/artigo, não para um filme específico já linkado ao archive.org — precisaria de busca individual)",
Plagues &amp; Pleasures on the Salton Sea,,openculture.com,,,DESCARTADO,"não processado nesta rodada (link do openculture.com aponta para uma página de coleção/artigo, não para um filme específico já linkado ao archive.org — precisaria de busca individual)",
Queen of Code,,openculture.com,,,DESCARTADO,"não processado nesta rodada (link do openculture.com aponta para uma página de coleção/artigo, não para um filme específico já linkado ao archive.org — precisaria de busca individual)",
Ray Bradbury: Story of a Writer —&nbsp;,,openculture.com,,,DESCARTADO,"não processado nesta rodada (link do openculture.com aponta para uma página de coleção/artigo, não para um filme específico já linkado ao archive.org — precisaria de busca individual)",
Requiem for the American Dream,,openculture.com,,,DESCARTADO,"não processado nesta rodada (link do openculture.com aponta para uma página de coleção/artigo, não para um filme específico já linkado ao archive.org — precisaria de busca individual)",
Rick Steves Europe,,openculture.com,,,DESCARTADO,"não processado nesta rodada (link do openculture.com aponta para uma página de coleção/artigo, não para um filme específico já linkado ao archive.org — precisaria de busca individual)",
Room to Dream: David Lynch and the Independent Filmmaker,,openculture.com,,,DESCARTADO,"não processado nesta rodada (link do openculture.com aponta para uma página de coleção/artigo, não para um filme específico já linkado ao archive.org — precisaria de busca individual)",
Sell &amp; Spin: A History of Advertising,,openculture.com,,,DESCARTADO,"não processado nesta rodada (link do openculture.com aponta para uma página de coleção/artigo, não para um filme específico já linkado ao archive.org — precisaria de busca individual)",
Shock of the New,,openculture.com,,,DESCARTADO,"não processado nesta rodada (link do openculture.com aponta para uma página de coleção/artigo, não para um filme específico já linkado ao archive.org — precisaria de busca individual)",
Sketches of Frank Gehry,,openculture.com,,,DESCARTADO,"não processado nesta rodada (link do openculture.com aponta para uma página de coleção/artigo, não para um filme específico já linkado ao archive.org — precisaria de busca individual)",
Some Yo Yo Stuff,,openculture.com,,,DESCARTADO,"não processado nesta rodada (link do openculture.com aponta para uma página de coleção/artigo, não para um filme específico já linkado ao archive.org — precisaria de busca individual)",
Stravinsky,,openculture.com,,,DESCARTADO,"não processado nesta rodada (link do openculture.com aponta para uma página de coleção/artigo, não para um filme específico já linkado ao archive.org — precisaria de busca individual)",
"Stress, Portrait of a Killer",,openculture.com,,,DESCARTADO,"não processado nesta rodada (link do openculture.com aponta para uma página de coleção/artigo, não para um filme específico já linkado ao archive.org — precisaria de busca individual)",
Symphony in Black: A Rhapsody of Negro Life,,openculture.com,,,DESCARTADO,"não processado nesta rodada (link do openculture.com aponta para uma página de coleção/artigo, não para um filme específico já linkado ao archive.org — precisaria de busca individual)",
That Far Corner: Frank Lloyd Wright in Los Angeles,,openculture.com,,,DESCARTADO,"não processado nesta rodada (link do openculture.com aponta para uma página de coleção/artigo, não para um filme específico já linkado ao archive.org — precisaria de busca individual)",
The ABCs of Dada,,openculture.com,,,DESCARTADO,"não processado nesta rodada (link do openculture.com aponta para uma página de coleção/artigo, não para um filme específico já linkado ao archive.org — precisaria de busca individual)",
The Batmobile,,openculture.com,,,DESCARTADO,"não processado nesta rodada (link do openculture.com aponta para uma página de coleção/artigo, não para um filme específico já linkado ao archive.org — precisaria de busca individual)",
The Church Of Saint Coltrane,,openculture.com,,,DESCARTADO,"não processado nesta rodada (link do openculture.com aponta para uma página de coleção/artigo, não para um filme específico já linkado ao archive.org — precisaria de busca individual)",
The Complete Star Wars Filmumentaries,,openculture.com,,,DESCARTADO,"não processado nesta rodada (link do openculture.com aponta para uma página de coleção/artigo, não para um filme específico já linkado ao archive.org — precisaria de busca individual)",
The Crazy Never Die,,openculture.com,,,DESCARTADO,"não processado nesta rodada (link do openculture.com aponta para uma página de coleção/artigo, não para um filme específico já linkado ao archive.org — precisaria de busca individual)",
The Distortion of Sound,,openculture.com,,,DESCARTADO,"não processado nesta rodada (link do openculture.com aponta para uma página de coleção/artigo, não para um filme específico já linkado ao archive.org — precisaria de busca individual)",
The Ductumentary,,openculture.com,,,DESCARTADO,"não processado nesta rodada (link do openculture.com aponta para uma página de coleção/artigo, não para um filme específico já linkado ao archive.org — precisaria de busca individual)",
The Einstein Theory of Relativity,,openculture.com,,,DESCARTADO,"não processado nesta rodada (link do openculture.com aponta para uma página de coleção/artigo, não para um filme específico já linkado ao archive.org — precisaria de busca individual)",
The Four Horsemen,,openculture.com,,,DESCARTADO,"não processado nesta rodada (link do openculture.com aponta para uma página de coleção/artigo, não para um filme específico já linkado ao archive.org — precisaria de busca individual)",
The Gift: The Journey of Johnny Cash,,openculture.com,,,DESCARTADO,"não processado nesta rodada (link do openculture.com aponta para uma página de coleção/artigo, não para um filme específico já linkado ao archive.org — precisaria de busca individual)",
The God Delusion,,openculture.com,,,DESCARTADO,"não processado nesta rodada (link do openculture.com aponta para uma página de coleção/artigo, não para um filme específico já linkado ao archive.org — precisaria de busca individual)",
The Godmother of Rock N Roll: Sister Rosetta Tharpe,,openculture.com,,,DESCARTADO,"não processado nesta rodada (link do openculture.com aponta para uma página de coleção/artigo, não para um filme específico já linkado ao archive.org — precisaria de busca individual)",
The Grateful Dead Movie,,openculture.com,,,DESCARTADO,"não processado nesta rodada (link do openculture.com aponta para uma página de coleção/artigo, não para um filme específico já linkado ao archive.org — precisaria de busca individual)",
The History of the Typewriter Recited by Michael Winslow,,openculture.com,,,DESCARTADO,"não processado nesta rodada (link do openculture.com aponta para uma página de coleção/artigo, não para um filme específico já linkado ao archive.org — precisaria de busca individual)",
The History of Iron Maiden,,openculture.com,,,DESCARTADO,"não processado nesta rodada (link do openculture.com aponta para uma página de coleção/artigo, não para um filme específico já linkado ao archive.org — precisaria de busca individual)",
The Hitch,,openculture.com,,,DESCARTADO,"não processado nesta rodada (link do openculture.com aponta para uma página de coleção/artigo, não para um filme específico já linkado ao archive.org — precisaria de busca individual)",
The Gilded Age,,openculture.com,,,DESCARTADO,"não processado nesta rodada (link do openculture.com aponta para uma página de coleção/artigo, não para um filme específico já linkado ao archive.org — precisaria de busca individual)",
The Joy of Stats,,openculture.com,,,DESCARTADO,"não processado nesta rodada (link do openculture.com aponta para uma página de coleção/artigo, não para um filme específico já linkado ao archive.org — precisaria de busca individual)",
The Land Where the Blues Began —&nbsp;,,openculture.com,,,DESCARTADO,"não processado nesta rodada (link do openculture.com aponta para uma página de coleção/artigo, não para um filme específico já linkado ao archive.org — precisaria de busca individual)",
The Last 48 Hours of Kurt Cobain,,openculture.com,,,DESCARTADO,"não processado nesta rodada (link do openculture.com aponta para uma página de coleção/artigo, não para um filme específico já linkado ao archive.org — precisaria de busca individual)",
The Magic Sun,,openculture.com,,,DESCARTADO,"não processado nesta rodada (link do openculture.com aponta para uma página de coleção/artigo, não para um filme específico já linkado ao archive.org — precisaria de busca individual)",
The Making of Dark Side of the Moon,,openculture.com,,,DESCARTADO,"não processado nesta rodada (link do openculture.com aponta para uma página de coleção/artigo, não para um filme específico já linkado ao archive.org — precisaria de busca individual)",
The Mystery of Picasso,,openculture.com,,,DESCARTADO,"não processado nesta rodada (link do openculture.com aponta para uma página de coleção/artigo, não para um filme específico já linkado ao archive.org — precisaria de busca individual)",
The New Cinema,,openculture.com,,,DESCARTADO,"não processado nesta rodada (link do openculture.com aponta para uma página de coleção/artigo, não para um filme específico já linkado ao archive.org — precisaria de busca individual)",
The Simulation Hypothesis,,openculture.com,,,DESCARTADO,"não processado nesta rodada (link do openculture.com aponta para uma página de coleção/artigo, não para um filme específico já linkado ao archive.org — precisaria de busca individual)",
The Story of Fascism,,openculture.com,,,DESCARTADO,"não processado nesta rodada (link do openculture.com aponta para uma página de coleção/artigo, não para um filme específico já linkado ao archive.org — precisaria de busca individual)",
The Space Shuttle&nbsp;,,openculture.com,,,DESCARTADO,"não processado nesta rodada (link do openculture.com aponta para uma página de coleção/artigo, não para um filme específico já linkado ao archive.org — precisaria de busca individual)",
The Strange Case of the Cosmic Rays,,openculture.com,,,DESCARTADO,"não processado nesta rodada (link do openculture.com aponta para uma página de coleção/artigo, não para um filme específico já linkado ao archive.org — precisaria de busca individual)",
The Tony Alva Story,,openculture.com,,,DESCARTADO,"não processado nesta rodada (link do openculture.com aponta para uma página de coleção/artigo, não para um filme específico já linkado ao archive.org — precisaria de busca individual)",
The Unchained Goddess,,openculture.com,,,DESCARTADO,"não processado nesta rodada (link do openculture.com aponta para uma página de coleção/artigo, não para um filme específico já linkado ao archive.org — precisaria de busca individual)",
The Universal Mind of Bill Evans&nbsp;,,openculture.com,,,DESCARTADO,"não processado nesta rodada (link do openculture.com aponta para uma página de coleção/artigo, não para um filme específico já linkado ao archive.org — precisaria de busca individual)",
The Weight of a Nation,,openculture.com,,,DESCARTADO,"não processado nesta rodada (link do openculture.com aponta para uma página de coleção/artigo, não para um filme específico já linkado ao archive.org — precisaria de busca individual)",
The World At War,,openculture.com,,,DESCARTADO,"não processado nesta rodada (link do openculture.com aponta para uma página de coleção/artigo, não para um filme específico já linkado ao archive.org — precisaria de busca individual)",
They Were There,,openculture.com,,,DESCARTADO,"não processado nesta rodada (link do openculture.com aponta para uma página de coleção/artigo, não para um filme específico já linkado ao archive.org — precisaria de busca individual)",
Thomas Pynchon: A Journey Into the Mind of P.,,openculture.com,,,DESCARTADO,"não processado nesta rodada (link do openculture.com aponta para uma página de coleção/artigo, não para um filme específico já linkado ao archive.org — precisaria de busca individual)",
"Tom Petty, Somewhere You Feel Free – The Making of Wildflowers",,openculture.com,,,DESCARTADO,"não processado nesta rodada (link do openculture.com aponta para uma página de coleção/artigo, não para um filme específico já linkado ao archive.org — precisaria de busca individual)",
Trapped: Andy Warhol’s Amiga Experiments,,openculture.com,,,DESCARTADO,"não processado nesta rodada (link do openculture.com aponta para uma página de coleção/artigo, não para um filme específico já linkado ao archive.org — precisaria de busca individual)",
Tune Out the Noise,,openculture.com,,,DESCARTADO,"não processado nesta rodada (link do openculture.com aponta para uma página de coleção/artigo, não para um filme específico já linkado ao archive.org — precisaria de busca individual)",
Universe,,openculture.com,,,DESCARTADO,"não processado nesta rodada (link do openculture.com aponta para uma página de coleção/artigo, não para um filme específico já linkado ao archive.org — precisaria de busca individual)",
Urban Struggle: The Battle Of The Cuckoos Nest,,openculture.com,,,DESCARTADO,"não processado nesta rodada (link do openculture.com aponta para uma página de coleção/artigo, não para um filme específico já linkado ao archive.org — precisaria de busca individual)",
Vermeer: Master of Light,,openculture.com,,,DESCARTADO,"não processado nesta rodada (link do openculture.com aponta para uma página de coleção/artigo, não para um filme específico já linkado ao archive.org — precisaria de busca individual)",
Wattstax,,openculture.com,,,DESCARTADO,"não processado nesta rodada (link do openculture.com aponta para uma página de coleção/artigo, não para um filme específico já linkado ao archive.org — precisaria de busca individual)",
We Were There to Be There,,openculture.com,,,DESCARTADO,"não processado nesta rodada (link do openculture.com aponta para uma página de coleção/artigo, não para um filme específico já linkado ao archive.org — precisaria de busca individual)",
Werner Herzog Eats His Shoe&nbsp;,,openculture.com,,,DESCARTADO,"não processado nesta rodada (link do openculture.com aponta para uma página de coleção/artigo, não para um filme específico já linkado ao archive.org — precisaria de busca individual)",
Who’s Out There?,,openculture.com,,,DESCARTADO,"não processado nesta rodada (link do openculture.com aponta para uma página de coleção/artigo, não para um filme específico já linkado ao archive.org — precisaria de busca individual)",
Who is Afraid of Ai Weiwei?,,openculture.com,,,DESCARTADO,"não processado nesta rodada (link do openculture.com aponta para uma página de coleção/artigo, não para um filme específico já linkado ao archive.org — precisaria de busca individual)",
What the Future Sounded Like?,,openculture.com,,,DESCARTADO,"não processado nesta rodada (link do openculture.com aponta para uma página de coleção/artigo, não para um filme específico já linkado ao archive.org — precisaria de busca individual)",
Will Self’s Kafka Journey: A Prague Walking Tour,,openculture.com,,,DESCARTADO,"não processado nesta rodada (link do openculture.com aponta para uma página de coleção/artigo, não para um filme específico já linkado ao archive.org — precisaria de busca individual)",
William S. Burroughs &amp; Lawrence,,openculture.com,,,DESCARTADO,"não processado nesta rodada (link do openculture.com aponta para uma página de coleção/artigo, não para um filme específico já linkado ao archive.org — precisaria de busca individual)",
"66 Oscar-Nominated-and-Award-Winning Animated Shorts Online, Courtesy of the National Film Board of Canada",,openculture.com,,,DESCARTADO,"não processado nesta rodada (link do openculture.com aponta para uma página de coleção/artigo, não para um filme específico já linkado ao archive.org — precisaria de busca individual)",
6 Animations of Stories &amp; Poems by Shel Silverstein,,openculture.com,,,DESCARTADO,"não processado nesta rodada (link do openculture.com aponta para uma página de coleção/artigo, não para um filme específico já linkado ao archive.org — precisaria de busca individual)",
13 Experimental Short Films by Tezuka Osamu&nbsp;,,openculture.com,,,DESCARTADO,"não processado nesta rodada (link do openculture.com aponta para uma página de coleção/artigo, não para um filme específico já linkado ao archive.org — precisaria de busca individual)",
30 Films from the 1970s by Computer Animation Pioneer Lillian F. Schwartz,,openculture.com,,,DESCARTADO,"não processado nesta rodada (link do openculture.com aponta para uma página de coleção/artigo, não para um filme específico já linkado ao archive.org — precisaria de busca individual)",
A Country Doctor&nbsp;,,openculture.com,,,DESCARTADO,"não processado nesta rodada (link do openculture.com aponta para uma página de coleção/artigo, não para um filme específico já linkado ao archive.org — precisaria de busca individual)",
A Herb Alpert &amp; the Tijuana Brass Double Feature,,openculture.com,,,DESCARTADO,"não processado nesta rodada (link do openculture.com aponta para uma página de coleção/artigo, não para um filme específico já linkado ao archive.org — precisaria de busca individual)",
A Short Vision,,openculture.com,,,DESCARTADO,"não processado nesta rodada (link do openculture.com aponta para uma página de coleção/artigo, não para um filme específico já linkado ao archive.org — precisaria de busca individual)",
Ah Pook is Here,,openculture.com,,,DESCARTADO,"não processado nesta rodada (link do openculture.com aponta para uma página de coleção/artigo, não para um filme específico já linkado ao archive.org — precisaria de busca individual)",
Allergy to Originality,,openculture.com,,,DESCARTADO,"não processado nesta rodada (link do openculture.com aponta para uma página de coleção/artigo, não para um filme específico já linkado ao archive.org — precisaria de busca individual)",
American History,,openculture.com,,,DESCARTADO,"não processado nesta rodada (link do openculture.com aponta para uma página de coleção/artigo, não para um filme específico já linkado ao archive.org — precisaria de busca individual)",
Astro Boy: Birth of Astro Boy,,openculture.com,,,DESCARTADO,"não processado nesta rodada (link do openculture.com aponta para uma página de coleção/artigo, não para um filme específico já linkado ao archive.org — precisaria de busca individual)",
Battle,,openculture.com,,,DESCARTADO,"não processado nesta rodada (link do openculture.com aponta para uma página de coleção/artigo, não para um filme específico já linkado ao archive.org — precisaria de busca individual)",
Breathdeath&nbsp;,,openculture.com,,,DESCARTADO,"não processado nesta rodada (link do openculture.com aponta para uma página de coleção/artigo, não para um filme específico já linkado ao archive.org — precisaria de busca individual)",
Cold War Pro-Capitalism Animations,,openculture.com,,,DESCARTADO,"não processado nesta rodada (link do openculture.com aponta para uma página de coleção/artigo, não para um filme específico já linkado ao archive.org — precisaria de busca individual)",
Confidence,,openculture.com,,,DESCARTADO,"não processado nesta rodada (link do openculture.com aponta para uma página de coleção/artigo, não para um filme específico já linkado ao archive.org — precisaria de busca individual)",
Crime and Punishment&nbsp;,,openculture.com,,,DESCARTADO,"não processado nesta rodada (link do openculture.com aponta para uma página de coleção/artigo, não para um filme específico já linkado ao archive.org — precisaria de busca individual)",
Curious Alice,,openculture.com,,,DESCARTADO,"não processado nesta rodada (link do openculture.com aponta para uma página de coleção/artigo, não para um filme específico já linkado ao archive.org — precisaria de busca individual)",
"De Artificiali Perspectiva, or Anamorphosis",,openculture.com,,,DESCARTADO,"não processado nesta rodada (link do openculture.com aponta para uma página de coleção/artigo, não para um filme específico já linkado ao archive.org — precisaria de busca individual)",
Destino&nbsp;,,openculture.com,,,DESCARTADO,"não processado nesta rodada (link do openculture.com aponta para uma página de coleção/artigo, não para um filme específico já linkado ao archive.org — precisaria de busca individual)",
Dimensions of Dialogue&nbsp;,,openculture.com,,,DESCARTADO,"não processado nesta rodada (link do openculture.com aponta para uma página de coleção/artigo, não para um filme específico já linkado ao archive.org — precisaria de busca individual)",
Drums West,,openculture.com,,,DESCARTADO,"não processado nesta rodada (link do openculture.com aponta para uma página de coleção/artigo, não para um filme específico já linkado ao archive.org — precisaria de busca individual)",
Dumbland,,openculture.com,,,DESCARTADO,"não processado nesta rodada (link do openculture.com aponta para uma página de coleção/artigo, não para um filme específico já linkado ao archive.org — precisaria de busca individual)",
Early Japanese Animations,,openculture.com,,,DESCARTADO,"não processado nesta rodada (link do openculture.com aponta para uma página de coleção/artigo, não para um filme específico já linkado ao archive.org — precisaria de busca individual)",
Education for Death: The Making of the Nazi&nbsp;,,openculture.com,,,DESCARTADO,"não processado nesta rodada (link do openculture.com aponta para uma página de coleção/artigo, não para um filme específico já linkado ao archive.org — precisaria de busca individual)",
Fantasmagorie —&nbsp;,,openculture.com,,,DESCARTADO,"não processado nesta rodada (link do openculture.com aponta para uma página de coleção/artigo, não para um filme específico já linkado ao archive.org — precisaria de busca individual)",
Father and Daughter —&nbsp;,,openculture.com,,,DESCARTADO,"não processado nesta rodada (link do openculture.com aponta para uma página de coleção/artigo, não para um filme específico já linkado ao archive.org — precisaria de busca individual)",
Glass Harmonica,,openculture.com,,,DESCARTADO,"não processado nesta rodada (link do openculture.com aponta para uma página de coleção/artigo, não para um filme específico já linkado ao archive.org — precisaria de busca individual)",
Granny O’Grimm’s Sleeping Beauty,,openculture.com,,,DESCARTADO,"não processado nesta rodada (link do openculture.com aponta para uma página de coleção/artigo, não para um filme específico já linkado ao archive.org — precisaria de busca individual)",
Gumbasia,,openculture.com,,,DESCARTADO,"não processado nesta rodada (link do openculture.com aponta para uma página de coleção/artigo, não para um filme específico já linkado ao archive.org — precisaria de busca individual)",
Hunger,,openculture.com,,,DESCARTADO,"não processado nesta rodada (link do openculture.com aponta para uma página de coleção/artigo, não para um filme específico já linkado ao archive.org — precisaria de busca individual)",
Is It Right to Be Always Right?,,openculture.com,,,DESCARTADO,"não processado nesta rodada (link do openculture.com aponta para uma página de coleção/artigo, não para um filme específico já linkado ao archive.org — precisaria de busca individual)",
Jazzmosphere,,openculture.com,,,DESCARTADO,"não processado nesta rodada (link do openculture.com aponta para uma página de coleção/artigo, não para um filme específico já linkado ao archive.org — precisaria de busca individual)",
King and Octopus,,openculture.com,,,DESCARTADO,"não processado nesta rodada (link do openculture.com aponta para uma página de coleção/artigo, não para um filme específico já linkado ao archive.org — precisaria de busca individual)",
Lichtspiel Opus 1,,openculture.com,,,DESCARTADO,"não processado nesta rodada (link do openculture.com aponta para uma página de coleção/artigo, não para um filme específico já linkado ao archive.org — precisaria de busca individual)",
Mickey Mouse in Vietnam,,openculture.com,,,DESCARTADO,"não processado nesta rodada (link do openculture.com aponta para uma página de coleção/artigo, não para um filme específico já linkado ao archive.org — precisaria de busca individual)",
Mona Lisa Descending a Staircase,,openculture.com,,,DESCARTADO,"não processado nesta rodada (link do openculture.com aponta para uma página de coleção/artigo, não para um filme específico já linkado ao archive.org — precisaria de busca individual)",
Mourir Auprès de Toi (To Die By Your Side) —&nbsp;,,openculture.com,,,DESCARTADO,"não processado nesta rodada (link do openculture.com aponta para uma página de coleção/artigo, não para um filme específico já linkado ao archive.org — precisaria de busca individual)",
Night on Bald Mountain,,openculture.com,,,DESCARTADO,"não processado nesta rodada (link do openculture.com aponta para uma página de coleção/artigo, não para um filme específico já linkado ao archive.org — precisaria de busca individual)",
Optical Poems,,openculture.com,,,DESCARTADO,"não processado nesta rodada (link do openculture.com aponta para uma página de coleção/artigo, não para um filme específico já linkado ao archive.org — precisaria de busca individual)",
Princess Iron Fan,,openculture.com,,,DESCARTADO,"não processado nesta rodada (link do openculture.com aponta para uma página de coleção/artigo, não para um filme específico já linkado ao archive.org — precisaria de busca individual)",
Private Snafu,,openculture.com,,,DESCARTADO,"não processado nesta rodada (link do openculture.com aponta para uma página de coleção/artigo, não para um filme específico já linkado ao archive.org — precisaria de busca individual)",
Quasi at the Quackadero,,openculture.com,,,DESCARTADO,"não processado nesta rodada (link do openculture.com aponta para uma página de coleção/artigo, não para um filme específico já linkado ao archive.org — precisaria de busca individual)",
Reason and Emotion&nbsp;,,openculture.com,,,DESCARTADO,"não processado nesta rodada (link do openculture.com aponta para uma página de coleção/artigo, não para um filme específico já linkado ao archive.org — precisaria de busca individual)",
Red Hot Riding Hood&nbsp;,,openculture.com,,,DESCARTADO,"não processado nesta rodada (link do openculture.com aponta para uma página de coleção/artigo, não para um filme específico já linkado ao archive.org — precisaria de busca individual)",
Seder Masochism,,openculture.com,,,DESCARTADO,"não processado nesta rodada (link do openculture.com aponta para uma página de coleção/artigo, não para um filme específico já linkado ao archive.org — precisaria de busca individual)",
Sherlock Hound,,openculture.com,,,DESCARTADO,"não processado nesta rodada (link do openculture.com aponta para uma página de coleção/artigo, não para um filme específico já linkado ao archive.org — precisaria de busca individual)",
Sisyphus,,openculture.com,,,DESCARTADO,"não processado nesta rodada (link do openculture.com aponta para uma página de coleção/artigo, não para um filme específico já linkado ao archive.org — precisaria de busca individual)",
Snow White,,openculture.com,,,DESCARTADO,"não processado nesta rodada (link do openculture.com aponta para uma página de coleção/artigo, não para um filme específico já linkado ao archive.org — precisaria de busca individual)",
So Much for So Little,,openculture.com,,,DESCARTADO,"não processado nesta rodada (link do openculture.com aponta para uma página de coleção/artigo, não para um filme específico já linkado ao archive.org — precisaria de busca individual)",
Stalk of the Celery Monster,,openculture.com,,,DESCARTADO,"não processado nesta rodada (link do openculture.com aponta para uma página de coleção/artigo, não para um filme específico já linkado ao archive.org — precisaria de busca individual)",
"Thank You, Mask Man",,openculture.com,,,DESCARTADO,"não processado nesta rodada (link do openculture.com aponta para uma página de coleção/artigo, não para um filme específico já linkado ao archive.org — precisaria de busca individual)",
The Cameraman’s Revenge&nbsp;,,openculture.com,,,DESCARTADO,"não processado nesta rodada (link do openculture.com aponta para uma página de coleção/artigo, não para um filme específico já linkado ao archive.org — precisaria de busca individual)",
The Critic&nbsp;,,openculture.com,,,DESCARTADO,"não processado nesta rodada (link do openculture.com aponta para uma página de coleção/artigo, não para um filme específico já linkado ao archive.org — precisaria de busca individual)",
The Curious Adventures of Mr. Wonderbird,,openculture.com,,,DESCARTADO,"não processado nesta rodada (link do openculture.com aponta para uma página de coleção/artigo, não para um filme específico já linkado ao archive.org — precisaria de busca individual)",
The Dream of a Ridiculous,,openculture.com,,,DESCARTADO,"não processado nesta rodada (link do openculture.com aponta para uma página de coleção/artigo, não para um filme específico já linkado ao archive.org — precisaria de busca individual)",
The Employment,,openculture.com,,,DESCARTADO,"não processado nesta rodada (link do openculture.com aponta para uma página de coleção/artigo, não para um filme específico já linkado ao archive.org — precisaria de busca individual)",
The Hobbit,,openculture.com,,,DESCARTADO,"não processado nesta rodada (link do openculture.com aponta para uma página de coleção/artigo, não para um filme específico já linkado ao archive.org — precisaria de busca individual)",
The John Lennon Sketchbook,,openculture.com,,,DESCARTADO,"não processado nesta rodada (link do openculture.com aponta para uma página de coleção/artigo, não para um filme específico já linkado ao archive.org — precisaria de busca individual)",
The Mascot&nbsp;,,openculture.com,,,DESCARTADO,"não processado nesta rodada (link do openculture.com aponta para uma página de coleção/artigo, não para um filme específico já linkado ao archive.org — precisaria de busca individual)",
The Metamorphosis of Mr. Samsa,,openculture.com,,,DESCARTADO,"não processado nesta rodada (link do openculture.com aponta para uma página de coleção/artigo, não para um filme específico já linkado ao archive.org — precisaria de busca individual)",
The Miracle of Flight&nbsp;,,openculture.com,,,DESCARTADO,"não processado nesta rodada (link do openculture.com aponta para uma página de coleção/artigo, não para um filme específico já linkado ao archive.org — precisaria de busca individual)",
The Nose,,openculture.com,,,DESCARTADO,"não processado nesta rodada (link do openculture.com aponta para uma página de coleção/artigo, não para um filme específico já linkado ao archive.org — precisaria de busca individual)",
The Rime of the Ancient Mariner&nbsp;,,openculture.com,,,DESCARTADO,"não processado nesta rodada (link do openculture.com aponta para uma página de coleção/artigo, não para um filme específico já linkado ao archive.org — precisaria de busca individual)",
The Romance of Transportation in Canada,,openculture.com,,,DESCARTADO,"não processado nesta rodada (link do openculture.com aponta para uma página de coleção/artigo, não para um filme específico já linkado ao archive.org — precisaria de busca individual)",
The Single Life,,openculture.com,,,DESCARTADO,"não processado nesta rodada (link do openculture.com aponta para uma página de coleção/artigo, não para um filme específico já linkado ao archive.org — precisaria de busca individual)",
The Story Of Menstruation&nbsp;,,openculture.com,,,DESCARTADO,"não processado nesta rodada (link do openculture.com aponta para uma página de coleção/artigo, não para um filme específico já linkado ao archive.org — precisaria de busca individual)",
Tom Waits for No One,,openculture.com,,,DESCARTADO,"não processado nesta rodada (link do openculture.com aponta para uma página de coleção/artigo, não para um filme específico já linkado ao archive.org — precisaria de busca individual)",
UCLA Silent Animation Archive&nbsp;,,openculture.com,,,DESCARTADO,"não processado nesta rodada (link do openculture.com aponta para uma página de coleção/artigo, não para um filme específico já linkado ao archive.org — precisaria de busca individual)",
Why Man Creates&nbsp;,,openculture.com,,,DESCARTADO,"não processado nesta rodada (link do openculture.com aponta para uma página de coleção/artigo, não para um filme específico já linkado ao archive.org — precisaria de busca individual)",
"Buster Keaton's ""Cops""",1922,archivewatch.org,Cops1922,,DESCARTADO,já existia no catálogo (mesmo source.id),
The General,1926,archivewatch.org,TheGeneral_201312,,DESCARTADO,já existia no catálogo (mesmo título),
The Phantom Carriage,1921,archivewatch.org,ThePhantomCarriage_201405,,DESCARTADO,já existia no catálogo (mesmo source.id),
One Week,1920,archivewatch.org,OneWeek1920,,DESCARTADO,já existia no catálogo (mesmo título),
Sherlock Jr.,1924,archivewatch.org,MyMovie_20190318,,DESCARTADO,já existia no catálogo (mesmo título),
"""Intolerance""",1916,archivewatch.org,INTOLERANCE_201407,,DESCARTADO,já existia no catálogo (mesmo source.id),
"Charlie Chaplin's ""Easy Street""",1917,archivewatch.org,EasyStreet1917,,DESCARTADO,já existia no catálogo (mesmo source.id),
Convict 13,1920,archivewatch.org,Convict13_201409,,DESCARTADO,já existia no catálogo (mesmo título),
The Mark of Zorro,1920,archivewatch.org,vidzo,,DESCARTADO,já existia no catálogo (mesmo título),
"Charlie Chaplin's ""The Tramp""",1915,archivewatch.org,TheTramp1915,,DESCARTADO,já existia no catálogo (mesmo source.id),
Our Hospitality,1923,archivewatch.org,MyMovie_201801,,DESCARTADO,já existia no catálogo (mesmo título),
"Charlie Chaplin's ""A Day’s Pleasure""",1919,archivewatch.org,adayspleasure_201909,,DESCARTADO,já existia no catálogo (mesmo título),
The Prisoner of Zenda,1922,archivewatch.org,ThePrisonerOfZenda,,DESCARTADO,já existia no catálogo (mesmo título),
The Birth of a Nation,1915,archivewatch.org,dw_griffith_birth_of_a_nation,,DESCARTADO,já existia no catálogo (mesmo título),
The Pawnshop,1916,archivewatch.org,CC_1916_10_02_ThePawnshop,,DESCARTADO,já existia no catálogo (mesmo source.id),
The Count,1916,archivewatch.org,CC_1916_09_04_TheCount,,DESCARTADO,já existia no catálogo (mesmo source.id),
The Floorwalker,1916,archivewatch.org,CC_1916_05_15_TheFloorwalker,,DESCARTADO,já existia no catálogo (mesmo source.id),
"Charlie Chaplin's ""The Good For Nothing""",1914,archivewatch.org,CC_1914_08_31_TheGoodforNothing,,DESCARTADO,já existia no catálogo (mesmo source.id),
Making a Living,1914,archivewatch.org,CC_1914_02_02_MakingALiving,,DESCARTADO,já existia no catálogo (mesmo source.id),
The Phantom of the Opera,1925,archivewatch.org,ThePhantomOfTheOpera_364,,DESCARTADO,já existia no catálogo (mesmo título),
The General,1927,archivewatch.org,TheGeneral,,DESCARTADO,já existia no catálogo (mesmo título),
One A.M.,1916,archivewatch.org,CC_1916_08_07_One_A_M,,DESCARTADO,já existia no catálogo (mesmo source.id),
"Charlie Chaplin's ""The Rink""",1916,archivewatch.org,CC_1916_12_04_TheRink,,DESCARTADO,já existia no catálogo (mesmo source.id),
A Burlesque on Carmen,1915,archivewatch.org,CC_1915_12_18_ABurlesqueOnCarmen,,DESCARTADO,já existia no catálogo (mesmo source.id),
"Charlie Chaplin's ""Charlie's Recreation""",1914,archivewatch.org,CC_1914_08_13_CharliesRecreation,,DESCARTADO,já existia no catálogo (mesmo source.id),
The Last of the Mohicans,1920,archivewatch.org,last_of_the_mohicans_1920,,DESCARTADO,já existia no catálogo (mesmo source.id),
A Romance of the Redwoods,1917,archivewatch.org,ARomanceOfTheRedwoods,,DESCARTADO,já existia no catálogo (mesmo source.id),
Berlin: Symphony of a Great City,,archivewatch.org,BerlinSymphonyofaGreatCity,,DESCARTADO,já existia no catálogo (mesmo título),
The Cure,,archivewatch.org,CC_1917_04_16_TheCure,,DESCARTADO,já existia no catálogo (mesmo título),
Suddenly,1954,archivewatch.org,suddenly,,DESCARTADO,já existia no catálogo (mesmo título),
Please Murder Me,1956,archivewatch.org,Please_Murder_Me_movie,,DESCARTADO,já existia no catálogo (mesmo título),
The Red House,1947,archivewatch.org,TheRedHouse,,DESCARTADO,já existia no catálogo (mesmo source.id),
The Hitch-Hiker,1953,archivewatch.org,Hitch_Hiker,,DESCARTADO,já existia no catálogo (mesmo título),
Quicksand,1950,archivewatch.org,Quicksand_clear,,DESCARTADO,já existia no catálogo (mesmo source.id),
The Man Who Cheated Himself,1951,archivewatch.org,Man_Who_Cheated_Himself,,DESCARTADO,já existia no catálogo (mesmo source.id),
He Walked by Night,1948,archivewatch.org,He_Walked_By_Night.avi,,DESCARTADO,já existia no catálogo (mesmo título),
Woman on the Run,1950,archivewatch.org,Woman_on_the_Run,,DESCARTADO,já existia no catálogo (mesmo título),
Blonde Ice,1948,archivewatch.org,BlondeIce1948,,DESCARTADO,já existia no catálogo (mesmo título),
The Green Glove,1952,archivewatch.org,the_green_glove,,DESCARTADO,já existia no catálogo (mesmo source.id),
The Amazing Mr. X,1948,archivewatch.org,amazing_mr_x,,DESCARTADO,revisado nesta rodada - não verificado com confiança suficiente nesta rodada - fica para revisão futura,
The Limping Man,1953,archivewatch.org,TheLimpingMan,,DESCARTADO,já existia no catálogo (mesmo source.id),
The Second Woman,1951,archivewatch.org,The_Second_Woman_,,DESCARTADO,já existia no catálogo (mesmo source.id),
Whistle Stop,1946,archivewatch.org,Whistle_Stop,,DESCARTADO,já existia no catálogo (mesmo source.id),
Kansas City Confidential,1952,archivewatch.org,Kansas_City_Confidential_1952,,DESCARTADO,já existia no catálogo (mesmo source.id),
Trapped,1949,archivewatch.org,Trapped_,,DESCARTADO,já existia no catálogo (mesmo source.id),
The Man Who Cheated Himself,1950,archivewatch.org,TheManWhoCheatedHimself1950,,DESCARTADO,já existia no catálogo (mesmo título),
The Strange Love of Martha Ivers,1946,archivewatch.org,TheStrangeLoveOfMarthaIvers,,DESCARTADO,já existia no catálogo (mesmo título),
White Zombie,1932,archivewatch.org,WhiteZombie,,DESCARTADO,já existia no catálogo (mesmo título),
The Lost World,1925,archivewatch.org,lost_world,,DESCARTADO,já existia no catálogo (mesmo título),
King of the Zombies,1941,archivewatch.org,King_of_the_Zombies,,DESCARTADO,já existia no catálogo (mesmo título),
The Ghoul,1933,archivewatch.org,TheGhoul,,DESCARTADO,já existia no catálogo (mesmo source.id),
The Child Molester,1964,archivewatch.org,CHILD,,DESCARTADO,fora do escopo do catálogo (critério de segurança — conteúdo adulto/exploração ou compilação sem curadoria),
Night of the Living Dead,1968,archivewatch.org,night_of_the_living_dead_dvd,,DESCARTADO,já existia no catálogo (mesmo título),
Angel on My Shoulder,1946,archivewatch.org,angel_on_my_shoulder,,DESCARTADO,já existia no catálogo (mesmo título),
Killer Shrews,1959,archivewatch.org,The_Killer_Shrews,,DESCARTADO,já existia no catálogo (mesmo source.id),
Dead Men Walk,1943,archivewatch.org,DeadMenWalk,,DESCARTADO,já existia no catálogo (mesmo source.id),
Bluebeard,1944,archivewatch.org,Bluebeard,,DESCARTADO,já existia no catálogo (mesmo source.id),
Grave of the Vampire,1974,archivewatch.org,Grave_of_the_Vampire_movie,,DESCARTADO,ano 1974 acima do corte de domínio-público provável (1966) — precisa checagem manual,
Bowery at Midnight,1942,archivewatch.org,Bowery_at_Midnight,,DESCARTADO,já existia no catálogo (mesmo source.id),
Atom Age Vampire,1960,archivewatch.org,AtomAgeVampire,,DESCARTADO,já existia no catálogo (mesmo source.id),
The Incredible Petrified World,1957,archivewatch.org,TheIncrediblePetrifiedWorld,,DESCARTADO,já existia no catálogo (mesmo source.id),
Horror Hotel,1960,archivewatch.org,HorrorHotel1960,,DESCARTADO,já existia no catálogo (mesmo source.id),
War of the Monsters,1967,archivewatch.org,WarOfTheMonsters_201405,,DESCARTADO,ano 1967 acima do corte de domínio-público provável (1966) — precisa checagem manual,
Don't Look in the Basement,1973,archivewatch.org,Dont_Look_in_theBasement,,DESCARTADO,ano 1973 acima do corte de domínio-público provável (1966) — precisa checagem manual,
The Pyx,1973,archivewatch.org,ThePyx,,DESCARTADO,ano 1973 acima do corte de domínio-público provável (1966) — precisa checagem manual,
A Bucket of Blood,1959,archivewatch.org,ABucketOfBlood1959_931,,DESCARTADO,já existia no catálogo (mesmo título),
House on Haunted Hill,1959,archivewatch.org,The_House_On_Haunted_Hill,,DESCARTADO,já existia no catálogo (mesmo título),
Nosferatu,1922,archivewatch.org,PhantasmagoriaTheater-Nosferatu1922909,,DESCARTADO,já existia no catálogo (mesmo título),
Carnival of Souls,1962,archivewatch.org,CarnivalofSouls,,DESCARTADO,já existia no catálogo (mesmo título),
My Favorite Brunette,1947,archivewatch.org,my_favorite_brunette,,DESCARTADO,já existia no catálogo (mesmo título),
Girl o' My Dreams,1934,archivewatch.org,girl_o_my_dreams,,DESCARTADO,já existia no catálogo (mesmo source.id),
His Girl Friday,1940,archivewatch.org,his_girl_friday,,DESCARTADO,já existia no catálogo (mesmo source.id),
Jack and the Beanstalk,1952,archivewatch.org,cco_jackandthebeanstalk,,DESCARTADO,já existia no catálogo (mesmo título),
Tarzan and the Green Goddess,1938,archivewatch.org,tarzan_and_the_green_goddess,,DESCARTADO,já existia no catálogo (mesmo source.id),
Mr. Robinson Crusoe,1932,archivewatch.org,mr_robinson_crusoe,,DESCARTADO,já existia no catálogo (mesmo título),
Meet John Doe,1941,archivewatch.org,meet_john_doe,,DESCARTADO,já existia no catálogo (mesmo título),
Malice in the Palace,1949,archivewatch.org,malice_in_the_palace,,DESCARTADO,já existia no catálogo (mesmo título),
Penny Serenade,1941,archivewatch.org,penny_serenade,,DESCARTADO,já existia no catálogo (mesmo título),
Royal Wedding,1951,archivewatch.org,royal_wedding,,DESCARTADO,já existia no catálogo (mesmo título),
Santa and the Three Bears,1970,archivewatch.org,SantaandtheThreeBears,,DESCARTADO,ano 1970 acima do corte de domínio-público provável (1966) — precisa checagem manual,
At War with the Army,1950,archivewatch.org,AtWarWithTheArmy,,DESCARTADO,já existia no catálogo (mesmo título),
Dick Tracy,1945,archivewatch.org,dick_tracy_detctive,,DESCARTADO,já existia no catálogo (mesmo título),
Brideless Groom,1947,archivewatch.org,brideless_groom,,DESCARTADO,já existia no catálogo (mesmo source.id),
Topper Returns,1941,archivewatch.org,Topper_Returns_41,,DESCARTADO,já existia no catálogo (mesmo título),
McLintock!,1963,archivewatch.org,Mclintock.avi,,DESCARTADO,já existia no catálogo (mesmo source.id),
My Dear Secretary,1949,archivewatch.org,my_dear_secretary,,DESCARTADO,já existia no catálogo (mesmo título),
'Neath Brooklyn Bridge,1942,archivewatch.org,neath_brooklyn_bridge,,DESCARTADO,já existia no catálogo (mesmo source.id),
Love Island,1950,archivewatch.org,love_island,,DESCARTADO,já existia no catálogo (mesmo source.id),
Betty Boop: Minnie The Moocher,1932,archivewatch.org,bb_minnie_the_moocher,,DESCARTADO,já existia no catálogo (mesmo source.id),
I'll Be Glad When You're Dead You Rascal You,1932,archivewatch.org,bb_ill_be_glad_when_youre_dead,,DESCARTADO,já existia no catálogo (mesmo source.id),
Woody Woodpecker in Pantry Panic,1941,archivewatch.org,woody_woodpecker_pantry_panic,,DESCARTADO,já existia no catálogo (mesmo source.id),
Betty Boop and Grampy,1935,archivewatch.org,bb_and_grampy,,DESCARTADO,já existia no catálogo (mesmo source.id),
Betty Boop: Bamboo Isle,1932,archivewatch.org,bb_bamboo_isle,,DESCARTADO,já existia no catálogo (mesmo source.id),
Jack Frost,1934,archivewatch.org,JackFrost_,,DESCARTADO,já existia no catálogo (mesmo source.id),
Betty Boop's Rise to Fame,1934,archivewatch.org,bb_rise_to_fame,,DESCARTADO,já existia no catálogo (mesmo source.id),
Betty Boop's Big Boss,1933,archivewatch.org,bb_big_boss,,DESCARTADO,já existia no catálogo (mesmo source.id),
Betty Boop for President,1932,archivewatch.org,Betty_Boop_for_President_1932,,DESCARTADO,já existia no catálogo (mesmo título),
Shuteye Popeye,1952,archivewatch.org,popeye_shuteye_popeye,,DESCARTADO,já existia no catálogo (mesmo título),
Private Eye Popeye,1954,archivewatch.org,popeye_private_eye_popeye,,DESCARTADO,já existia no catálogo (mesmo source.id),
Patriotic Popeye,1957,archivewatch.org,popeye_patriotic_popeye,,DESCARTADO,já existia no catálogo (mesmo source.id),
Betty Boop and the Little King,1936,archivewatch.org,bb_and_the_little_king,,DESCARTADO,já existia no catálogo (mesmo source.id),
Popeye The Sailor Man: Ancient Fistory,1952,archivewatch.org,popeye_the_sailor_ancient_fantasy,,DESCARTADO,já existia no catálogo (mesmo source.id),
I Don't Scare,1956,archivewatch.org,popeye_i_dont_scare,,DESCARTADO,já existia no catálogo (mesmo source.id),
Popeye: Fright To The Finish,1954,archivewatch.org,popeye_fright_to_the_finish,,DESCARTADO,já existia no catálogo (mesmo source.id),
Mighty Mouse Wolf Wolf,,archivewatch.org,mighty_mouse_wolf_wolf,,DESCARTADO,já existia no catálogo (mesmo source.id),
Santa's Surprise,1947,archivewatch.org,SantasSuprise,,DESCARTADO,já existia no catálogo (mesmo source.id),
Plane Crazy,1929,archivewatch.org,PlaneCrazy_201511,,DESCARTADO,já existia no catálogo (mesmo título),
Eatin' on the Cuff or The Moth Who Came to Dinner,1942,archivewatch.org,EatinOnTheCuffOrTheMothWhoCameToDinner1942,,DESCARTADO,já existia no catálogo (mesmo título),
Bimbo's Initiation,1931,archivewatch.org,BimbosInitiation_201802,,DESCARTADO,já existia no catálogo (mesmo título),
The Mad Doctor,1933,archivewatch.org,BillSpragueCollection-THEMADDOCTOR-A1933PublicDomainMickeyMouse,,DESCARTADO,já existia no catálogo (mesmo título),
"Smile, Darn Ya, Smile!",1931,archivewatch.org,sdys1125578,,DESCARTADO,já existia no catálogo (mesmo título),
Ain't Nature Grand!,1931,archivewatch.org,aint-nature-grand-1931-bosko-looney-tunes,,DESCARTADO,já existia no catálogo (mesmo título),
Porky In Wackyland,2018,archivewatch.org,PorkyInWackylandCCV,,DESCARTADO,ano 2018 acima do corte de domínio-público provável (1966) — precisa checagem manual,
Popeye the Sailor Meets Sindbad the Sailor,1936,archivewatch.org,PopeyeTheSailorMeetsSindbadTheSailor_540,,DESCARTADO,já existia no catálogo (mesmo título),
A Day at the Zoo,1939,archivewatch.org,A_day_at_the_zoo,,DESCARTADO,já existia no catálogo (mesmo título),
The Gallopin' Gaucho,1928,archivewatch.org,TheGallopinGaucho,,DESCARTADO,já existia no catálogo (mesmo título),
Popeye the Sailor meets Sinbad the Sailor,1936,archivewatch.org,Popeye_meetsSinbadtheSailor,,DESCARTADO,já existia no catálogo (mesmo source.id),
Cinderella,,archivewatch.org,Cinderella,,DESCARTADO,já existia no catálogo (mesmo título),
Spree Lunch,1957,archivewatch.org,spree_lunch,,DESCARTADO,já existia no catálogo (mesmo source.id),
Little Swee'pea,1936,archivewatch.org,little_sweepea,,DESCARTADO,já existia no catálogo (mesmo source.id),
The Impossible Voyage,1904,archivewatch.org,The_Impossible_Voyage,,DESCARTADO,já existia no catálogo (mesmo source.id),
A Trip to the Moon,1902,archivewatch.org,ATripToTheMoon20Fps,,DESCARTADO,já existia no catálogo (mesmo título),
The Dreyfus Affair,1899,archivewatch.org,TheDreyfusAffair_49,,DESCARTADO,já existia no catálogo (mesmo source.id),
Ways of Seeing: Fine Arts and Commerce,1974,archivewatch.org,waysofseeingfineartsandcommerce,,DESCARTADO,ano 1974 acima do corte de domínio-público provável (1966) — precisa checagem manual,
Violent Earth,1973,archivewatch.org,violentearth,,DESCARTADO,ano 1973 acima do corte de domínio-público provável (1966) — precisa checagem manual,
View From Space,1969,archivewatch.org,viewfromspace,,DESCARTADO,ano 1969 acima do corte de domínio-público provável (1966) — precisa checagem manual,
The Sexually Mature Adult,1973,archivewatch.org,theesxuallymatureadult,,DESCARTADO,ano 1973 acima do corte de domínio-público provável (1966) — precisa checagem manual,
Sudden Birth,1967,archivewatch.org,sudden_birth,,DESCARTADO,ano 1967 acima do corte de domínio-público provável (1966) — precisa checagem manual,
Six American Families the Georges of New York,1977,archivewatch.org,sixamericanfamiliesthegeorgesofnewyorkreel1,,DESCARTADO,ano 1977 acima do corte de domínio-público provável (1966) — precisa checagem manual,
Rikki-Tikki-Tavi,1974,archivewatch.org,rikkitikkitavi_201701,,DESCARTADO,ano 1974 acima do corte de domínio-público provável (1966) — precisa checagem manual,
Now is the Time,1967,archivewatch.org,nowisthetime_201512,,DESCARTADO,ano 1967 acima do corte de domínio-público provável (1966) — precisa checagem manual,
Mowgli's Brothers,1976,archivewatch.org,mowglisbrothers_201706,,DESCARTADO,ano 1976 acima do corte de domínio-público provável (1966) — precisa checagem manual,
Linda's Film on Menstruation,1974,archivewatch.org,lindas_film_on_menstruation,,DESCARTADO,ano 1974 acima do corte de domínio-público provável (1966) — precisa checagem manual,
Labor comes of age ,1969,archivewatch.org,laborcomesofage,,DESCARTADO,ano 1969 acima do corte de domínio-público provável (1966) — precisa checagem manual,
Human birth. ,1973,archivewatch.org,humanbirthvertexbreechandcaesarean,,DESCARTADO,ano 1973 acima do corte de domínio-público provável (1966) — precisa checagem manual,
"Hiroshima-Nagasaki, August 1945 ",1969,archivewatch.org,hiroshimanagasakiaugust1945,,DESCARTADO,ano 1969 acima do corte de domínio-público provável (1966) — precisa checagem manual,
Francesca Baby,1977,archivewatch.org,francescababy,,DESCARTADO,ano 1977 acima do corte de domínio-público provável (1966) — precisa checagem manual,
Experiments in Motion Graphics,1968,archivewatch.org,experimentsinmotiongraphics,,DESCARTADO,ano 1968 acima do corte de domínio-público provável (1966) — precisa checagem manual,
Beauty and The Beast,1968,archivewatch.org,beautyandthebeast_201508,,DESCARTADO,ano 1968 acima do corte de domínio-público provável (1966) — precisa checagem manual,
A Shooting gallery called America,1975,archivewatch.org,ashootinggallerycalledamericareel1,,DESCARTADO,ano 1975 acima do corte de domínio-público provável (1966) — precisa checagem manual,
"A Man Called ""Bee""",1975,archivewatch.org,amancalledbeestudyingtheyanomamo,,DESCARTADO,ano 1975 acima do corte de domínio-público provável (1966) — precisa checagem manual,
A Baby is Born,1974,archivewatch.org,ababyisborn,,DESCARTADO,ano 1974 acima do corte de domínio-público provável (1966) — precisa checagem manual,
Adolescent sexual conflict: are we still going to the movies?,1974,archivewatch.org,AdolescentSexualConflict1974,,DESCARTADO,ano 1974 acima do corte de domínio-público provável (1966) — precisa checagem manual,
SANCTIFY The Little Sisters of Divine Grace,2019,archivewatch.org,SCM-EXPO-700099,,DESCARTADO,ano 2019 acima do corte de domínio-público provável (1966) — precisa checagem manual,
Earth in,1945,archivewatch.org,EarthInHd,,DESCARTADO,já existia no catálogo (mesmo source.id),
"Apollo 13: Houston, We've Got A Problem",1972,archivewatch.org,HoustonWeveGotAProblem,,DESCARTADO,ano 1972 acima do corte de domínio-público provável (1966) — precisa checagem manual,
Apollo 9: Three To Make Ready,1969,archivewatch.org,Apollo_9__Three_To_Make_Ready,,DESCARTADO,ano 1969 acima do corte de domínio-público provável (1966) — precisa checagem manual,
Within This Decade,1969,archivewatch.org,WithinThisDecade,,DESCARTADO,ano 1969 acima do corte de domínio-público provável (1966) — precisa checagem manual,
Space Operations,2009,archivewatch.org,nasa_eclips_110209,,DESCARTADO,ano 2009 acima do corte de domínio-público provável (1966) — precisa checagem manual,
NASA eClips Video Series,2009,archivewatch.org,nasa_eclips_082109,,DESCARTADO,ano 2009 acima do corte de domínio-público provável (1966) — precisa checagem manual,
Our World: Arecibo - The Largest Radio Telescope On Earth,2009,archivewatch.org,nasa_eclips_081009,,DESCARTADO,ano 2009 acima do corte de domínio-público provável (1966) — precisa checagem manual,
Nasa eClips Video Series 05:14:2009,2009,archivewatch.org,nasa_eclips_051309,,DESCARTADO,ano 2009 acima do corte de domínio-público provável (1966) — precisa checagem manual,
Nasa eClips 02022009,2009,archivewatch.org,nasa_eclips_02022009,,DESCARTADO,ano 2009 acima do corte de domínio-público provável (1966) — precisa checagem manual,
NASA eClips Video Series 360,2008,archivewatch.org,nasa_360,,DESCARTADO,ano 2008 acima do corte de domínio-público provável (1966) — precisa checagem manual,
Our World: Wind Tunnels in Action,2010,archivewatch.org,OurWorldWindTunnelsInAction,,DESCARTADO,ano 2010 acima do corte de domínio-público provável (1966) — precisa checagem manual,
Our World: Journaling in Space,2010,archivewatch.org,OurWorldJournalingInSpace,,DESCARTADO,ano 2010 acima do corte de domínio-público provável (1966) — precisa checagem manual,
Our World: Gravity in Space,2010,archivewatch.org,OurWorldGravityInSpace,,DESCARTADO,ano 2010 acima do corte de domínio-público provável (1966) — precisa checagem manual,
Nasa eClips Video,2008,archivewatch.org,Nasa_eClips_video,,DESCARTADO,ano 2008 acima do corte de domínio-público provável (1966) — precisa checagem manual,
NASA SCI Files - The Scientific Method,2001,archivewatch.org,NasaSciFiles-TheScientificMethod,,DESCARTADO,ano 2001 acima do corte de domínio-público provável (1966) — precisa checagem manual,
"NASA SCI Files - Cells, Tissues, Organs, And Systems",2003,archivewatch.org,NasaSciFiles-CellsTissuesOrgansAndSystems,,DESCARTADO,ano 2003 acima do corte de domínio-público provável (1966) — precisa checagem manual,
NASA eClips Our World Communication,2010,archivewatch.org,NASA_eClips_Our_World_Communication_HD,,DESCARTADO,ano 2010 acima do corte de domínio-público provável (1966) — precisa checagem manual,
NASA 360 Episode 2,2008,archivewatch.org,NASA_360_program2_HD,,DESCARTADO,ano 2008 acima do corte de domínio-público provável (1966) — precisa checagem manual,
NASA 360 Episode 1,2008,archivewatch.org,NASA_360_program1_HD,,DESCARTADO,ano 2008 acima do corte de domínio-público provável (1966) — precisa checagem manual,
Apollo 15 16Mm Onboard Film,1971,archivewatch.org,Apollo15And1616mmOnboardFilm,,DESCARTADO,ano 1971 acima do corte de domínio-público provável (1966) — precisa checagem manual,
Apollo 11 16Mm Onboard Film,1969,archivewatch.org,Apollo1116mmOnboardFilm,,DESCARTADO,ano 1969 acima do corte de domínio-público provável (1966) — precisa checagem manual,
Dressed to Kill,1946,archivewatch.org,dressed_to_kill,,DESCARTADO,já existia no catálogo (mesmo source.id),
A Christmas Carol,1910,archivewatch.org,AChristmasCarol,,DESCARTADO,já existia no catálogo (mesmo título),
The Great Train Robbery,1903,archivewatch.org,TheGreatTrainRobbery_555,,DESCARTADO,já existia no catálogo (mesmo título),
Terror by Night,1946,archivewatch.org,TerrorByNight1946,,DESCARTADO,já existia no catálogo (mesmo título),
The Vampire Bat,1933,archivewatch.org,The_Vampire_Bat_1933,,DESCARTADO,já existia no catálogo (mesmo título),
Frankenstein,1910,archivewatch.org,Frankenstein_628,,DESCARTADO,já existia no catálogo (mesmo título),
The Wizard of Oz,1925,archivewatch.org,TheWizardOfOz1925,,DESCARTADO,já existia no catálogo (mesmo título),
Satan's Harvest,1970,archivewatch.org,SatansHarvest,,DESCARTADO,ano 1970 acima do corte de domínio-público provável (1966) — precisa checagem manual,
East Side Kids,1940,archivewatch.org,EastSideKids1940,,DESCARTADO,já existia no catálogo (mesmo source.id),
Alice in Wonderland,,archivewatch.org,AliceInWonderland_343,,DESCARTADO,já existia no catálogo (mesmo título),
Teenagers from Outer Space,1959,archivewatch.org,TeenagersFromOuterSpace,,DESCARTADO,já existia no catálogo (mesmo título),
Reefer Madness,1938,archivewatch.org,reefer_madness1938,,DESCARTADO,já existia no catálogo (mesmo título),
The Little Princess,1939,archivewatch.org,little_princess,,DESCARTADO,"revisado nesta rodada - produção de estúdio grande, sem indício específico de queda em domínio público",
Maniac,1934,archivewatch.org,Maniac,,DESCARTADO,já existia no catálogo (mesmo título),
Dishonored Lady,1947,archivewatch.org,dishonored_lady,,DESCARTADO,já existia no catálogo (mesmo source.id),
The Adventurer,1917,archivewatch.org,CC_1917_10_22_TheAdventurer,,DESCARTADO,já existia no catálogo (mesmo source.id),
The Immigrant,1917,archivewatch.org,CC_1917_06_17_TheImmigrant,,DESCARTADO,já existia no catálogo (mesmo source.id),
"Dr. Mabuse, the Gambler",1922,archivewatch.org,silent-dr-mabuse-der-spieler--ein-bild-der-zeit-aka-dr-mabuse-the-gambler,,DESCARTADO,já existia no catálogo (mesmo título),
Algiers,1938,archivewatch.org,Algiers_868,,DESCARTADO,já existia no catálogo (mesmo título),
My Man Godfrey,1936,archivewatch.org,MyManGodfrey1936,,DESCARTADO,já existia no catálogo (mesmo source.id),
Behind the Screen,1916,archivewatch.org,CC_1916_11_13_BehindtheScreen,,DESCARTADO,já existia no catálogo (mesmo source.id),
The Fireman,1916,archivewatch.org,CC_1916_06_12_TheFireman,,DESCARTADO,já existia no catálogo (mesmo título),
Second Chorus,1940,archivewatch.org,second_chorus,,DESCARTADO,já existia no catálogo (mesmo título),
Cyrano de Bergerac,1950,archivewatch.org,Cyrano_DeBergerac,,DESCARTADO,já existia no catálogo (mesmo source.id),
Steamboat Willie,1928,archivewatch.org,steamboat-willie_1928,,DESCARTADO,já existia no catálogo (mesmo título),
The Hunchback of Notre Dame,1923,archivewatch.org,The_Hunchback_of_Notre_Dame,,DESCARTADO,já existia no catálogo (mesmo título),
Robin Hood,1922,archivewatch.org,FairbanksRobinHood1922,,DESCARTADO,já existia no catálogo (mesmo source.id),
Lonely Wives,1931,archivewatch.org,Lonely_Wives_1931,,DESCARTADO,já existia no catálogo (mesmo source.id),
The Cat and the Canary,1927,archivewatch.org,The_Cat_and_the_Canary,,DESCARTADO,já existia no catálogo (mesmo título),
The Front Page,1931,archivewatch.org,TheFrontPage1931AdolpheMenjouPatOBrienLewismiles,,DESCARTADO,já existia no catálogo (mesmo source.id),
The Iron Horse,1925,archivewatch.org,silent-the-iron-horse,,DESCARTADO,já existia no catálogo (mesmo título),
Manos: The Hands of Fate,1966,archivewatch.org,manos_the_hands_of_fate,,DESCARTADO,já existia no catálogo (mesmo título),
Angel and the Badman,1947,archivewatch.org,angel_and_the_badman,,DESCARTADO,já existia no catálogo (mesmo source.id),
Wives Under Suspicion,1938,archivewatch.org,Wives_under_Suspicion_1938,,DESCARTADO,já existia no catálogo (mesmo source.id),
The Cabinet of Dr. Caligari,1919,archivewatch.org,DasKabinettdesDoktorCaligariTheCabinetofDrCaligari,,DESCARTADO,já existia no catálogo (mesmo título),
Valley of the Dolls,1967,archivewatch.org,valley.-of.-the.-dolls.-1967.1080p.-blu-ray.x-264-yts.-am,,DESCARTADO,ano 1967 acima do corte de domínio-público provável (1966) — precisa checagem manual,
Frankenstein,1931,archivewatch.org,frankenstein-1931-restored-movie-720p-hd,,DESCARTADO,já existia no catálogo (mesmo título),
War of the Planets,1977,archivewatch.org,Cosmos_War_of_the_Planets,,DESCARTADO,ano 1977 acima do corte de domínio-público provável (1966) — precisa checagem manual,
Shadow of a Doubt,1943,archivewatch.org,shadowofadoubt1943_202003,,DESCARTADO,já existia no catálogo (mesmo source.id),
Earth vs. the Flying Saucers,1956,archivewatch.org,earth-vs-the-flying-saucers-color,,DESCARTADO,já existia no catálogo (mesmo source.id),
The Golem,1920,archivewatch.org,TheGolem_893,,DESCARTADO,já existia no catálogo (mesmo título),
The Stranger,1946,archivewatch.org,TheStranger_0,,DESCARTADO,já existia no catálogo (mesmo título),
Killers from Space,1954,archivewatch.org,Killers_from_space,,DESCARTADO,já existia no catálogo (mesmo título),
Destroy All Planets,1968,archivewatch.org,Destroy_All_Planets,,DESCARTADO,ano 1968 acima do corte de domínio-público provável (1966) — precisa checagem manual,
Quatermass and the Pit,1967,archivewatch.org,quatermass-and-the-pit,,DESCARTADO,ano 1967 acima do corte de domínio-público provável (1966) — precisa checagem manual,
Scarlet Street,1945,archivewatch.org,ScarletStreet,,DESCARTADO,já existia no catálogo (mesmo título),
'Twas the Night Before Christmas,1974,archivewatch.org,twas-the-night-before-christmas-1974-full-movie-freedownloadvideo.net,,DESCARTADO,ano 1974 acima do corte de domínio-público provável (1966) — precisa checagem manual,
Impact,1949,archivewatch.org,impact,,DESCARTADO,já existia no catálogo (mesmo source.id),
Triumph of the Will,,archivewatch.org,TriumphOfTheWillgermanTriumphDesWillens,,DESCARTADO,já existia no catálogo (mesmo título),
The Gorilla,1939,archivewatch.org,the_gorilla,,DESCARTADO,"revisado nesta rodada - produção de estúdio grande, sem indício específico de queda em domínio público",
Jail Bait,1954,archivewatch.org,JailBait,,DESCARTADO,fora do escopo do catálogo (critério de segurança — conteúdo adulto/exploração ou compilação sem curadoria),
Detour,1945,archivewatch.org,Detour,,DESCARTADO,já existia no catálogo (mesmo título),
Indestructible Man,1955,archivewatch.org,indestructible_man,,DESCARTADO,já existia no catálogo (mesmo source.id),
Gulliver's Travels,,archivewatch.org,gullivers_travels1939,,DESCARTADO,já existia no catálogo (mesmo título),
The Wasp Woman,1960,archivewatch.org,The_Wasp_Women,,DESCARTADO,já existia no catálogo (mesmo título),
The Chase,1946,archivewatch.org,TheChase_,,DESCARTADO,já existia no catálogo (mesmo source.id),
The Big Combo,,archivewatch.org,TheBigComboCornellWilde1955BOO,,DESCARTADO,já existia no catálogo (mesmo título),
The Battle of San Pietro,1945,archivewatch.org,battle_of_san_pietro,,DESCARTADO,já existia no catálogo (mesmo source.id),
The Most Dangerous Game,1932,archivewatch.org,TheMostDangerousGame,,DESCARTADO,já existia no catálogo (mesmo título),
Assignment: Outer Space,1960,archivewatch.org,Assignment_Outer_Space,,DESCARTADO,já existia no catálogo (mesmo título),
Breve Cielo,1969,archivewatch.org,breve-cielo-1969,,DESCARTADO,ano 1969 acima do corte de domínio-público provável (1966) — precisa checagem manual,
La Fiaca,1969,archivewatch.org,la-fiaca-1969,,DESCARTADO,ano 1969 acima do corte de domínio-público provável (1966) — precisa checagem manual,
St Michael Aveva Un Gallo,1972,archivewatch.org,stmichaelavevaungallo,,DESCARTADO,ano 1972 acima do corte de domínio-público provável (1966) — precisa checagem manual,
"""The Brain That Wouldn't Die""",,emol.org,TheBrainThatWouldntDie_165,,DESCARTADO,já existia no catálogo (mesmo título),
"""The Last Man on Earth""",,emol.org,TheLastManOnEarth_72,,DESCARTADO,já existia no catálogo (mesmo source.id),
"""The Phantom of the Opera""",,emol.org,ThePhantomoftheOpera,,DESCARTADO,já existia no catálogo (mesmo título),
"""The Wasp Woman""",,emol.org,The_Wasp_Women,,DESCARTADO,já existia no catálogo (mesmo título),
"""Eternally Yours""",,emol.org,eternally_yours_ipod,,DESCARTADO,já existia no catálogo (mesmo título),
"""Made for Each Other""",,emol.org,made-for-each-other-1939,,DESCARTADO,já existia no catálogo (mesmo título),
"""Topper Returns""",,emol.org,Topper_Returns_41,,DESCARTADO,já existia no catálogo (mesmo título),
"""Calendar Girl""",,emol.org,calendar_girl,,DESCARTADO,já existia no catálogo (mesmo source.id),
"""Royal Wedding""",,emol.org,royal-wedding-1951,,DESCARTADO,já existia no catálogo (mesmo título),
"""Ride Ranger Ride""",,emol.org,ride_ranger_ride,,DESCARTADO,já existia no catálogo (mesmo source.id),
Betty Boop for President,,emol.org,Betty_Boop_for_President_1932,,DESCARTADO,já existia no catálogo (mesmo título),
Chess Nuts,,emol.org,bb_chess_nuts,,DESCARTADO,já existia no catálogo (mesmo source.id),
The Old Man of the Mountain,,emol.org,bb_old_man_of_the_mountain,,DESCARTADO,já existia no catálogo (mesmo source.id),
Betty Boop's Rise to Fame,,emol.org,bb_rise_to_fame,,DESCARTADO,já existia no catálogo (mesmo source.id),
Happy You And Merry Me,,emol.org,bb_happy_you,,DESCARTADO,já existia no catálogo (mesmo source.id),
"""Minnie the Moocher""",,emol.org,bb_minnie_the_moocher,,DESCARTADO,já existia no catálogo (mesmo source.id),
"""Popeye's Pappy""",,emol.org,PopeyeTheSailor-PopeyesPappy,,DESCARTADO,já existia no catálogo (mesmo source.id),
"""Patriotic Popeye""",,emol.org,popeye_patriotic_popeye,,DESCARTADO,já existia no catálogo (mesmo source.id),
"""Gopher Spinach""",,emol.org,Popeye_Gopher_Spinach_1954,,DESCARTADO,já existia no catálogo (mesmo source.id),
Felix in Hollywood,,emol.org,FelixTheCat-FelixInHollywood1923,,DESCARTADO,já existia no catálogo (mesmo título),
April Maze,,emol.org,FelixAprilMaze,,DESCARTADO,já existia no catálogo (mesmo source.id),
archive.org,,emol.org,woody_woodpecker_pantry_panic,,DESCARTADO,já existia no catálogo (mesmo source.id),
"""Flying Dueces""",,emol.org,TheFlyingDeuces720p1939,,DESCARTADO,já existia no catálogo (mesmo source.id),
"""Wolf Wolf,""",,emol.org,mighty_mouse_wolf_wolf,,DESCARTADO,já existia no catálogo (mesmo source.id),
Angel on My Shoulder,,openculture.com,angel_on_my_shoulder,,DESCARTADO,já existia no catálogo (mesmo título),
Becky Sharp,,openculture.com,BeckySharp1935,,DESCARTADO,já existia no catálogo (mesmo título),
Captain Kidd -,,openculture.com,CaptainKidd_,,DESCARTADO,já existia no catálogo (mesmo título),
Cyrano De Bergerac,,openculture.com,Cyrano_DeBergerac,,DESCARTADO,já existia no catálogo (mesmo source.id),
Jungle Book,,openculture.com,JungleBook,,DESCARTADO,já existia no catálogo (mesmo source.id),
Penny Serenade,,openculture.com,penny_serenade,,DESCARTADO,já existia no catálogo (mesmo título),
Romance Sentimentale,,openculture.com,RomanceSentimentale,,DESCARTADO,já existia no catálogo (mesmo source.id),
The Amazing Quest of Ernest Bliss,,openculture.com,amazing_adventure,,DESCARTADO,já existia no catálogo (mesmo source.id),
The Last Time I Saw Paris,,openculture.com,last_time_i_saw_paris,,DESCARTADO,"revisado nesta rodada - produção de estúdio grande, sem indício específico de queda em domínio público",
The Scarlet Letter,,openculture.com,MajesticPicturesPublicDomainTheScarletLetter,,DESCARTADO,já existia no catálogo (mesmo source.id),
The Snows of Kilimanjaro,,openculture.com,Kilimanjaro,,DESCARTADO,já existia no catálogo (mesmo título),
Blood on the Sun,,openculture.com,BloodontheSun,,DESCARTADO,já existia no catálogo (mesmo título),
Blonde Ice,,openculture.com,BlondeIce1948,,DESCARTADO,já existia no catálogo (mesmo título),
Bluebeard,,openculture.com,Bluebeard,,DESCARTADO,já existia no catálogo (mesmo source.id),
Dick Tracy,,openculture.com,PhotosbyHaroldDickTracyAll15ChaptersCombined,,DESCARTADO,já existia no catálogo (mesmo título),
Dick Tracy Meets Gruesome,,openculture.com,dick_tracy_meets_gruesome,,DESCARTADO,já existia no catálogo (mesmo título),
Dressed to Kill,,openculture.com,dressed_to_kill,,DESCARTADO,já existia no catálogo (mesmo source.id),
Impact,,openculture.com,impact,,DESCARTADO,já existia no catálogo (mesmo source.id),
Jamaica Inn,,openculture.com,Jamaica_Inn,,DESCARTADO,já existia no catálogo (mesmo source.id),
Please Murder Me,,openculture.com,Please_Murder_Me_movie,,DESCARTADO,já existia no catálogo (mesmo título),
Quicksand,,openculture.com,Quicksand_clear,,DESCARTADO,já existia no catálogo (mesmo source.id),
Secret Agent,,openculture.com,Hitchcock_Secret_Agent,,DESCARTADO,já existia no catálogo (mesmo título),
The Chase,,openculture.com,chase_the,,DESCARTADO,já existia no catálogo (mesmo título),
The Green Glove,,openculture.com,the_green_glove,,DESCARTADO,já existia no catálogo (mesmo source.id),
The Limping Man,,openculture.com,TheLimpingMan,,DESCARTADO,já existia no catálogo (mesmo source.id),
The Red House,,openculture.com,TheRedHouse,,DESCARTADO,já existia no catálogo (mesmo source.id),
The Second Woman,,openculture.com,The_Second_Woman_,,DESCARTADO,já existia no catálogo (mesmo source.id),
The Strange Love of Martha Ivers,,openculture.com,TheStrangeLoveOfMarthaIvers,,DESCARTADO,já existia no catálogo (mesmo título),
The Time of Your Life,,openculture.com,TheTimeofyourLife,,DESCARTADO,já existia no catálogo (mesmo source.id),
Trapped,,openculture.com,Trapped_,,DESCARTADO,já existia no catálogo (mesmo source.id),
Whistle Stop,,openculture.com,Whistle_Stop,,DESCARTADO,já existia no catálogo (mesmo source.id),
White Zombie,,openculture.com,white_zombie,,DESCARTADO,já existia no catálogo (mesmo título),
Woman on the Run,,openculture.com,Woman_on_the_Run,,DESCARTADO,já existia no catálogo (mesmo título),
McLintock!,,openculture.com,Mclintock.avi,,DESCARTADO,já existia no catálogo (mesmo source.id),
‘Neath the Arizona Skies,,openculture.com,NeaththeArizonaSkys,,DESCARTADO,já existia no catálogo (mesmo source.id),
Randy Rides Alone,,openculture.com,RandyRidesAlone,,DESCARTADO,já existia no catálogo (mesmo source.id),
Riders of Destiny,,openculture.com,RidersofDestiny_,,DESCARTADO,já existia no catálogo (mesmo título),
Sagebrush Trail,,openculture.com,SagebrushTrail,,DESCARTADO,já existia no catálogo (mesmo source.id),
Santa Fe Trail,,openculture.com,SantaFeTrail1940,,DESCARTADO,já existia no catálogo (mesmo source.id),
The Dawn Rider,,openculture.com,TheDawnRider,,DESCARTADO,já existia no catálogo (mesmo source.id),
The Great Train Robbery,,openculture.com,TheGreatTrainRobbery_555,,DESCARTADO,já existia no catálogo (mesmo título),
The Lucky Texan —,,openculture.com,TheLuckyTexan,,DESCARTADO,já existia no catálogo (mesmo título),
The Man From Utah,,openculture.com,TheManFromUtah,,DESCARTADO,já existia no catálogo (mesmo título),
The Star Packer,,openculture.com,The_Star_Packer,,DESCARTADO,já existia no catálogo (mesmo source.id),
Vengeance Valley,,openculture.com,VengeanceValley,,DESCARTADO,já existia no catálogo (mesmo source.id),
West of the Divide,,openculture.com,west_of_the_divide,,DESCARTADO,já existia no catálogo (mesmo source.id),
Abraham Lincoln —,,openculture.com,abraham_lincoln,,DESCARTADO,já existia no catálogo (mesmo source.id),
Broken Blossoms,,openculture.com,brokenblossoms1919,,DESCARTADO,já existia no catálogo (mesmo source.id),
Die Nibelungen,,openculture.com,1924NIbelungos02,,DESCARTADO,já existia no catálogo (mesmo título),
Dr. Jekyll And Mr. Hyde,,openculture.com,Dr.JekyllAndMr.Hyde1912_201312,,DESCARTADO,já existia no catálogo (mesmo source.id),
Faust —,,openculture.com,FaustF.W.MurnauSilentFilm,,DESCARTADO,já existia no catálogo (mesmo título),
Häxan,,openculture.com,Haxan_tinted_and_subtitled,,DESCARTADO,já existia no catálogo (mesmo título),
Joyless Street,,openculture.com,TheJoylessStreet1926,,DESCARTADO,já existia no catálogo (mesmo título),
October: Ten Days That Shook the World,,openculture.com,Eisenstein-October,,DESCARTADO,já existia no catálogo (mesmo título),
Old and New,,openculture.com,Eisenstein-TheGeneralLine,,DESCARTADO,revisado nesta rodada - obra estrangeira - risco de restauração de copyright pela URAA,
One Week,,openculture.com,OneWeek,,DESCARTADO,já existia no catálogo (mesmo título),
The Adventurer —,,openculture.com,CC_1917_10_22_TheAdventurer,,DESCARTADO,já existia no catálogo (mesmo source.id),
The Devilish Tenant,,openculture.com,TheDevilishTenant,,DESCARTADO,já existia no catálogo (mesmo source.id),
The Four Horsemen of the Apocalypse,,openculture.com,FourHorsemenOfTheApocalypse,,DESCARTADO,já existia no catálogo (mesmo título),
The Golem: How He Came Into the World,,openculture.com,TheGolem_893,,DESCARTADO,já existia no catálogo (mesmo título),
The Hunchback of Notre Dame,,openculture.com,The_Hunchback_of_Notre_Dame,,DESCARTADO,já existia no catálogo (mesmo título),
The Phantom Carriage,,openculture.com,ThePhantomCarriage,,DESCARTADO,já existia no catálogo (mesmo título),
The Sheik,,openculture.com,TheSheik,,DESCARTADO,já existia no catálogo (mesmo título),
The Toll of the Sea,,openculture.com,TheTollOfTheSeanovember261922,,DESCARTADO,já existia no catálogo (mesmo source.id),
The Vagabond,,openculture.com,CC_1916_07_10_TheVagabond,,DESCARTADO,já existia no catálogo (mesmo título),
The Wizard of Oz,,openculture.com,TheWizardOfOz1925,,DESCARTADO,já existia no catálogo (mesmo título),
Tillie’s Punctured Romance,,openculture.com,CC_1914_11_14_TilliesPuncturedRomance,,DESCARTADO,já existia no catálogo (mesmo título),
Charade,,openculture.com,charade1963,,DESCARTADO,já existia no catálogo (mesmo título),
his_girl_friday,,openculture.com,his_girl_friday,,DESCARTADO,já existia no catálogo (mesmo source.id),
Meet John Doe,,openculture.com,meet_john_doe,,DESCARTADO,já existia no catálogo (mesmo título),
Reefer Madness,,openculture.com,reefer_madness1938,,DESCARTADO,já existia no catálogo (mesmo título),
The Jackie Robinson Story,,openculture.com,Jackie_Robinson_Story_The,,DESCARTADO,já existia no catálogo (mesmo source.id),
Things to Come,,openculture.com,things_to_come_ipod_version,,DESCARTADO,já existia no catálogo (mesmo título),
The Terror,,openculture.com,Little_ShopOf_Horrors.avi,,DESCARTADO,já existia no catálogo (mesmo título),
The_General_Buster_Keaton,,openculture.com,The_General_Buster_Keaton,,DESCARTADO,já existia no catálogo (mesmo source.id),
Convict13,,openculture.com,Convict13,,DESCARTADO,já existia no catálogo (mesmo source.id),
The_Frozen_North,,openculture.com,The_Frozen_North,,DESCARTADO,já existia no catálogo (mesmo título),
Cops,,openculture.com,Cops,,DESCARTADO,já existia no catálogo (mesmo título),
college,,openculture.com,college,,DESCARTADO,já existia no catálogo (mesmo source.id),
The_Impossible_Voyage,,openculture.com,The_Impossible_Voyage,,DESCARTADO,já existia no catálogo (mesmo source.id),
TheDevilishTenant,,openculture.com,TheDevilishTenant,,DESCARTADO,já existia no catálogo (mesmo source.id),
Nanook of the North,,openculture.com,manOfAran1934,,DESCARTADO,já existia no catálogo (mesmo título),
Reefer Madness,1936,publicdomainmovie.net,,,DESCARTADO,já existia no catálogo (mesmo título),
Abraham Lincoln,1930,publicdomainmovie.net,,,DESCARTADO,já existia no catálogo (mesmo título),
The Vagabond,1916,publicdomainmovie.net,,,DESCARTADO,já existia no catálogo (mesmo título),
The Cure,1917,publicdomainmovie.net,,,DESCARTADO,já existia no catálogo (mesmo título),
D.O.A.,1949,publicdomainmovie.net,,,DESCARTADO,já existia no catálogo (mesmo título),
The Flying Deuces,1939,publicdomainmovie.net,,,DESCARTADO,já existia no catálogo (mesmo título),
Santa Fe Trail,1940,publicdomainmovie.net,,,DESCARTADO,já existia no catálogo (mesmo título),
Sherlock Holmes and the Secret Weapon,1943,publicdomainmovie.net,,,DESCARTADO,já existia no catálogo (mesmo título),
New Adventures of Tarzan,1935,publicdomainmovie.net,,,DESCARTADO,já existia no catálogo (mesmo título),
Disorder in the Court,1936,publicdomainmovie.net,,,DESCARTADO,já existia no catálogo (mesmo título),
The Phantom Creeps,1939,publicdomainmovie.net,,,DESCARTADO,já existia no catálogo (mesmo título),
Captain Kidd,1945,publicdomainmovie.net,,,DESCARTADO,já existia no catálogo (mesmo título),
Too Late for Tears,1949,publicdomainmovie.net,,,DESCARTADO,já existia no catálogo (mesmo título),
"Rock, Rock, Rock",1956,publicdomainmovie.net,,,DESCARTADO,já existia no catálogo (mesmo título),
Attack of the Giant Leeches,1959,publicdomainmovie.net,,,DESCARTADO,já existia no catálogo (mesmo título),
The Lady Vanishes,1938,publicdomainmovie.net,,,DESCARTADO,já existia no catálogo (mesmo título),
Child Bride,1938,publicdomainmovie.net,,,DESCARTADO,já existia no catálogo (mesmo título),
Call of the Yukon,1938,publicdomainmovie.net,,,DESCARTADO,já existia no catálogo (mesmo título),
Sing A Song of Six Pants,1947,publicdomainmovie.net,,,DESCARTADO,já existia no catálogo (mesmo título),
Things To Come,1936,publicdomainmovie.net,,,DESCARTADO,já existia no catálogo (mesmo título),
Tarzan of the Apes,1918,publicdomainmovie.net,,,DESCARTADO,já existia no catálogo (mesmo título),
The Snows of Kilimanjaro,1952,publicdomainmovie.net,,,DESCARTADO,já existia no catálogo (mesmo título),
Africa Screams,1949,publicdomainmovie.net,,,DESCARTADO,já existia no catálogo (mesmo título),
A Star Is Born,1937,publicdomainmovie.net,,,DESCARTADO,já existia no catálogo (mesmo título),
A Man Betrayed,1936,publicdomainmovie.net,,,DESCARTADO,já existia no catálogo (mesmo título),
Attack From Space,1959,publicdomainmovie.net,,,DESCARTADO,já existia no catálogo (mesmo título),
The Phantom Planet,1961,publicdomainmovie.net,,,DESCARTADO,já existia no catálogo (mesmo título),
West of the Divide,1934,publicdomainmovie.net,,,DESCARTADO,já existia no catálogo (mesmo título),
Made for Each Other,1939,publicdomainmovie.net,,,DESCARTADO,já existia no catálogo (mesmo título),
The Terror,1963,publicdomainmovie.net,,,DESCARTADO,já existia no catálogo (mesmo título),
Lil' Abner,1940,publicdomainmovie.net,,,DESCARTADO,já existia no catálogo (mesmo título),
Africa Speaks,1930,publicdomainmovie.net,,,DESCARTADO,já existia no catálogo (mesmo título),
Till The Clouds Roll By,1946,publicdomainmovie.net,,,DESCARTADO,já existia no catálogo (mesmo título),
The Big Combo,1955,publicdomainmovie.net,,,DESCARTADO,já existia no catálogo (mesmo título),
The Screaming Skull,1958,publicdomainmovie.net,,,DESCARTADO,já existia no catálogo (mesmo título),
The Blood Of Jesus,1941,publicdomainmovie.net,,,DESCARTADO,já existia no catálogo (mesmo título),
Abe Lincoln of the Ninth Avenue,1939,publicdomainmovie.net,,,DESCARTADO,já existia no catálogo (mesmo título),
Phantom From Space,1953,publicdomainmovie.net,,,DESCARTADO,já existia no catálogo (mesmo título),
Jamaica Inn,1939,publicdomainmovie.net,,,DESCARTADO,já existia no catálogo (mesmo título),
Svengali,1931,publicdomainmovie.net,,,DESCARTADO,já existia no catálogo (mesmo título),
The Brain that Wouldn't Die,1962,publicdomainmovie.net,,,DESCARTADO,já existia no catálogo (mesmo título),
Beat the Devil,1953,publicdomainmovie.net,,,DESCARTADO,já existia no catálogo (mesmo título),
Rain,1932,publicdomainmovie.net,,,DESCARTADO,já existia no catálogo (mesmo título),
Lady of Burlesque,1943,publicdomainmovie.net,,,DESCARTADO,já existia no catálogo (mesmo título),
Our Daily Bread,1934,publicdomainmovie.net,,,DESCARTADO,já existia no catálogo (mesmo título),
Little Lord Fauntleroy,1936,publicdomainmovie.net,,,DESCARTADO,já existia no catálogo (mesmo título),
Bride of the Gorilla,1951,publicdomainmovie.net,,,DESCARTADO,já existia no catálogo (mesmo título),
"Steamboat Bill, Jr.",1928,publicdomainmovie.net,,,DESCARTADO,já existia no catálogo (mesmo título),
The Time of Your Life,1948,publicdomainmovie.net,,,DESCARTADO,já existia no catálogo (mesmo título),
Love Laughs at Andy Hardy,1946,publicdomainmovie.net,,,DESCARTADO,já existia no catálogo (mesmo título),
Life with Father,1947,publicdomainmovie.net,,,DESCARTADO,já existia no catálogo (mesmo título),
Boys of the City,1940,publicdomainmovie.net,,,DESCARTADO,já existia no catálogo (mesmo título),
The Sheik,1921,publicdomainmovie.net,,,DESCARTADO,já existia no catálogo (mesmo título),
Misbehaving Husbands,1940,publicdomainmovie.net,,,DESCARTADO,já existia no catálogo (mesmo título),
Vengeance Valley,1951,publicdomainmovie.net,,,DESCARTADO,já existia no catálogo (mesmo título),
Hell Ship Mutiny,1957,publicdomainmovie.net,,,DESCARTADO,já existia no catálogo (mesmo título),
Black Dragons,1942,publicdomainmovie.net,,,DESCARTADO,já existia no catálogo (mesmo título),
Love Affair,1939,publicdomainmovie.net,,,DESCARTADO,já existia no catálogo (mesmo título),
The Holy Ghost People,1967,publicdomainmovie.net,,,DESCARTADO,ano 1967 acima do corte de domínio-público provável (1966) — precisa checagem manual,
The Cameraman,1928,publicdomainmovie.net,,,DESCARTADO,já existia no catálogo (mesmo título),
Three Broadway Girls,1932,publicdomainmovie.net,,,DESCARTADO,já existia no catálogo (mesmo título),
Blue Steel,1934,publicdomainmovie.net,,,DESCARTADO,já existia no catálogo (mesmo título),
Pot o' Gold,1941,publicdomainmovie.net,,,DESCARTADO,já existia no catálogo (mesmo título),
Randy Rides Alone,1934,publicdomainmovie.net,,,DESCARTADO,já existia no catálogo (mesmo título),
The North Star,1943,publicdomainmovie.net,,,DESCARTADO,já existia no catálogo (mesmo título),
Between Showers,1914,publicdomainmovie.net,,,DESCARTADO,já existia no catálogo (mesmo título),
Bowery Blitzkrieg,1941,publicdomainmovie.net,,,DESCARTADO,já existia no catálogo (mesmo título),
The Painted Hills,1951,publicdomainmovie.net,,,DESCARTADO,já existia no catálogo (mesmo título),
Nothing Sacred,1937,publicdomainmovie.net,,,DESCARTADO,já existia no catálogo (mesmo título),
Attack from Space,1964,publicdomainmovie.net,,,DESCARTADO,já existia no catálogo (mesmo título),
Women in the Night,1948,publicdomainmovie.net,,,DESCARTADO,já existia no catálogo (mesmo título),
The Playhouse,1921,publicdomainmovie.net,,,DESCARTADO,já existia no catálogo (mesmo título),
Eternally Yours,1939,publicdomainmovie.net,,,DESCARTADO,já existia no catálogo (mesmo título),
Alice In Wonderland,1915,publicdomainmovie.net,,,DESCARTADO,já existia no catálogo (mesmo título),
"Swing High, Swing Low",1937,publicdomainmovie.net,,,DESCARTADO,já existia no catálogo (mesmo título),
Beyond Tomorrow,1940,publicdomainmovie.net,,,DESCARTADO,já existia no catálogo (mesmo título),
D.O.A.,1955,publicdomainmovie.net,,,DESCARTADO,já existia no catálogo (mesmo título),
The Killer Shrews,1959,publicdomainmovie.net,,,DESCARTADO,já existia no catálogo (mesmo título),
Bird of Paradise,1932,publicdomainmovie.net,,,DESCARTADO,já existia no catálogo (mesmo título),
Aerial Gunner,1943,publicdomainmovie.net,,,DESCARTADO,já existia no catálogo (mesmo título),
The Yesterday Machine,1963,publicdomainmovie.net,,,DESCARTADO,já existia no catálogo (mesmo título),
Of Human Bondage,1934,publicdomainmovie.net,,,DESCARTADO,já existia no catálogo (mesmo título),
Marihuana,1936,publicdomainmovie.net,,,DESCARTADO,já existia no catálogo (mesmo título),
Cops,1922,publicdomainmovie.net,,,DESCARTADO,já existia no catálogo (mesmo título),
The Amazing Transparent Man,1960,publicdomainmovie.net,,,DESCARTADO,já existia no catálogo (mesmo título),
This Is Not a Test,1962,publicdomainmovie.net,,,DESCARTADO,já existia no catálogo (mesmo título),
Horrors of Spider Island,1962,publicdomainmovie.net,,,DESCARTADO,já existia no catálogo (mesmo título),
The Blacksmith,1922,publicdomainmovie.net,,,DESCARTADO,já existia no catálogo (mesmo título),
College,1927,publicdomainmovie.net,,,DESCARTADO,já existia no catálogo (mesmo título),
Father's Little Dividend,1941,publicdomainmovie.net,,,DESCARTADO,já existia no catálogo (mesmo título),
One Body Too Many,1944,publicdomainmovie.net,,,DESCARTADO,já existia no catálogo (mesmo título),
The Dawn Rider,1935,publicdomainmovie.net,,,DESCARTADO,já existia no catálogo (mesmo título),
Paradise Isle,1937,publicdomainmovie.net,,,DESCARTADO,já existia no catálogo (mesmo título),
Barefoot Boy,1938,publicdomainmovie.net,,,DESCARTADO,já existia no catálogo (mesmo título),
Blood on the Sun,1945,publicdomainmovie.net,,,DESCARTADO,já existia no catálogo (mesmo título),
Atlantic Flight,1937,publicdomainmovie.net,,,DESCARTADO,já existia no catálogo (mesmo título),
Cause for Alarm!,1951,publicdomainmovie.net,,,DESCARTADO,já existia no catálogo (mesmo título),
Evil Brain From Outer Space,1964,publicdomainmovie.net,,,DESCARTADO,já existia no catálogo (mesmo título),
Becky Sharp,1935,publicdomainmovie.net,,,DESCARTADO,já existia no catálogo (mesmo título),
Speak Easily,1932,publicdomainmovie.net,,,DESCARTADO,já existia no catálogo (mesmo título),
Go for Broke,1951,publicdomainmovie.net,,,DESCARTADO,já existia no catálogo (mesmo título),
The Big Cat,1949,publicdomainmovie.net,,,DESCARTADO,já existia no catálogo (mesmo título),
Danger Ahead,1935,publicdomainmovie.net,,,DESCARTADO,já existia no catálogo (mesmo título),
Lying Lips,1939,publicdomainmovie.net,,,DESCARTADO,já existia no catálogo (mesmo título),
Bela Lugosi Meets a Brooklyn Gorilla,1952,publicdomainmovie.net,,,DESCARTADO,já existia no catálogo (mesmo título),
The Black Pirate,1926,publicdomainmovie.net,,,DESCARTADO,já existia no catálogo (mesmo título),
The Southerner,1945,publicdomainmovie.net,,,DESCARTADO,já existia no catálogo (mesmo título),
Neath The Arizona Skies,1934,publicdomainmovie.net,,,DESCARTADO,já existia no catálogo (mesmo título),
Home,2009,publicdomainmovie.net,,,DESCARTADO,ano 2009 acima do corte de domínio-público provável (1966) — precisa checagem manual,
The Four Horsemen of the Apocalypse,1921,publicdomainmovie.net,,,DESCARTADO,já existia no catálogo (mesmo título),
Money Madness,1948,publicdomainmovie.net,,,DESCARTADO,já existia no catálogo (mesmo título),
Mr. Imperium,1951,publicdomainmovie.net,,,DESCARTADO,já existia no catálogo (mesmo título),
Sagebrush Trail,1933,publicdomainmovie.net,,,DESCARTADO,já existia no catálogo (mesmo título),
Judge Priest,1934,publicdomainmovie.net,,,DESCARTADO,já existia no catálogo (mesmo título),
The Last Time I Saw Paris,1954,publicdomainmovie.net,,,DESCARTADO,já existia no catálogo (mesmo título),
The Chinese Ring,1947,publicdomainmovie.net,,,DESCARTADO,já existia no catálogo (mesmo título),
Rage at Dawn,1955,publicdomainmovie.net,,,DESCARTADO,já existia no catálogo (mesmo título),
The Lucky Texan,1934,publicdomainmovie.net,,,DESCARTADO,já existia no catálogo (mesmo título),
The Ape Man,1943,publicdomainmovie.net,,,DESCARTADO,já existia no catálogo (mesmo título),
The Devil Bat,1940,publicdomainmovie.net,,,DESCARTADO,já existia no catálogo (mesmo título),
Invisible Ghost,1941,publicdomainmovie.net,,,DESCARTADO,já existia no catálogo (mesmo título),
The Bat,1959,publicdomainmovie.net,,,DESCARTADO,já existia no catálogo (mesmo título),
The Star Packer,1934,publicdomainmovie.net,,,DESCARTADO,já existia no catálogo (mesmo título),
Eegah,1962,publicdomainmovie.net,,,DESCARTADO,já existia no catálogo (mesmo título),
broken blossoms,1919,publicdomainmovie.net,,,DESCARTADO,já existia no catálogo (mesmo título),
Arizona Days,1928,publicdomainmovie.net,,,DESCARTADO,já existia no catálogo (mesmo título),
The Outlaw,1943,publicdomainmovie.net,,,DESCARTADO,já existia no catálogo (mesmo título),
The Animal Kingdom,1932,publicdomainmovie.net,,,DESCARTADO,já existia no catálogo (mesmo título),
The Balloonatic,1923,publicdomainmovie.net,,,DESCARTADO,já existia no catálogo (mesmo título),
Riders of Destiny,1933,publicdomainmovie.net,,,DESCARTADO,já existia no catálogo (mesmo título),
Evel Knievel,1971,publicdomainmovie.net,,,DESCARTADO,ano 1971 acima do corte de domínio-público provável (1966) — precisa checagem manual,
The Man from Utah,1934,publicdomainmovie.net,,,DESCARTADO,já existia no catálogo (mesmo título),
Horrors of Spider Island,1960,publicdomainmovie.net,,,DESCARTADO,já existia no catálogo (mesmo título),
Behind Office Doors,1931,publicdomainmovie.net,,,DESCARTADO,já existia no catálogo (mesmo título),
Santa Claus Conquers The Martians,1964,publicdomainmovie.net,,,DESCARTADO,já existia no catálogo (mesmo título),
The Giant Gila Monster,1959,publicdomainmovie.net,,,DESCARTADO,já existia no catálogo (mesmo título),
The Monster Maker,1944,publicdomainmovie.net,,,DESCARTADO,já existia no catálogo (mesmo título),
Eternal Evil,1985,publicdomainmovie.net,,,DESCARTADO,ano 1985 acima do corte de domínio-público provável (1966) — precisa checagem manual,
The Fall of the House of Usher,1928,publicdomainmovie.net,,,DESCARTADO,já existia no catálogo (mesmo título),
The Driller Killer - 96 Minute Uncut Version,1979,publicdomainmovie.net,,,DESCARTADO,ano 1979 acima do corte de domínio-público provável (1966) — precisa checagem manual,
The Streetfighter (1974),1974,publicdomainmovie.net,,,DESCARTADO,ano 1974 acima do corte de domínio-público provável (1966) — precisa checagem manual,
Moon of The Wolf [1972],1972,publicdomainmovie.net,,,DESCARTADO,ano 1972 acima do corte de domínio-público provável (1966) — precisa checagem manual,
Sister Streetfighter (1974),1974,publicdomainmovie.net,,,DESCARTADO,ano 1974 acima do corte de domínio-público provável (1966) — precisa checagem manual,
Horror Express (with spanish subtitles),1972,publicdomainmovie.net,,,DESCARTADO,ano 1972 acima do corte de domínio-público provável (1966) — precisa checagem manual,
Arizona Days,1937,publicdomainmovie.net,,,DESCARTADO,já existia no catálogo (mesmo título),
Indestructible Man,1956,publicdomainmovie.net,,,DESCARTADO,já existia no catálogo (mesmo título),
Battleship Potemkin,1925,publicdomainmovie.net,,,DESCARTADO,já existia no catálogo (mesmo título),
The Great Flamarion,1945,publicdomainmovie.net,,,DESCARTADO,já existia no catálogo (mesmo título),
INVASION OF THE BEE GIRLS widescreen & quality upgrade.,1973,publicdomainmovie.net,,,DESCARTADO,ano 1973 acima do corte de domínio-público provável (1966) — precisa checagem manual,
Letter of Introduction,1938,publicdomainmovie.net,,,DESCARTADO,já existia no catálogo (mesmo título),
Night of the Living Dead (1968) - restored,1968,publicdomainmovie.net,,,DESCARTADO,ano 1968 acima do corte de domínio-público provável (1966) — precisa checagem manual,
The High Sign,1921,publicdomainmovie.net,,,DESCARTADO,já existia no catálogo (mesmo título),
The Emperor Jones,1933,publicdomainmovie.net,,,DESCARTADO,já existia no catálogo (mesmo título),
Kept Husbands,1931,publicdomainmovie.net,,,DESCARTADO,já existia no catálogo (mesmo título),
I Cover the Waterfront,1933,publicdomainmovie.net,,,DESCARTADO,já existia no catálogo (mesmo título),
Sinners in Paradise,1938,publicdomainmovie.net,,,DESCARTADO,já existia no catálogo (mesmo título),
Driller Killer (1979),1979,publicdomainmovie.net,,,DESCARTADO,ano 1979 acima do corte de domínio-público provável (1966) — precisa checagem manual,
The Sin of Nora Moran,1933,publicdomainmovie.net,,,DESCARTADO,já existia no catálogo (mesmo título),
The Monster Walks,1932,publicdomainmovie.net,,,DESCARTADO,já existia no catálogo (mesmo título),
The Joe Louis Story,1953,publicdomainmovie.net,,,DESCARTADO,já existia no catálogo (mesmo título),
Horror Express (1972),1972,publicdomainmovie.net,,,DESCARTADO,ano 1972 acima do corte de domínio-público provável (1966) — precisa checagem manual,
The Inspector General,1949,publicdomainmovie.net,,,DESCARTADO,já existia no catálogo (mesmo título),
La Souriante Madame Beudet,1922,publicdomainmovie.net,,,DESCARTADO,já existia no catálogo (mesmo título),
The Bat,1960,publicdomainmovie.net,,,DESCARTADO,já existia no catálogo (mesmo título),
Night Of The Living Dead 720p 1968,1968,publicdomainmovie.net,,,DESCARTADO,ano 1968 acima do corte de domínio-público provável (1966) — precisa checagem manual,
Brain That Wouldn't Die Upgrade,1968,publicdomainmovie.net,,,DESCARTADO,ano 1968 acima do corte de domínio-público provável (1966) — precisa checagem manual,
The Lucifer Complex,1978,publicdomainmovie.net,,,DESCARTADO,ano 1978 acima do corte de domínio-público provável (1966) — precisa checagem manual,
The Phantom Broadcast,1933,publicdomainmovie.net,,,DESCARTADO,já existia no catálogo (mesmo título),
Father's Little Dividend,1951,publicdomainmovie.net,,,DESCARTADO,já existia no catálogo (mesmo título),
Road to Bali,1952,publicdomainmovie.net,,,DESCARTADO,já existia no catálogo (mesmo título),
The Iron Horse,1924,publicdomainmovie.net,,,DESCARTADO,já existia no catálogo (mesmo título),
The Unholy Three,1925,publicdomainmovie.net,,,DESCARTADO,já existia no catálogo (mesmo título),
The Big Parade,1925,publicdomainmovie.net,,,DESCARTADO,já existia no catálogo (mesmo título),
Seven Chances,1925,publicdomainmovie.net,,,DESCARTADO,já existia no catálogo (mesmo título),
Sunrise: A Song of Two Humans,1927,publicdomainmovie.net,,,DESCARTADO,já existia no catálogo (mesmo título),
Wings,1927,publicdomainmovie.net,,,DESCARTADO,já existia no catálogo (mesmo título),
The Lady Refuses,1931,publicdomainmovie.net,,,DESCARTADO,já existia no catálogo (mesmo título),
The Man with the Golden Arm,1955,publicdomainmovie.net,,,DESCARTADO,já existia no catálogo (mesmo título),
The Deadly Companions,1961,publicdomainmovie.net,,,DESCARTADO,já existia no catálogo (mesmo título),
The Last Man on Earth,1964,publicdomainmovie.net,,,DESCARTADO,já existia no catálogo (mesmo título),
Popeye for President,1956,publicdomainmovie.net,,,DESCARTADO,já existia no catálogo (mesmo título),
Popeye the Sailor Meets Ali Baba's Forty Thieves,1937,publicdomainmovie.net,,,DESCARTADO,já existia no catálogo (mesmo título),
Superman: The Mechanical Monsters,1941,publicdomainmovie.net,,,DESCARTADO,já existia no catálogo (mesmo título),
Popeye: Cooking With Gags,1954,publicdomainmovie.net,,,DESCARTADO,já existia no catálogo (mesmo título),
Popeye: Assault and Flattery,1956,publicdomainmovie.net,,,DESCARTADO,já existia no catálogo (mesmo título),
Popeye: Taxi-Turvy,1954,publicdomainmovie.net,,,DESCARTADO,já existia no catálogo (mesmo título),
Popeye: Greek Mirthology,1954,publicdomainmovie.net,,,DESCARTADO,já existia no catálogo (mesmo título),
Superman: Electric Earthquake,1942,publicdomainmovie.net,,,DESCARTADO,já existia no catálogo (mesmo título),
Popeye: Gopher Spinach,1954,publicdomainmovie.net,,,DESCARTADO,já existia no catálogo (mesmo título),
Popeye: Parlez Vous Woo,1956,publicdomainmovie.net,,,DESCARTADO,já existia no catálogo (mesmo título),
Superman: Eleventh Hour,1942,publicdomainmovie.net,,,DESCARTADO,já existia no catálogo (mesmo título),
Popeye: I Don't Scare,1956,publicdomainmovie.net,,,DESCARTADO,já existia no catálogo (mesmo título),
"Betty Boop: I'll Be Glad When You're Dead, You Rascal You",1932,publicdomainmovie.net,,,DESCARTADO,já existia no catálogo (mesmo título),
Destruction Inc.,1942,publicdomainmovie.net,,,DESCARTADO,já existia no catálogo (mesmo título),
Popeye the Sailor: Nearlyweds,1956,publicdomainmovie.net,,,DESCARTADO,já existia no catálogo (mesmo título),
Secret Agent,1943,publicdomainmovie.net,,,DESCARTADO,já existia no catálogo (mesmo título),
Betty Boop: The Old Man Of The Mountain,1933,publicdomainmovie.net,,,DESCARTADO,já existia no catálogo (mesmo título),
Popeye: The Paneless Window Washer,1937,publicdomainmovie.net,,,DESCARTADO,já existia no catálogo (mesmo título),
Betty Boop: Betty in Blunderland,1933,publicdomainmovie.net,,,DESCARTADO,já existia no catálogo (mesmo título),
Now You're Talking,1927,publicdomainmovie.net,,,DESCARTADO,já existia no catálogo (mesmo título),
The Spirit of '43,1943,publicdomainmovie.net,,,DESCARTADO,já existia no catálogo (mesmo título),
Popeye: Bride and Gloom,1954,publicdomainmovie.net,,,DESCARTADO,já existia no catálogo (mesmo título),
Betty Boop: Happy You And Merry Me,1936,publicdomainmovie.net,,,DESCARTADO,já existia no catálogo (mesmo título),
Showdown,1942,publicdomainmovie.net,,,DESCARTADO,já existia no catálogo (mesmo título),
Betty Boop: House Cleaning Blues,1937,publicdomainmovie.net,,,DESCARTADO,já existia no catálogo (mesmo título),
Betty Boop: Musical Mountaineers,1939,publicdomainmovie.net,,,DESCARTADO,já existia no catálogo (mesmo título),
Popeye: Floor Flusher,1953,publicdomainmovie.net,,,DESCARTADO,já existia no catálogo (mesmo título),
Falling Hare,1943,publicdomainmovie.net,,,DESCARTADO,já existia no catálogo (mesmo título),
Japoteurs,1942,publicdomainmovie.net,,,DESCARTADO,já existia no catálogo (mesmo título),
Have You Got Any Castles?,1938,publicdomainmovie.net,,,DESCARTADO,já existia no catálogo (mesmo título),
Aladdin and His Wonderful Lamp,1939,publicdomainmovie.net,,,DESCARTADO,já existia no catálogo (mesmo título),
Felix: Doubles for Darwin,1924,publicdomainmovie.net,,,DESCARTADO,já existia no catálogo (mesmo título),
Sintel,2010,publicdomainmovie.net,,,DESCARTADO,ano 2010 acima do corte de domínio-público provável (1966) — precisa checagem manual,
Space Transformer,1983,publicdomainmovie.net,,,DESCARTADO,ano 1983 acima do corte de domínio-público provável (1966) — precisa checagem manual,
Felix The Cat - April Maze,1930,publicdomainmovie.net,,,DESCARTADO,já existia no catálogo (mesmo título),
Raiders of Galaxy,1985,publicdomainmovie.net,,,DESCARTADO,ano 1985 acima do corte de domínio-público provável (1966) — precisa checagem manual,
Tatlin,1990,publicdomainmovie.net,,,DESCARTADO,ano 1990 acima do corte de domínio-público provável (1966) — precisa checagem manual,
elephants dream,2006,publicdomainmovie.net,,,DESCARTADO,ano 2006 acima do corte de domínio-público provável (1966) — precisa checagem manual,
Spring,2019,publicdomainmovie.net,,,DESCARTADO,ano 2019 acima do corte de domínio-público provável (1966) — precisa checagem manual,
"Crosby, Columbo And Vallee",1932,publicdomainmovie.net,,,DESCARTADO,já existia no catálogo (mesmo título),
Goopy Geer,1932,publicdomainmovie.net,,,DESCARTADO,já existia no catálogo (mesmo título),
Freddy the Freshman,1932,publicdomainmovie.net,,,DESCARTADO,já existia no catálogo (mesmo título),
The Booze Hangs High,1930,publicdomainmovie.net,,,DESCARTADO,já existia no catálogo (mesmo título),
Dumb Patrol,1931,publicdomainmovie.net,,,DESCARTADO,já existia no catálogo (mesmo título),
90 Day Wondering,1956,publicdomainmovie.net,,,DESCARTADO,já existia no catálogo (mesmo título),
The Daffy Duckaroo,1942,publicdomainmovie.net,,,DESCARTADO,já existia no catálogo (mesmo título),
"Lady, Play Your Mandolin!",1931,publicdomainmovie.net,,,DESCARTADO,já existia no catálogo (mesmo título),
Hold Anything,1930,publicdomainmovie.net,,,DESCARTADO,já existia no catálogo (mesmo título),
Get Rich Quick Porky,1937,publicdomainmovie.net,,,DESCARTADO,já existia no catálogo (mesmo título),
A Tale Of Two Kitties,1942,publicdomainmovie.net,,,DESCARTADO,já existia no catálogo (mesmo título),
Bars and Stripes Forever,1939,publicdomainmovie.net,,,DESCARTADO,já existia no catálogo (mesmo título),
The Early Worm Gets The Bird,1940,publicdomainmovie.net,,,DESCARTADO,já existia no catálogo (mesmo título),
Ali Baba Bound,1940,publicdomainmovie.net,,,DESCARTADO,já existia no catálogo (mesmo título),
The Ducktators,1942,publicdomainmovie.net,,,DESCARTADO,já existia no catálogo (mesmo título),
Daffy's Southern Exposure,1942,publicdomainmovie.net,,,DESCARTADO,já existia no catálogo (mesmo título),
The Wacky Wabbit,1942,publicdomainmovie.net,,,DESCARTADO,já existia no catálogo (mesmo título),
Daffy Duck And The Dinosaur,1939,publicdomainmovie.net,,,DESCARTADO,já existia no catálogo (mesmo título),
The Impatient Patient,1942,publicdomainmovie.net,,,DESCARTADO,já existia no catálogo (mesmo título),
Elephants Dream (2006): Surreal Desolation of the Human Mind,2006,freemoviescinema.com,,,DESCARTADO,ano 2006 acima do corte de domínio-público provável (1966) — precisa checagem manual,
Pomegranate (2026): Machine generation at its best,2026,freemoviescinema.com,,,DESCARTADO,ano 2026 acima do corte de domínio-público provável (1966) — precisa checagem manual,
Beyond The Law (1968): Highly Underrated Spaghetti Western,1968,freemoviescinema.com,,,DESCARTADO,ano 1968 acima do corte de domínio-público provável (1966) — precisa checagem manual,
King of Kong Island (1968): Italian Exploitation Cinema,1968,freemoviescinema.com,,,DESCARTADO,ano 1968 acima do corte de domínio-público provável (1966) — precisa checagem manual,
METROPOLIS,1927,freemoviescinema.com,,,DESCARTADO,já existia no catálogo (mesmo título),
THE PASSION OF JOAN OF ARC,1928,freemoviescinema.com,,,DESCARTADO,já existia no catálogo (mesmo título),
A Hunting Accident,,openculture.com,,,DESCARTADO,"só disponível no YouTube (não usamos, ver decisão do usuário)",
A Star is Born,,openculture.com,,,DESCARTADO,"só disponível no YouTube (não usamos, ver decisão do usuário)",
Adventures of Robinson Crusoe,,openculture.com,,,DESCARTADO,"só disponível no YouTube (não usamos, ver decisão do usuário)",
Afonya,,openculture.com,,,DESCARTADO,"só disponível no YouTube (não usamos, ver decisão do usuário)",
Enthusiasm,,openculture.com,,,DESCARTADO,"só disponível no YouTube (não usamos, ver decisão do usuário)",
Hell’s Angels,,openculture.com,,,DESCARTADO,"só disponível no YouTube (não usamos, ver decisão do usuário)",
Hercules,,openculture.com,,,DESCARTADO,"só disponível no YouTube (não usamos, ver decisão do usuário)",
Hometown in My Heart,,openculture.com,,,DESCARTADO,"só disponível no YouTube (não usamos, ver decisão do usuário)",
Killer Drill,,openculture.com,,,DESCARTADO,"só disponível no YouTube (não usamos, ver decisão do usuário)",
Love and Pigeons,,openculture.com,,,DESCARTADO,"só disponível no YouTube (não usamos, ver decisão do usuário)",
Mulberry,,openculture.com,,,DESCARTADO,"só disponível no YouTube (não usamos, ver decisão do usuário)",
Our Town,,openculture.com,,,DESCARTADO,"só disponível no YouTube (não usamos, ver decisão do usuário)",
Ruslan and Ludmila,,openculture.com,,,DESCARTADO,"só disponível no YouTube (não usamos, ver decisão do usuário)",
Secret Weapons,,openculture.com,,,DESCARTADO,"só disponível no YouTube (não usamos, ver decisão do usuário)",
Spider Baby,,openculture.com,,,DESCARTADO,"só disponível no YouTube (não usamos, ver decisão do usuário)",
Terror by Night,,openculture.com,,,DESCARTADO,"só disponível no YouTube (não usamos, ver decisão do usuário)",
The Diamond Arm,,openculture.com,,,DESCARTADO,"só disponível no YouTube (não usamos, ver decisão do usuário)",
The Dove,,openculture.com,,,DESCARTADO,"só disponível no YouTube (não usamos, ver decisão do usuário)",
The Fast And The Furious,,openculture.com,,,DESCARTADO,"só disponível no YouTube (não usamos, ver decisão do usuário)",
The Flying Deuces,,openculture.com,,,DESCARTADO,"só disponível no YouTube (não usamos, ver decisão do usuário)",
The Jungle Book,,openculture.com,,,DESCARTADO,"só disponível no YouTube (não usamos, ver decisão do usuário)",
The Woman in Green,,openculture.com,,,DESCARTADO,"só disponível no YouTube (não usamos, ver decisão do usuário)",
Uncle Vanya,,openculture.com,,,DESCARTADO,"só disponível no YouTube (não usamos, ver decisão do usuário)",
We Are Jazzmen,,openculture.com,,,DESCARTADO,"só disponível no YouTube (não usamos, ver decisão do usuário)",
White Tiger,,openculture.com,,,DESCARTADO,"só disponível no YouTube (não usamos, ver decisão do usuário)",
A Bucket of Blood,,openculture.com,,,DESCARTADO,"só disponível no YouTube (não usamos, ver decisão do usuário)",
A Life at Stake,,openculture.com,,,DESCARTADO,"só disponível no YouTube (não usamos, ver decisão do usuário)",
And Then There Were None,,openculture.com,,,DESCARTADO,"só disponível no YouTube (não usamos, ver decisão do usuário)",
Cause for Alarm!,,openculture.com,,,DESCARTADO,"só disponível no YouTube (não usamos, ver decisão do usuário)",
Invisible Ghost,,openculture.com,,,DESCARTADO,"só disponível no YouTube (não usamos, ver decisão do usuário)",
Jigsaw,,openculture.com,,,DESCARTADO,"só disponível no YouTube (não usamos, ver decisão do usuário)",
Lady in the Death House,,openculture.com,,,DESCARTADO,"só disponível no YouTube (não usamos, ver decisão do usuário)",
Seven Sinners,,openculture.com,,,DESCARTADO,"só disponível no YouTube (não usamos, ver decisão do usuário)",
The 39 Steps,,openculture.com,,,DESCARTADO,"só disponível no YouTube (não usamos, ver decisão do usuário)",
The Adventures of Sherlock Holmes,,openculture.com,,,DESCARTADO,"só disponível no YouTube (não usamos, ver decisão do usuário)",
The Man Who Cheated Himself,,openculture.com,,,DESCARTADO,"só disponível no YouTube (não usamos, ver decisão do usuário)",
The Thirteenth Guest,,openculture.com,,,DESCARTADO,"só disponível no YouTube (não usamos, ver decisão do usuário)",
Time Table,,openculture.com,,,DESCARTADO,"só disponível no YouTube (não usamos, ver decisão do usuário)",
Too Late for Tears,,openculture.com,,,DESCARTADO,"só disponível no YouTube (não usamos, ver decisão do usuário)",
Tormented,,openculture.com,,,DESCARTADO,"só disponível no YouTube (não usamos, ver decisão do usuário)",
Bruce Lee the Invincible,,openculture.com,,,DESCARTADO,"só disponível no YouTube (não usamos, ver decisão do usuário)",
Four Robbers,,openculture.com,,,DESCARTADO,"só disponível no YouTube (não usamos, ver decisão do usuário)",
Guy With Secret Kung Fu,,openculture.com,,,DESCARTADO,"só disponível no YouTube (não usamos, ver decisão do usuário)",
Heroes of Shaolin,,openculture.com,,,DESCARTADO,"só disponível no YouTube (não usamos, ver decisão do usuário)",
Legend of the Eight Samurai,,openculture.com,,,DESCARTADO,"só disponível no YouTube (não usamos, ver decisão do usuário)",
Master of the Flying Guillotine,,openculture.com,,,DESCARTADO,"só disponível no YouTube (não usamos, ver decisão do usuário)",
Return of Kung Fu Dragon,,openculture.com,,,DESCARTADO,"só disponível no YouTube (não usamos, ver decisão do usuário)",
Return of the Street Fighter,,openculture.com,,,DESCARTADO,"só disponível no YouTube (não usamos, ver decisão do usuário)",
Spirits of Bruce Lee,,openculture.com,,,DESCARTADO,"só disponível no YouTube (não usamos, ver decisão do usuário)",
The Big Fight,,openculture.com,,,DESCARTADO,"só disponível no YouTube (não usamos, ver decisão do usuário)",
The Real Bruce Lee,,openculture.com,,,DESCARTADO,"só disponível no YouTube (não usamos, ver decisão do usuário)",
The Street Fighter’s Last Revenge,,openculture.com,,,DESCARTADO,"só disponível no YouTube (não usamos, ver decisão do usuário)",
Angel and the Badman,,openculture.com,,,DESCARTADO,"só disponível no YouTube (não usamos, ver decisão do usuário)",
Blue Steel,,openculture.com,,,DESCARTADO,"só disponível no YouTube (não usamos, ver decisão do usuário)",
High Lonesome,,openculture.com,,,DESCARTADO,"só disponível no YouTube (não usamos, ver decisão do usuário)",
Joshua,,openculture.com,,,DESCARTADO,"só disponível no YouTube (não usamos, ver decisão do usuário)",
Law of the Rio Grande,,openculture.com,,,DESCARTADO,"só disponível no YouTube (não usamos, ver decisão do usuário)",
Rainbow Valley —,,openculture.com,,,DESCARTADO,"só disponível no YouTube (não usamos, ver decisão do usuário)",
Seven Alone,,openculture.com,,,DESCARTADO,"só disponível no YouTube (não usamos, ver decisão do usuário)",
The Outlaw,,openculture.com,,,DESCARTADO,"só disponível no YouTube (não usamos, ver decisão do usuário)",
Winds of the Wasteland,,openculture.com,,,DESCARTADO,"só disponível no YouTube (não usamos, ver decisão do usuário)",
A Burlesque On Carmen,,openculture.com,,,DESCARTADO,"só disponível no YouTube (não usamos, ver decisão do usuário)",
A Busy Day,,openculture.com,,,DESCARTADO,"só disponível no YouTube (não usamos, ver decisão do usuário)",
A Day’s Pleasure,,openculture.com,,,DESCARTADO,"só disponível no YouTube (não usamos, ver decisão do usuário)",
A Dog’s Life,,openculture.com,,,DESCARTADO,"só disponível no YouTube (não usamos, ver decisão do usuário)",
A Film Johnnie,,openculture.com,,,DESCARTADO,"só disponível no YouTube (não usamos, ver decisão do usuário)",
A Night in the Show,,openculture.com,,,DESCARTADO,"só disponível no YouTube (não usamos, ver decisão do usuário)",
A Woman,,openculture.com,,,DESCARTADO,"só disponível no YouTube (não usamos, ver decisão do usuário)",
Behind the Screen,,openculture.com,,,DESCARTADO,"só disponível no YouTube (não usamos, ver decisão do usuário)",
Between Showers,,openculture.com,,,DESCARTADO,"só disponível no YouTube (não usamos, ver decisão do usuário)",
Charlie Shanghaied,,openculture.com,,,DESCARTADO,"só disponível no YouTube (não usamos, ver decisão do usuário)",
Easy Street,,openculture.com,,,DESCARTADO,"só disponível no YouTube (não usamos, ver decisão do usuário)",
Easy Virtue,,openculture.com,,,DESCARTADO,"só disponível no YouTube (não usamos, ver decisão do usuário)",
Greed,,openculture.com,,,DESCARTADO,"só disponível no YouTube (não usamos, ver decisão do usuário)",
Kid Auto Races at Venice,,openculture.com,,,DESCARTADO,"só disponível no YouTube (não usamos, ver decisão do usuário)",
Laughing Gas,,openculture.com,,,DESCARTADO,"só disponível no YouTube (não usamos, ver decisão do usuário)",
Making a Living,,openculture.com,,,DESCARTADO,"só disponível no YouTube (não usamos, ver decisão do usuário)",
Metropolis,,openculture.com,,,DESCARTADO,"só disponível no YouTube (não usamos, ver decisão do usuário)",
Nerves,,openculture.com,,,DESCARTADO,"só disponível no YouTube (não usamos, ver decisão do usuário)",
Sherlock Jr.,,openculture.com,,,DESCARTADO,"só disponível no YouTube (não usamos, ver decisão do usuário)",
The Fireman,,openculture.com,,,DESCARTADO,"só disponível no YouTube (não usamos, ver decisão do usuário)",
The Floorwalker,,openculture.com,,,DESCARTADO,"só disponível no YouTube (não usamos, ver decisão do usuário)",
The Freshman,,openculture.com,,,DESCARTADO,"só disponível no YouTube (não usamos, ver decisão do usuário)",
The Gold Rush,,openculture.com,,,DESCARTADO,"só disponível no YouTube (não usamos, ver decisão do usuário)",
The Immigrant,,openculture.com,,,DESCARTADO,"só disponível no YouTube (não usamos, ver decisão do usuário)",
The Pawnshop,,openculture.com,,,DESCARTADO,"só disponível no YouTube (não usamos, ver decisão do usuário)",
The Rink,,openculture.com,,,DESCARTADO,"só disponível no YouTube (não usamos, ver decisão do usuário)",
The Sealed Room,,openculture.com,,,DESCARTADO,"só disponível no YouTube (não usamos, ver decisão do usuário)",
The Story of the Kelly Gang,,openculture.com,,,DESCARTADO,"só disponível no YouTube (não usamos, ver decisão do usuário)",
The Ten Commandments,,openculture.com,,,DESCARTADO,"só disponível no YouTube (não usamos, ver decisão do usuário)",
The Tramp,,openculture.com,,,DESCARTADO,"só disponível no YouTube (não usamos, ver decisão do usuário)",
The Water Magician,,openculture.com,,,DESCARTADO,"só disponível no YouTube (não usamos, ver decisão do usuário)",
Three Songs About Lenin,,openculture.com,,,DESCARTADO,"só disponível no YouTube (não usamos, ver decisão do usuário)",
Albert Einstein: How I See the World,,openculture.com,,,DESCARTADO,"só disponível no YouTube (não usamos, ver decisão do usuário)",
Andy Warhol: The Complete Picture,,openculture.com,,,DESCARTADO,"só disponível no YouTube (não usamos, ver decisão do usuário)",
Bob Marley ‘Come A Long Way’,,openculture.com,,,DESCARTADO,"só disponível no YouTube (não usamos, ver decisão do usuário)",
Beat This!: A Hip-Hop History,,openculture.com,,,DESCARTADO,"só disponível no YouTube (não usamos, ver decisão do usuário)",
Blitzkrieg Bop,,openculture.com,,,DESCARTADO,"só disponível no YouTube (não usamos, ver decisão do usuário)",
"Brian Eno: The Man Who Fell To Earth, 1971–1977",,openculture.com,,,DESCARTADO,"só disponível no YouTube (não usamos, ver decisão do usuário)",
Buckminster Fuller: Thinking Out Loud,,openculture.com,,,DESCARTADO,"só disponível no YouTube (não usamos, ver decisão do usuário)",
Caravaggio,,openculture.com,,,DESCARTADO,"só disponível no YouTube (não usamos, ver decisão do usuário)",
"Confrontation: Paris, 1968",,openculture.com,,,DESCARTADO,"só disponível no YouTube (não usamos, ver decisão do usuário)",
David Bowie: Sound and Vision,,openculture.com,,,DESCARTADO,"só disponível no YouTube (não usamos, ver decisão do usuário)",
Degenerate Art,,openculture.com,,,DESCARTADO,"só disponível no YouTube (não usamos, ver decisão do usuário)",
Dorothea Lange Part 1: Under The Trees,,openculture.com,,,DESCARTADO,"só disponível no YouTube (não usamos, ver decisão do usuário)",
Dreams Are What We Wake Up From,,openculture.com,,,DESCARTADO,"só disponível no YouTube (não usamos, ver decisão do usuário)",
Fear and Loathing on the Road to Hollywood,,openculture.com,,,DESCARTADO,"só disponível no YouTube (não usamos, ver decisão do usuário)",
Frank Zappa,,openculture.com,,,DESCARTADO,"só disponível no YouTube (não usamos, ver decisão do usuário)",
Gauguin: Symbolism’s Problem Child,,openculture.com,,,DESCARTADO,"só disponível no YouTube (não usamos, ver decisão do usuário)",
George Eastman House: Picture Perfect,,openculture.com,,,DESCARTADO,"só disponível no YouTube (não usamos, ver decisão do usuário)",
Georges Bataille: À Perte de Vues,,openculture.com,,,DESCARTADO,"só disponível no YouTube (não usamos, ver decisão do usuário)",
History of the Leica Camera,,openculture.com,,,DESCARTADO,"só disponível no YouTube (não usamos, ver decisão do usuário)",
Iggy Pop and the Stooges,,openculture.com,,,DESCARTADO,"só disponível no YouTube (não usamos, ver decisão do usuário)",
John Peel’s Record Box,,openculture.com,,,DESCARTADO,"só disponível no YouTube (não usamos, ver decisão do usuário)",
Last Days at the Fillmore,,openculture.com,,,DESCARTADO,"só disponível no YouTube (não usamos, ver decisão do usuário)",
Life in a Day,,openculture.com,,,DESCARTADO,"só disponível no YouTube (não usamos, ver decisão do usuário)",
Paul Klee: The Silence of the Angel,,openculture.com,,,DESCARTADO,"só disponível no YouTube (não usamos, ver decisão do usuário)",
Poor Kids,,openculture.com,,,DESCARTADO,"só disponível no YouTube (não usamos, ver decisão do usuário)",
Road to the Stars,,openculture.com,,,DESCARTADO,"só disponível no YouTube (não usamos, ver decisão do usuário)",
Samurai Sword: Making of a Legend,,openculture.com,,,DESCARTADO,"só disponível no YouTube (não usamos, ver decisão do usuário)",
Saul Alinsky Went to War,,openculture.com,,,DESCARTADO,"só disponível no YouTube (não usamos, ver decisão do usuário)",
Sea of Faith,,openculture.com,,,DESCARTADO,"só disponível no YouTube (não usamos, ver decisão do usuário)",
Shenzhen: The Silicon Valley of Hardware,,openculture.com,,,DESCARTADO,"só disponível no YouTube (não usamos, ver decisão do usuário)",
Sun Ra: A Joyful Noise,,openculture.com,,,DESCARTADO,"só disponível no YouTube (não usamos, ver decisão do usuário)",
The Artist Formerly Known as Captain Beefheart,,openculture.com,,,DESCARTADO,"só disponível no YouTube (não usamos, ver decisão do usuário)",
The Boy Band Con: The Lou Pearlman Story,,openculture.com,,,DESCARTADO,"só disponível no YouTube (não usamos, ver decisão do usuário)",
The Love for Wood,,openculture.com,,,DESCARTADO,"só disponível no YouTube (não usamos, ver decisão do usuário)",
The Making of Koyaanisqatsi,,openculture.com,,,DESCARTADO,"só disponível no YouTube (não usamos, ver decisão do usuário)",
The Nomi Song,,openculture.com,,,DESCARTADO,"só disponível no YouTube (não usamos, ver decisão do usuário)",
The Power of Nightmares,,openculture.com,,,DESCARTADO,"só disponível no YouTube (não usamos, ver decisão do usuário)",
The Queen of Trees,,openculture.com,,,DESCARTADO,"só disponível no YouTube (não usamos, ver decisão do usuário)",
The Responsive Eye,,openculture.com,,,DESCARTADO,"só disponível no YouTube (não usamos, ver decisão do usuário)",
The World of Buckminster Fuller,,openculture.com,,,DESCARTADO,"só disponível no YouTube (não usamos, ver decisão do usuário)",
The Thinking Game,,openculture.com,,,DESCARTADO,"só disponível no YouTube (não usamos, ver decisão do usuário)",
The Way of the Flesh,,openculture.com,,,DESCARTADO,"só disponível no YouTube (não usamos, ver decisão do usuário)",
The Wrecking Crew,,openculture.com,,,DESCARTADO,"só disponível no YouTube (não usamos, ver decisão do usuário)",
There is No Authority But Yourself,,openculture.com,,,DESCARTADO,"só disponível no YouTube (não usamos, ver decisão do usuário)",
This is Marshall McLuhan: The Medium is the Message,,openculture.com,,,DESCARTADO,"só disponível no YouTube (não usamos, ver decisão do usuário)",
This is Ska,,openculture.com,,,DESCARTADO,"só disponível no YouTube (não usamos, ver decisão do usuário)",
Tokyo Girls,,openculture.com,,,DESCARTADO,"só disponível no YouTube (não usamos, ver decisão do usuário)",
UFOs: It Has Begun,,openculture.com,,,DESCARTADO,"só disponível no YouTube (não usamos, ver decisão do usuário)",
Victory at Sea,,openculture.com,,,DESCARTADO,"só disponível no YouTube (não usamos, ver decisão do usuário)",
Vietnam! Vietnam!,,openculture.com,,,DESCARTADO,"só disponível no YouTube (não usamos, ver decisão do usuário)",
Virginia Woolf: A Novelist,,openculture.com,,,DESCARTADO,"só disponível no YouTube (não usamos, ver decisão do usuário)",
Visit to Picasso,,openculture.com,,,DESCARTADO,"só disponível no YouTube (não usamos, ver decisão do usuário)",
Watching My Name Go By,,openculture.com,,,DESCARTADO,"só disponível no YouTube (não usamos, ver decisão do usuário)",
Who’s Afraid Of Machiavelli,,openculture.com,,,DESCARTADO,"só disponível no YouTube (não usamos, ver decisão do usuário)",
William S. Burroughs: 100 Years,,openculture.com,,,DESCARTADO,"só disponível no YouTube (não usamos, ver decisão do usuário)",
Wittgenstein: A Wonderful Life,,openculture.com,,,DESCARTADO,"só disponível no YouTube (não usamos, ver decisão do usuário)",
Woody Guthrie,,openculture.com,,,DESCARTADO,"só disponível no YouTube (não usamos, ver decisão do usuário)",
Malice in Wonderland,,openculture.com,,,DESCARTADO,"só disponível no YouTube (não usamos, ver decisão do usuário)",
Mathmagic Land,,openculture.com,,,DESCARTADO,"só disponível no YouTube (não usamos, ver decisão do usuário)",
Purl,,openculture.com,,,DESCARTADO,"só disponível no YouTube (não usamos, ver decisão do usuário)",
The Skeleton Dance,,openculture.com,,,DESCARTADO,"só disponível no YouTube (não usamos, ver decisão do usuário)",
125 Korean Feature Films,,openculture.com,,,DESCARTADO,"só disponível no YouTube (não usamos, ver decisão do usuário)",
70 Movies in HD from Famed Russian Studio Mosfilm,,openculture.com,,,DESCARTADO,"só disponível no YouTube (não usamos, ver decisão do usuário)",
A Farewell to Arms,,openculture.com,,,DESCARTADO,"só disponível no YouTube (não usamos, ver decisão do usuário)",
A Song of Love,,openculture.com,,,DESCARTADO,"só disponível no YouTube (não usamos, ver decisão do usuário)",
Alexander Nevsky,,openculture.com,,,DESCARTADO,"só disponível no YouTube (não usamos, ver decisão do usuário)",
Andrei Rublev,,openculture.com,,,DESCARTADO,"só disponível no YouTube (não usamos, ver decisão do usuário)",
Anna Karenina,,openculture.com,,,DESCARTADO,"só disponível no YouTube (não usamos, ver decisão do usuário)",
Battleship Potemkin,,openculture.com,,,DESCARTADO,"só disponível no YouTube (não usamos, ver decisão do usuário)",
Blade Runner 2049 Prequels,,openculture.com,,,DESCARTADO,"só disponível no YouTube (não usamos, ver decisão do usuário)",
Castello Cavalcanti,,openculture.com,,,DESCARTADO,"só disponível no YouTube (não usamos, ver decisão do usuário)",
collective:unconscious,,openculture.com,,,DESCARTADO,post do openculture.com não linka pra um item do archive.org (provável outro host de vídeo),
Crash: The Short Film,,openculture.com,,,DESCARTADO,"só disponível no YouTube (não usamos, ver decisão do usuário)",
Darwin,,openculture.com,,,DESCARTADO,"só disponível no YouTube (não usamos, ver decisão do usuário)",
Détour,,openculture.com,,,DESCARTADO,"só disponível no YouTube (não usamos, ver decisão do usuário)",
Diary,,openculture.com,,,DESCARTADO,"só disponível no YouTube (não usamos, ver decisão do usuário)",
Dinner for One,,openculture.com,,,DESCARTADO,"só disponível no YouTube (não usamos, ver decisão do usuário)",
Doodlebug,,openculture.com,,,DESCARTADO,"só disponível no YouTube (não usamos, ver decisão do usuário)",
Double Take,,openculture.com,,,DESCARTADO,post do openculture.com não linka pra um item do archive.org (provável outro host de vídeo),
Duet for Cannibals,,openculture.com,,,DESCARTADO,post do openculture.com não linka pra um item do archive.org (provável outro host de vídeo),
Edgar Allan Poe’s the Raven,,openculture.com,,,DESCARTADO,"só disponível no YouTube (não usamos, ver decisão do usuário)",
Fear and Desire —,,openculture.com,,,DESCARTADO,"só disponível no YouTube (não usamos, ver decisão do usuário)",
Fight for Your Right Revisited,,openculture.com,,,DESCARTADO,"só disponível no YouTube (não usamos, ver decisão do usuário)",
Five Minutes to Live,,openculture.com,,,DESCARTADO,"só disponível no YouTube (não usamos, ver decisão do usuário)",
Flamenco at 5:15,,openculture.com,,,DESCARTADO,"só disponível no YouTube (não usamos, ver decisão do usuário)",
From the Drain,,openculture.com,,,DESCARTADO,"só disponível no YouTube (não usamos, ver decisão do usuário)",
Geometria,,openculture.com,,,DESCARTADO,"só disponível no YouTube (não usamos, ver decisão do usuário)",
Hardware Wars,,openculture.com,,,DESCARTADO,"só disponível no YouTube (não usamos, ver decisão do usuário)",
Herbert White,,openculture.com,,,DESCARTADO,"só disponível no YouTube (não usamos, ver decisão do usuário)",
Human: The Movie,,openculture.com,,,DESCARTADO,"só disponível no YouTube (não usamos, ver decisão do usuário)",
I Thought I Told You to Shut Up,,openculture.com,,,DESCARTADO,post do openculture.com não linka pra um item do archive.org (provável outro host de vídeo),
Impressions de la haute Mongolie,,openculture.com,,,DESCARTADO,"só disponível no YouTube (não usamos, ver decisão do usuário)",
Ivan’s Childhood,,openculture.com,,,DESCARTADO,"só disponível no YouTube (não usamos, ver decisão do usuário)",
Ivan the Terrible,,openculture.com,,,DESCARTADO,"só disponível no YouTube (não usamos, ver decisão do usuário)",
J’attendrai le suivant,,openculture.com,,,DESCARTADO,"só disponível no YouTube (não usamos, ver decisão do usuário)",
La Dialectique Peut-Elle Casser Des Briques? (Can Dialectics Break Bricks?),,openculture.com,,,DESCARTADO,"só disponível no YouTube (não usamos, ver decisão do usuário)",
La Femme 100 Tetes,,openculture.com,,,DESCARTADO,post do openculture.com não linka pra um item do archive.org (provável outro host de vídeo),
Lady Blue Shanghai,,openculture.com,,,DESCARTADO,"só disponível no YouTube (não usamos, ver decisão do usuário)",
Lick the Star,,openculture.com,,,DESCARTADO,"só disponível no YouTube (não usamos, ver decisão do usuário)",
Lumiere,,openculture.com,,,DESCARTADO,"só disponível no YouTube (não usamos, ver decisão do usuário)",
Meetin’ WA,,openculture.com,,,DESCARTADO,post do openculture.com não linka pra um item do archive.org (provável outro host de vídeo),
Menthe,,openculture.com,,,DESCARTADO,post do openculture.com não linka pra um item do archive.org (provável outro host de vídeo),
Meshes of the Afternoon,,openculture.com,,,DESCARTADO,"só disponível no YouTube (não usamos, ver decisão do usuário)",
Metamorfosis,,openculture.com,,,DESCARTADO,"só disponível no YouTube (não usamos, ver decisão do usuário)",
Mike Leigh’s Five Minute Films,,openculture.com,,,DESCARTADO,"só disponível no YouTube (não usamos, ver decisão do usuário)",
My Best Friend’s Birthday,,openculture.com,,,DESCARTADO,"só disponível no YouTube (não usamos, ver decisão do usuário)",
No Exit/Huis Close,,openculture.com,,,DESCARTADO,"só disponível no YouTube (não usamos, ver decisão do usuário)",
Plaisir d’amour en Iran,,openculture.com,,,DESCARTADO,post do openculture.com não linka pra um item do archive.org (provável outro host de vídeo),
Plan 9 from Outer Space,,openculture.com,,,DESCARTADO,"só disponível no YouTube (não usamos, ver decisão do usuário)",
Plastic Bag,,openculture.com,,,DESCARTADO,"só disponível no YouTube (não usamos, ver decisão do usuário)",
Rakka,,openculture.com,,,DESCARTADO,"só disponível no YouTube (não usamos, ver decisão do usuário)",
Stalker,,openculture.com,,,DESCARTADO,"só disponível no YouTube (não usamos, ver decisão do usuário)",
Thanksgiving Prayer,,openculture.com,,,DESCARTADO,"só disponível no YouTube (não usamos, ver decisão do usuário)",
The Blood of a Poet,,openculture.com,,,DESCARTADO,post do openculture.com não linka pra um item do archive.org (provável outro host de vídeo),
The Cut Ups,,openculture.com,,,DESCARTADO,"só disponível no YouTube (não usamos, ver decisão do usuário)",
The Discipline of D.E.,,openculture.com,,,DESCARTADO,"só disponível no YouTube (não usamos, ver decisão do usuário)",
The Fall of the House of Usher,,openculture.com,,,DESCARTADO,"só disponível no YouTube (não usamos, ver decisão do usuário)",
The Hire,,openculture.com,,,DESCARTADO,"só disponível no YouTube (não usamos, ver decisão do usuário)",
The Last Farm,,openculture.com,,,DESCARTADO,"só disponível no YouTube (não usamos, ver decisão do usuário)",
The Legend of Hallowdega,,openculture.com,,,DESCARTADO,post do openculture.com não linka pra um item do archive.org (provável outro host de vídeo),
The Lunch Date,,openculture.com,,,DESCARTADO,"só disponível no YouTube (não usamos, ver decisão do usuário)",
The Metamorphosis – A Study: Nabokov on Kafka,,openculture.com,,,DESCARTADO,"só disponível no YouTube (não usamos, ver decisão do usuário)",
The Mirror,,openculture.com,,,DESCARTADO,"só disponível no YouTube (não usamos, ver decisão do usuário)",
The Orchid Gardener,,openculture.com,,,DESCARTADO,post do openculture.com não linka pra um item do archive.org (provável outro host de vídeo),
The Quest,,openculture.com,,,DESCARTADO,"só disponível no YouTube (não usamos, ver decisão do usuário)",
The Short Films of Louis CK,,openculture.com,,,DESCARTADO,"só disponível no YouTube (não usamos, ver decisão do usuário)",
The Stranger,,openculture.com,,,DESCARTADO,"só disponível no YouTube (não usamos, ver decisão do usuário)",
The World of Stainboy,,openculture.com,,,DESCARTADO,"só disponível no YouTube (não usamos, ver decisão do usuário)",
Tuileries,,openculture.com,,,DESCARTADO,"só disponível no YouTube (não usamos, ver decisão do usuário)",
Two Men,,openculture.com,,,DESCARTADO,falha ao abrir post do openculture.com (HTTP 403 for https://www.openculture.com/2016/11/kafka-two-men.html),
Vinyl,,openculture.com,,,DESCARTADO,falha ao abrir post do openculture.com (HTTP 403 for https://www.openculture.com/2014/03/andy-warhols-1965-film-vinyl.html),
Waiting for Godot,,openculture.com,,,DESCARTADO,falha ao abrir post do openculture.com (HTTP 403 for https://www.openculture.com/2012/10/samuel_beckett_directs_his_absurdist_play_waiting_for_godot.html),
War & Peace,,openculture.com,,,DESCARTADO,falha ao abrir post do openculture.com (HTTP 403 for https://www.openculture.com/2015/06/watch-war-and-peace-the-splendid-epic-film-adaptation-of-leo-tolstoys-grand-novel-1969.html),
Why Try to Escape from Which You Know You Can’t Escape from? Because You Are a Coward,,openculture.com,,,DESCARTADO,post do openculture.com não linka pra um item do archive.org (provável outro host de vídeo),
Beat the Devil,,openculture.com,,,DESCARTADO,"só disponível no YouTube (não usamos, ver decisão do usuário)",
Big Bluff,,openculture.com,,,DESCARTADO,"só disponível no YouTube (não usamos, ver decisão do usuário)",
Carnival of Souls,,openculture.com,,,DESCARTADO,falha ao abrir post do openculture.com (HTTP 403 for https://www.openculture.com/2015/10/watch-the-cult-classic-horror-film-carnival-of-souls-1962.html),
Dementia 13,,openculture.com,,,DESCARTADO,falha ao abrir post do openculture.com (HTTP 403 for https://www.openculture.com/2012/03/idementia_13i_the_film_that_took_francis_ford_coppola_from_schlockster_to_auteur.html),
Detour,,openculture.com,,,DESCARTADO,falha ao abrir post do openculture.com (HTTP 403 for https://www.openculture.com/2012/03/idetouri_the_cheap_rushed_piece_of_1940s_film_noir_nobody_ever_forgets.html),
D.O.A.,,openculture.com,,,DESCARTADO,"só disponível no YouTube (não usamos, ver decisão do usuário)",
Kansas City Confidential,,openculture.com,,,DESCARTADO,falha ao abrir post do openculture.com (HTTP 403 for https://www.openculture.com/2013/02/kansas_city_confidential.html),
Key Lime Pie,,openculture.com,,,DESCARTADO,falha ao abrir post do openculture.com (HTTP 403 for https://www.openculture.com/2010/09/animated_noir_key_lime_pie.html),
Night of the Living Dead,,openculture.com,,,DESCARTADO,falha ao abrir post do openculture.com (HTTP 403 for https://www.openculture.com/2012/11/watch_inight_of_the_living_deadi_the_seminal_zombie_movie_free_online.html),
Pulgasari,,openculture.com,,,DESCARTADO,falha ao abrir post do openculture.com (HTTP 403 for https://www.openculture.com/2011/12/kim_jong-ils_godzilla_movie.html),
Scarlet Street,,openculture.com,,,DESCARTADO,falha ao abrir post do openculture.com (HTTP 403 for https://www.openculture.com/2012/10/fritz_langs_licentious_profane_obscure_noir_film_iscarlet_streeti_1945.html),
Suddenly,,openculture.com,,,DESCARTADO,falha ao abrir post do openculture.com (HTTP 403 for https://www.openculture.com/2012/11/frank_sinatra_stars_in_1954_noir_suddenly.html),
The Hitch-Hiker,,openculture.com,,,DESCARTADO,falha ao abrir post do openculture.com (HTTP 403 for https://www.openculture.com/2012/03/female_noir_director_ida_lupinos_ithe_hitch-hikeri_free_online.html),
The Image,,openculture.com,,,DESCARTADO,falha ao abrir post do openculture.com (HTTP 403 for https://www.openculture.com/2016/03/watch-david-bowie-star-in-his-first-film-role-a-short-horror-flick-called-the-image-1967.html),
The Lodger: A Story of the London Fog,,openculture.com,,,DESCARTADO,falha ao abrir post do openculture.com (HTTP 403 for https://www.openculture.com/2014/07/alfred-hitchcocks-the-lodger.html),
The Strange Woman —,,openculture.com,,,DESCARTADO,falha ao abrir post do openculture.com (HTTP 403 for https://www.openculture.com/watch-the-strange-woman-the-1947-noir-film-starring-hedy-lamarr),
Rawhide,,openculture.com,,,DESCARTADO,falha ao abrir post do openculture.com (HTTP 403 for https://www.openculture.com/2011/08/lou_gehrig_yankee_legend_stars_in_1938_western_film.html),
60 Free Charlie Chaplin Films,,openculture.com,,,DESCARTADO,falha ao abrir post do openculture.com (HTTP 403 for https://www.openculture.com/2011/12/free_charlie_chaplin_films_on_the_web.html),
A Christmas Carol,,openculture.com,,,DESCARTADO,falha ao abrir post do openculture.com (HTTP 403 for https://www.openculture.com/a_christmas_carol_presented_in_a_thomas_edison_film_1910),
A Man with a Camera,,openculture.com,,,DESCARTADO,"só disponível no YouTube (não usamos, ver decisão do usuário)",
Aelita,,openculture.com,,,DESCARTADO,falha ao abrir post do openculture.com (HTTP 403 for https://www.openculture.com/2015/06/watch-the-first-russian-science-fiction-film-aelita-queen-of-mars-1924.html),
After the Ball,,openculture.com,,,DESCARTADO,"só disponível no YouTube (não usamos, ver decisão do usuário)",
Anémic Cinéma,,openculture.com,,,DESCARTADO,"só disponível no YouTube (não usamos, ver decisão do usuário)",
Edgar Allan Poe,,openculture.com,,,DESCARTADO,"só disponível no YouTube (não usamos, ver decisão do usuário)",
Earth,,openculture.com,,,DESCARTADO,"só disponível no YouTube (não usamos, ver decisão do usuário)",
Emak-Bakia,,openculture.com,,,DESCARTADO,"só disponível no YouTube (não usamos, ver decisão do usuário)",
Entr’Acte,,openculture.com,,,DESCARTADO,"só disponível no YouTube (não usamos, ver decisão do usuário)",
Frankenstein —,,openculture.com,,,DESCARTADO,"só disponível no YouTube (não usamos, ver decisão do usuário)",
Hell W10,,openculture.com,,,DESCARTADO,"só disponível no YouTube (não usamos, ver decisão do usuário)",
La Souriante Madame Beudet,,openculture.com,,,DESCARTADO,"só disponível no YouTube (não usamos, ver decisão do usuário)",
L’Inferno,,openculture.com,,,DESCARTADO,"só disponível no YouTube (não usamos, ver decisão do usuário)",
L’Arrivée D’un Train En Gare De La Ciotat,,openculture.com,,,DESCARTADO,"só disponível no YouTube (não usamos, ver decisão do usuário)",
La Passion de Jeanne d’Arc,,openculture.com,,,DESCARTADO,"só disponível no YouTube (não usamos, ver decisão do usuário)",
Le Ballet Mécanique,,openculture.com,,,DESCARTADO,"só disponível no YouTube (não usamos, ver decisão do usuário)",
Le Retour à la Raison,,openculture.com,,,DESCARTADO,falha ao abrir post do openculture.com (HTTP 403 for https://www.openculture.com/2012/04/man_ray_and_the_icinema_puri_four_surrealist_films_from_the_1920s.html),
Lime Club Field Day,,openculture.com,,,DESCARTADO,"só disponível no YouTube (não usamos, ver decisão do usuário)",
Manhatta,,openculture.com,,,DESCARTADO,"só disponível no YouTube (não usamos, ver decisão do usuário)",
Nosferatu,,openculture.com,,,DESCARTADO,"só disponível no YouTube (não usamos, ver decisão do usuário)",
Safety Last,,openculture.com,,,DESCARTADO,"só disponível no YouTube (não usamos, ver decisão do usuário)",
The Avenging Conscience,,openculture.com,,,DESCARTADO,falha ao abrir post do openculture.com (HTTP 403 for https://www.openculture.com/2016/06/the-first-biopic-of-edgar-allan-poe-1909-film-by-d-w-griffith-shows-the-horror-master-writing-the-raven.html),
The Cabinet of Dr. Caligari,,openculture.com,,,DESCARTADO,"só disponível no YouTube (não usamos, ver decisão do usuário)",
The Death of Poor Joe,,openculture.com,,,DESCARTADO,"só disponível no YouTube (não usamos, ver decisão do usuário)",
The General,,openculture.com,,,DESCARTADO,falha ao abrir post do openculture.com (HTTP 403 for https://www.openculture.com/2013/07/buster-keaton-film-free-online.html),
The Lady and the Hooligan,,openculture.com,,,DESCARTADO,"só disponível no YouTube (não usamos, ver decisão do usuário)",
The Seashell and the Clergyman,,openculture.com,,,DESCARTADO,"só disponível no YouTube (não usamos, ver decisão do usuário)",
The Smiling Madame Beudet,,openculture.com,,,DESCARTADO,falha ao abrir post do openculture.com (HTTP 403 for https://www.openculture.com/2015/11/behold-the-first-feminist-film-germaine-dulacs-the-smiling-madame-beudet-1922.html),
The Student of Prague,,openculture.com,,,DESCARTADO,falha ao abrir post do openculture.com (HTTP 403 for https://www.openculture.com/2014/10/the-student-of-prague-the-very-first-independent-film-1913.html),
Trip to the Moon / Le Voyage dans la lune,,openculture.com,,,DESCARTADO,falha ao abrir post do openculture.com (HTTP 403 for https://www.openculture.com/2024/11/how-georges-melies-a-trip-to-the-moon-became-the-first-sci-fi-film-changed-cinema-forever-1902.html),
Un Chien Andalou,,openculture.com,,,DESCARTADO,post do openculture.com não linka pra um item do archive.org (provável outro host de vídeo),
"3,000 Free Films from the National Film Board of Canada",,openculture.com,,,DESCARTADO,falha ao abrir post do openculture.com (HTTP 403 for https://www.openculture.com/2020/03/watch-3000-films-free-from-the-national-film-board-of-canada-2.html),
400 Free Documentaries from Deutsche Welle,,openculture.com,,,DESCARTADO,falha ao abrir post do openculture.com (HTTP 403 for https://www.openculture.com/2021/04/watch-400-documentaries-from-german-broadcaster-deutsche-welle.html),
10 Years with Hayao Miyazaki,,openculture.com,,,DESCARTADO,falha ao abrir post do openculture.com (HTTP 403 for https://www.openculture.com/2019/10/watch-10-years-with-hayao-miyazaki.html),
15 Films by Designers Charles & Ray Eames,,openculture.com,,,DESCARTADO,falha ao abrir post do openculture.com (HTTP 403 for https://www.openculture.com/2019/09/watch-15-films-by-designers-charles-and-ray-eames.html),
50 Architecture Documentaries,,openculture.com,,,DESCARTADO,"só disponível no YouTube (não usamos, ver decisão do usuário)",
A is for Architecture,,openculture.com,,,DESCARTADO,post do openculture.com não linka pra um item do archive.org (provável outro host de vídeo),
A Brief History of John Baldessari,,openculture.com,,,DESCARTADO,falha ao abrir post do openculture.com (HTTP 403 for https://www.openculture.com/2012/05/ia_brief_history_of_john_baldessarii_narrated_by_tom_waits.html),
A Communications Primer,,openculture.com,,,DESCARTADO,falha ao abrir post do openculture.com (HTTP 403 for https://www.openculture.com/2014/11/charles-ray-eames-a-communications-primer.html),
A Land Without Bread,,openculture.com,,,DESCARTADO,falha ao abrir post do openculture.com (HTTP 403 for https://www.openculture.com/2014/10/luis-bunuels-surreal-travel-documentary-a-land-without-bread-1933.html),
A Man Among Men: Alberto Giacometti,,openculture.com,,,DESCARTADO,post do openculture.com não linka pra um item do archive.org (provável outro host de vídeo),
A Necessary Ruin: The Story of Buckminster Fuller and the Union Tank Car Dome,,openculture.com,,,DESCARTADO,falha ao abrir post do openculture.com (HTTP 403 for https://www.openculture.com/2015/12/the-life-times-of-buckminster-fullers-geodesic-dome-a-documentary.html),
Albert Camus: The Madness of Sincerity,,openculture.com,,,DESCARTADO,falha ao abrir post do openculture.com (HTTP 403 for https://www.openculture.com/2014/11/albert-camus-the-madness-of-sincerity.html),
Andy Warhol and Roy Lichtenstein,,openculture.com,,,DESCARTADO,post do openculture.com não linka pra um item do archive.org (provável outro host de vídeo),
Alfred Stieglitz: The Eloquent Eye,,openculture.com,,,DESCARTADO,post do openculture.com não linka pra um item do archive.org (provável outro host de vídeo),
Ansel Adams: The Incisive Art,,openculture.com,,,DESCARTADO,post do openculture.com não linka pra um item do archive.org (provável outro host de vídeo),
At the Museum,,openculture.com,,,DESCARTADO,falha ao abrir post do openculture.com (HTTP 403 for https://www.openculture.com/2017/11/watch-at-the-museum-momas-8-part-documentary-on-what-it-takes-to-run-a-great-modern-museum.html),
Badiou,,openculture.com,,,DESCARTADO,falha ao abrir post do openculture.com (HTTP 403 for https://www.openculture.com/2021/02/badiou-the-first-feature-length-film.html),
Bauhaus World,,openculture.com,,,DESCARTADO,falha ao abrir post do openculture.com (HTTP 403 for https://www.openculture.com/2019/02/bauhaus-world.html),
Bed Peace,,openculture.com,,,DESCARTADO,falha ao abrir post do openculture.com (HTTP 403 for https://www.openculture.com/2011/08/ibed_peacei_starring_john_lennon_yoko_ono_free_until_sunday.html),
Beautiful Equations,,openculture.com,,,DESCARTADO,falha ao abrir post do openculture.com (HTTP 403 for https://www.openculture.com/2014/04/beautiful-equations-documentary-explores-the-beauty-of-einstein-newtons-great-equations.html),
Benoit Mandelbrot: Father of Fractals,,openculture.com,,,DESCARTADO,falha ao abrir post do openculture.com (HTTP 403 for https://www.openculture.com/2013/11/how-benoit-mandelbrot-discovered-fractals-a-short-film-by-errol-morris.html),
Black Coffee,,openculture.com,,,DESCARTADO,falha ao abrir post do openculture.com (HTTP 403 for https://www.openculture.com/2013/05/iblack_coffeei_documentary_covers_the_history_politics_economics_of_the_most_widely_taken_legal_drug.html),
Bob Geldof: The Moment,,openculture.com,,,DESCARTADO,falha ao abrir post do openculture.com (HTTP 403 for https://www.openculture.com/2016/08/bob-geldof-talks-about-the-greatest-day-of-his-life.html),
Bowling for Columbine,,openculture.com,,,DESCARTADO,falha ao abrir post do openculture.com (HTTP 403 for https://www.openculture.com/2021/03/michael-moores-bowling-for-columbine-the-full-movie-is-streaming-free-on-youtube.html),
Brussels Express,,openculture.com,,,DESCARTADO,falha ao abrir post do openculture.com (HTTP 403 for https://www.openculture.com/2012/05/brussels_express_a_documentary_on_the_perils_of_cycling_in_europes_most_congested_city.html),
"Chick Corea: Documentary of Legendary Jazz Great, Pianist and Composer",,openculture.com,,,DESCARTADO,post do openculture.com não linka pra um item do archive.org (provável outro host de vídeo),
City Symphonies,,openculture.com,,,DESCARTADO,falha ao abrir post do openculture.com (HTTP 403 for https://www.openculture.com/2015/06/1920s-city-symphonies-star-the-great-cities-of-the-world.html),
Colette,,openculture.com,,,DESCARTADO,falha ao abrir post do openculture.com (HTTP 403 for https://www.openculture.com/2021/05/watch-colette-the-oscar-winning-short-documentary-2021.html),
Creative Process: Norman McLaren,,openculture.com,,,DESCARTADO,post do openculture.com não linka pra um item do archive.org (provável outro host de vídeo),
Cry Baby: The Pedal That Rocks the World,,openculture.com,,,DESCARTADO,falha ao abrir post do openculture.com (HTTP 403 for https://www.openculture.com/2015/11/two-guitar-effects-that-revolutionized-rock-the-invention-of-the-wah-wah-fuzz-pedals.html),
Cyberpunk,,openculture.com,,,DESCARTADO,falha ao abrir post do openculture.com (HTTP 403 for https://www.openculture.com/2014/08/cyberpunk-documentary-with-william-gibson-timothy-leary.html),
David Bowie: The Story of Ziggy Stardust,,openculture.com,,,DESCARTADO,falha ao abrir post do openculture.com (HTTP 403 for https://www.openculture.com/2012/09/ithe_story_of_ziggy_stardusti_how_david_bowie_created_the_character_that_made_him_famous.html),
Day of the Dead,,openculture.com,,,DESCARTADO,falha ao abrir post do openculture.com (HTTP 403 for https://www.openculture.com/2014/10/charles-ray-eames-short-film-on-the-mexican-day-of-the-dead-1957.html),
Discovering Electronic Music: Revised,,openculture.com,,,DESCARTADO,falha ao abrir post do openculture.com (HTTP 403 for https://www.openculture.com/2016/03/discovering-electronic-music-1983-documentary-offers-a-fun-educational-introduction-to-electronic-music.html),
Earthlings,,openculture.com,,,DESCARTADO,"só disponível no YouTube (não usamos, ver decisão do usuário)",
Eric Hobsbawm: The Consolations of History,,openculture.com,,,DESCARTADO,falha ao abrir post do openculture.com (HTTP 403 for https://www.openculture.com/2021/05/watch-online-eric-hobsbawm-the-consolations-of-history-i-a-documentary-exploring-the-life-work-of-the-influential-marxist-historian.html),
Europe After the Rain,,openculture.com,,,DESCARTADO,"só disponível no YouTube (não usamos, ver decisão do usuário)",
Everything1017: How David Byrne and Brian Eno Make Music Together,,openculture.com,,,DESCARTADO,"só disponível no YouTube (não usamos, ver decisão do usuário)",
Everything Is a Remix,,openculture.com,,,DESCARTADO,"só disponível no YouTube (não usamos, ver decisão do usuário)",
Eye of the Pangolin,,openculture.com,,,DESCARTADO,"só disponível no YouTube (não usamos, ver decisão do usuário)",
Fellini: A Director’s Notebook,,openculture.com,,,DESCARTADO,post do openculture.com não linka pra um item do archive.org (provável outro host de vídeo),
First Orbit,,openculture.com,,,DESCARTADO,"só disponível no YouTube (não usamos, ver decisão do usuário)",
First Person,,openculture.com,,,DESCARTADO,"só disponível no YouTube (não usamos, ver decisão do usuário)",
Founding Fathers,,openculture.com,,,DESCARTADO,"só disponível no YouTube (não usamos, ver decisão do usuário)",
Fractals: The Colors of Infinity,,openculture.com,,,DESCARTADO,"só disponível no YouTube (não usamos, ver decisão do usuário)",
Frames of Reference,,openculture.com,,,DESCARTADO,post do openculture.com não linka pra um item do archive.org (provável outro host de vídeo),
Georgia O’Keeffe: A Life in Art,,openculture.com,,,DESCARTADO,post do openculture.com não linka pra um item do archive.org (provável outro host de vídeo),
Giacometti,,openculture.com,,,DESCARTADO,"só disponível no YouTube (não usamos, ver decisão do usuário)",
Glass,,openculture.com,,,DESCARTADO,"só disponível no YouTube (não usamos, ver decisão do usuário)",
"Great Lakes, Bad Lines",,openculture.com,,,DESCARTADO,post do openculture.com não linka pra um item do archive.org (provável outro host de vídeo),
Heavy Metal Parking Lot,,openculture.com,,,DESCARTADO,"só disponível no YouTube (não usamos, ver decisão do usuário)",
Hollywood: A Celebration of the American Silent Film,,openculture.com,,,DESCARTADO,"só disponível no YouTube (não usamos, ver decisão do usuário)",
How Buildings Learn,,openculture.com,,,DESCARTADO,"só disponível no YouTube (não usamos, ver decisão do usuário)",
In a Brilliant Light: Van Gogh in Arles,,openculture.com,,,DESCARTADO,"só disponível no YouTube (não usamos, ver decisão do usuário)",
Inside the Rhapsody,,openculture.com,,,DESCARTADO,"só disponível no YouTube (não usamos, ver decisão do usuário)",
Jackson Pollock 51,,openculture.com,,,DESCARTADO,"só disponível no YouTube (não usamos, ver decisão do usuário)",
Jazz Hot,,openculture.com,,,DESCARTADO,"só disponível no YouTube (não usamos, ver decisão do usuário)",
Ladies and Gentlemen… Mr. Leonard Cohen,,openculture.com,,,DESCARTADO,"só disponível no YouTube (não usamos, ver decisão do usuário)",
Laughing and Not Being Normal,,openculture.com,,,DESCARTADO,post do openculture.com não linka pra um item do archive.org (provável outro host de vídeo),
Live at Pompeii,,openculture.com,,,DESCARTADO,"só disponível no YouTube (não usamos, ver decisão do usuário)",
Lost Kubrick: The Unfinished Films of Stanley Kubrick,,openculture.com,,,DESCARTADO,"só disponível no YouTube (não usamos, ver decisão do usuário)",
Lovecraft: Fear of the Unknown,,openculture.com,,,DESCARTADO,"só disponível no YouTube (não usamos, ver decisão do usuário)",
M.C. Escher: Adventures in Perception,,openculture.com,,,DESCARTADO,"só disponível no YouTube (não usamos, ver decisão do usuário)",
Marcel Duchamp: Iconoclaste et Inoxydable,,openculture.com,,,DESCARTADO,post do openculture.com não linka pra um item do archive.org (provável outro host de vídeo),
"Metamorphose: M.C. Escher, 1898–1972",,openculture.com,,,DESCARTADO,"só disponível no YouTube (não usamos, ver decisão do usuário)",
Nazi VR,,openculture.com,,,DESCARTADO,post do openculture.com não linka pra um item do archive.org (provável outro host de vídeo),
Nico-Icon,,openculture.com,,,DESCARTADO,"só disponível no YouTube (não usamos, ver decisão do usuário)",
No Maps for These Territories,,openculture.com,,,DESCARTADO,"só disponível no YouTube (não usamos, ver decisão do usuário)",
One Way Street -,,openculture.com,,,DESCARTADO,"só disponível no YouTube (não usamos, ver decisão do usuário)",
Our Hobby is Depeche Mode,,openculture.com,,,DESCARTADO,"só disponível no YouTube (não usamos, ver decisão do usuário)",
"Pen, Brush and Camera",,openculture.com,,,DESCARTADO,"só disponível no YouTube (não usamos, ver decisão do usuário)",
Philosophy: A Guide to Happiness,,openculture.com,,,DESCARTADO,"só disponível no YouTube (não usamos, ver decisão do usuário)",
Pickin’ & Trimmin’,,openculture.com,,,DESCARTADO,post do openculture.com não linka pra um item do archive.org (provável outro host de vídeo),
Plagues & Pleasures on the Salton Sea,,openculture.com,,,DESCARTADO,"só disponível no YouTube (não usamos, ver decisão do usuário)",
Queen of Code,,openculture.com,,,DESCARTADO,post do openculture.com não linka pra um item do archive.org (provável outro host de vídeo),
Requiem for the American Dream,,openculture.com,,,DESCARTADO,"só disponível no YouTube (não usamos, ver decisão do usuário)",
Rick Steves Europe,,openculture.com,,,DESCARTADO,"só disponível no YouTube (não usamos, ver decisão do usuário)",
Room to Dream: David Lynch and the Independent Filmmaker,,openculture.com,,,DESCARTADO,"só disponível no YouTube (não usamos, ver decisão do usuário)",
Sell & Spin: A History of Advertising,,openculture.com,,,DESCARTADO,"só disponível no YouTube (não usamos, ver decisão do usuário)",
Shock of the New,,openculture.com,,,DESCARTADO,"só disponível no YouTube (não usamos, ver decisão do usuário)",
Sketches of Frank Gehry,,openculture.com,,,DESCARTADO,"só disponível no YouTube (não usamos, ver decisão do usuário)",
Some Yo Yo Stuff,,openculture.com,,,DESCARTADO,"só disponível no YouTube (não usamos, ver decisão do usuário)",
Stravinsky,,openculture.com,,,DESCARTADO,post do openculture.com não linka pra um item do archive.org (provável outro host de vídeo),
"Stress, Portrait of a Killer",,openculture.com,,,DESCARTADO,"só disponível no YouTube (não usamos, ver decisão do usuário)",
Symphony in Black: A Rhapsody of Negro Life,,openculture.com,,,DESCARTADO,"só disponível no YouTube (não usamos, ver decisão do usuário)",
That Far Corner: Frank Lloyd Wright in Los Angeles,,openculture.com,,,DESCARTADO,"só disponível no YouTube (não usamos, ver decisão do usuário)",
The ABCs of Dada,,openculture.com,,,DESCARTADO,"só disponível no YouTube (não usamos, ver decisão do usuário)",
The Batmobile,,openculture.com,,,DESCARTADO,"só disponível no YouTube (não usamos, ver decisão do usuário)",
The Church Of Saint Coltrane,,openculture.com,,,DESCARTADO,post do openculture.com não linka pra um item do archive.org (provável outro host de vídeo),
The Complete Star Wars Filmumentaries,,openculture.com,,,DESCARTADO,"só disponível no YouTube (não usamos, ver decisão do usuário)",
The Crazy Never Die,,openculture.com,,,DESCARTADO,"só disponível no YouTube (não usamos, ver decisão do usuário)",
The Distortion of Sound,,openculture.com,,,DESCARTADO,"só disponível no YouTube (não usamos, ver decisão do usuário)",
The Ductumentary,,openculture.com,,,DESCARTADO,"só disponível no YouTube (não usamos, ver decisão do usuário)",
The Einstein Theory of Relativity,,openculture.com,,,DESCARTADO,"só disponível no YouTube (não usamos, ver decisão do usuário)",
The Four Horsemen,,openculture.com,,,DESCARTADO,"só disponível no YouTube (não usamos, ver decisão do usuário)",
The Gift: The Journey of Johnny Cash,,openculture.com,,,DESCARTADO,"só disponível no YouTube (não usamos, ver decisão do usuário)",
The God Delusion,,openculture.com,,,DESCARTADO,"só disponível no YouTube (não usamos, ver decisão do usuário)",
The Godmother of Rock N Roll: Sister Rosetta Tharpe,,openculture.com,,,DESCARTADO,"só disponível no YouTube (não usamos, ver decisão do usuário)",
The Grateful Dead Movie,,openculture.com,,,DESCARTADO,"só disponível no YouTube (não usamos, ver decisão do usuário)",
The History of the Typewriter Recited by Michael Winslow,,openculture.com,,,DESCARTADO,post do openculture.com não linka pra um item do archive.org (provável outro host de vídeo),
The History of Iron Maiden,,openculture.com,,,DESCARTADO,"só disponível no YouTube (não usamos, ver decisão do usuário)",
The Hitch,,openculture.com,,,DESCARTADO,post do openculture.com não linka pra um item do archive.org (provável outro host de vídeo),
The Gilded Age,,openculture.com,,,DESCARTADO,"só disponível no YouTube (não usamos, ver decisão do usuário)",
The Joy of Stats,,openculture.com,,,DESCARTADO,post do openculture.com não linka pra um item do archive.org (provável outro host de vídeo),
The Land Where the Blues Began —,,openculture.com,,,DESCARTADO,"só disponível no YouTube (não usamos, ver decisão do usuário)",
The Last 48 Hours of Kurt Cobain,,openculture.com,,,DESCARTADO,"só disponível no YouTube (não usamos, ver decisão do usuário)",
The Magic Sun,,openculture.com,,,DESCARTADO,post do openculture.com não linka pra um item do archive.org (provável outro host de vídeo),
The Making of Dark Side of the Moon,,openculture.com,,,DESCARTADO,"só disponível no YouTube (não usamos, ver decisão do usuário)",
The Mystery of Picasso,,openculture.com,,,DESCARTADO,"só disponível no YouTube (não usamos, ver decisão do usuário)",
The New Cinema,,openculture.com,,,DESCARTADO,post do openculture.com não linka pra um item do archive.org (provável outro host de vídeo),
The Simulation Hypothesis,,openculture.com,,,DESCARTADO,"só disponível no YouTube (não usamos, ver decisão do usuário)",
The Story of Fascism,,openculture.com,,,DESCARTADO,falha ao abrir post do openculture.com (HTTP 403 for https://www.openculture.com/2024/10/the-story-of-fascism-by-rick-steves.html),
The Space Shuttle,,openculture.com,,,DESCARTADO,"só disponível no YouTube (não usamos, ver decisão do usuário)",
The Strange Case of the Cosmic Rays,,openculture.com,,,DESCARTADO,falha ao abrir post do openculture.com (HTTP 403 for https://www.openculture.com/2025/03/puppets-of-fyodor-dostoevsky-charles-dickens-edgar-allan-poe-star-in-1957-frank-capra-educational-film.html),
The Tony Alva Story,,openculture.com,,,DESCARTADO,"só disponível no YouTube (não usamos, ver decisão do usuário)",
The Unchained Goddess,,openculture.com,,,DESCARTADO,"só disponível no YouTube (não usamos, ver decisão do usuário)",
The Universal Mind of Bill Evans,,openculture.com,,,DESCARTADO,falha ao abrir post do openculture.com (HTTP 403 for https://www.openculture.com/2012/04/the_universal_mind_of_bill_evans_advice_on_learning_to_play_jazz.html),
The Weight of a Nation,,openculture.com,,,DESCARTADO,falha ao abrir post do openculture.com (HTTP 403 for https://www.openculture.com/2021/08/watch-the-weight-of-the-nation-free-online-an-emmy-nominated-hbo-documentary-films-series-on-obesity.html),
The World At War,,openculture.com,,,DESCARTADO,"só disponível no YouTube (não usamos, ver decisão do usuário)",
They Were There,,openculture.com,,,DESCARTADO,falha ao abrir post do openculture.com (HTTP 403 for https://www.openculture.com/2011/01/errol_morris_ibm.html),
Thomas Pynchon: A Journey Into the Mind of P.,,openculture.com,,,DESCARTADO,falha ao abrir post do openculture.com (HTTP 403 for https://www.openculture.com/2013/09/cinematic-journey-into-the-mind-of-thomas-pynchon.html),
"Tom Petty, Somewhere You Feel Free – The Making of Wildflowers",,openculture.com,,,DESCARTADO,falha ao abrir post do openculture.com (HTTP 403 for https://www.openculture.com/2021/11/tom-petty-somewhere-you-feel-free-the-making-of-wildflowers-is-streaming-free-on-youtube.html),
Trapped: Andy Warhol’s Amiga Experiments,,openculture.com,,,DESCARTADO,falha ao abrir post do openculture.com (HTTP 403 for https://www.openculture.com/2014/05/inside-the-recovery-of-andy-warhols-lost-computer-paintings.html),
Tune Out the Noise,,openculture.com,,,DESCARTADO,falha ao abrir post do openculture.com (HTTP 403 for https://www.openculture.com/2026/03/watch-errol-morriss-tune-out-the-noise-free-online.html),
Universe,,openculture.com,,,DESCARTADO,falha ao abrir post do openculture.com (HTTP 403 for https://www.openculture.com/2019/01/oscar-nominated-documentary-universe.html),
Urban Struggle: The Battle Of The Cuckoos Nest,,openculture.com,,,DESCARTADO,post do openculture.com não linka pra um item do archive.org (provável outro host de vídeo),
Vermeer: Master of Light,,openculture.com,,,DESCARTADO,falha ao abrir post do openculture.com (HTTP 403 for https://www.openculture.com/2013/08/master-of-light-a-close-look-at-the-paintings-of-johannes-vermeer-narrated-by-meryl-streep.html),
Wattstax,,openculture.com,,,DESCARTADO,falha ao abrir post do openculture.com (HTTP 403 for https://www.openculture.com/2014/08/wattstax.html),
We Were There to Be There,,openculture.com,,,DESCARTADO,"só disponível no YouTube (não usamos, ver decisão do usuário)",
Werner Herzog Eats His Shoe,,openculture.com,,,DESCARTADO,falha ao abrir post do openculture.com (HTTP 403 for https://www.openculture.com/2011/07/werner_herzog_and_errol_morris_make_a_bet_and_the_loser_eats_a_shoe.html),
Who’s Out There?,,openculture.com,,,DESCARTADO,falha ao abrir post do openculture.com (HTTP 403 for https://www.openculture.com/2016/03/whos-out-there-orson-welles-narrates-a-documentary-asking-whether-theres-extraterrestrial-life-in-the-universe-1975.html),
Who is Afraid of Ai Weiwei?,,openculture.com,,,DESCARTADO,"só disponível no YouTube (não usamos, ver decisão do usuário)",
What the Future Sounded Like?,,openculture.com,,,DESCARTADO,falha ao abrir post do openculture.com (HTTP 403 for https://www.openculture.com/2017/11/what-the-future-sounded-like.html),
Will Self’s Kafka Journey: A Prague Walking Tour,,openculture.com,,,DESCARTADO,falha ao abrir post do openculture.com (HTTP 403 for https://www.openculture.com/2015/06/take-a-visual-walking-tour-of-franz-kafkas-prague-with-will-self-then-read-his-digital-essay-kafkas-wound.html),
William S. Burroughs & Lawrence,,openculture.com,,,DESCARTADO,post do openculture.com não linka pra um item do archive.org (provável outro host de vídeo),
"66 Oscar-Nominated-and-Award-Winning Animated Shorts Online, Courtesy of the National Film Board of Canada",,openculture.com,,,DESCARTADO,falha ao abrir post do openculture.com (HTTP 403 for https://www.openculture.com/2019/02/watch-66-oscar-nominated-and-award-winning-animated-shorts-online.html),
6 Animations of Stories & Poems by Shel Silverstein,,openculture.com,,,DESCARTADO,falha ao abrir post do openculture.com (HTTP 403 for https://www.openculture.com/2014/05/six-animations-of-stories-and-poems-by-shel-silverstein.html),
13 Experimental Short Films by Tezuka Osamu,,openculture.com,,,DESCARTADO,falha ao abrir post do openculture.com (HTTP 403 for https://www.openculture.com/2014/02/watch-the-experimental-short-films-by-tezuka-osamu-the-walt-disney-of-japan.html),
30 Films from the 1970s by Computer Animation Pioneer Lillian F. Schwartz,,openculture.com,,,DESCARTADO,falha ao abrir post do openculture.com (HTTP 403 for https://www.openculture.com/2016/03/watch-30-films-from-the-1970s-by-computer-animation-pioneer-lillian-f-schwartz.html),
A Country Doctor,,openculture.com,,,DESCARTADO,falha ao abrir post do openculture.com (HTTP 403 for https://www.openculture.com/2012/12/kafkas_nightmare_tale_a_country_doctor_told_in_award-winning_japanese_animation.html),
A Herb Alpert & the Tijuana Brass Double Feature,,openculture.com,,,DESCARTADO,falha ao abrir post do openculture.com (HTTP 403 for https://www.openculture.com/2014/04/watch-the-funky-oscar-winning-animated-film-featuring-the-music-of-herb-alpert-the-tijuana-brass-1966.html),
A Short Vision,,openculture.com,,,DESCARTADO,falha ao abrir post do openculture.com (HTTP 403 for https://www.openculture.com/2015/10/a-short-vision.html),
Ah Pook is Here,,openculture.com,,,DESCARTADO,post do openculture.com não linka pra um item do archive.org (provável outro host de vídeo),
Allergy to Originality,,openculture.com,,,DESCARTADO,falha ao abrir post do openculture.com (HTTP 403 for https://www.openculture.com/2021/04/a-short-animation-explores-the-nature-of-creativity-invention.html),
American History,,openculture.com,,,DESCARTADO,falha ao abrir post do openculture.com (HTTP 403 for https://www.openculture.com/2016/03/american-history-an-off-kilter-1992-student-film-from-south-park-creator-trey-parker.html),
Astro Boy: Birth of Astro Boy,,openculture.com,,,DESCARTADO,falha ao abrir post do openculture.com (HTTP 403 for https://www.openculture.com/2014/08/watch-the-first-episode-of-osamu-tezukas-astro-boy.html),
Battle,,openculture.com,,,DESCARTADO,falha ao abrir post do openculture.com (HTTP 403 for https://www.openculture.com/2014/09/a-soviet-animation-of-stephen-kings-short-story-battleground-1986.html),
Breathdeath,,openculture.com,,,DESCARTADO,falha ao abrir post do openculture.com (HTTP 403 for https://www.openculture.com/breathdeath_by_stan_vanderbeek_1963),
Cold War Pro-Capitalism Animations,,openculture.com,,,DESCARTADO,falha ao abrir post do openculture.com (HTTP 403 for https://www.openculture.com/2014/06/animated-films-made-during-the-cold-war.html),
Confidence,,openculture.com,,,DESCARTADO,falha ao abrir post do openculture.com (HTTP 403 for https://www.openculture.com/2026/05/confidence-the-cartoon-that-helped-america-get-through-the-depression.html),
Crime and Punishment,,openculture.com,,,DESCARTADO,falha ao abrir post do openculture.com (HTTP 403 for https://www.openculture.com/2012/12/dostoyevskys_crime_and_punishment_animated_by_piotr_dumala.html),
Curious Alice,,openculture.com,,,DESCARTADO,falha ao abrir post do openculture.com (HTTP 403 for https://www.openculture.com/2014/04/curious-alice.html),
"De Artificiali Perspectiva, or Anamorphosis",,openculture.com,,,DESCARTADO,falha ao abrir post do openculture.com (HTTP 403 for https://www.openculture.com/2020/11/a-quay-brothers-animation-explains-anamorphosis.html),
Destino,,openculture.com,,,DESCARTADO,falha ao abrir post do openculture.com (HTTP 403 for https://www.openculture.com/2024/10/destino-the-salvador-dali-disney-collaboration-57-years-in-the-making.html),
Dimensions of Dialogue,,openculture.com,,,DESCARTADO,falha ao abrir post do openculture.com (HTTP 403 for https://www.openculture.com/dimensions_of_dialogue_by_jan_svankmajer_1982),
Drums West,,openculture.com,,,DESCARTADO,falha ao abrir post do openculture.com (HTTP 403 for https://www.openculture.com/2014/09/drums-west-jim-hensons-animated-tribute.html),
Dumbland,,openculture.com,,,DESCARTADO,falha ao abrir post do openculture.com (HTTP 403 for https://www.openculture.com/2014/05/watch-david-lynchs-twisted-animated-series-dumbland-nsfw.html),
Early Japanese Animations,,openculture.com,,,DESCARTADO,falha ao abrir post do openculture.com (HTTP 403 for https://www.openculture.com/2024/04/the-origins-of-anime-watch-early-japanese-animations-1917-to-1931.html),
Education for Death: The Making of the Nazi,,openculture.com,,,DESCARTADO,falha ao abrir post do openculture.com (HTTP 403 for https://www.openculture.com/2025/04/walt-disneys-education-for-death-the-making-of-the-nazi.html),
Fantasmagorie —,,openculture.com,,,DESCARTADO,falha ao abrir post do openculture.com (HTTP 403 for https://www.openculture.com/2024/09/watch-fantasmagorie-the-worlds-first-animated-cartoon-1908.html),
Father and Daughter —,,openculture.com,,,DESCARTADO,falha ao abrir post do openculture.com (HTTP 403 for https://www.openculture.com/2011/03/father_and_daughter_an_oscar-winning_animated_short_film.html),
Glass Harmonica,,openculture.com,,,DESCARTADO,falha ao abrir post do openculture.com (HTTP 403 for https://www.openculture.com/2024/12/the-surrealist-glass-harmonica-the-only-animated-film-ever-banned-by-soviet-censors.html),
Granny O’Grimm’s Sleeping Beauty,,openculture.com,,,DESCARTADO,post do openculture.com não linka pra um item do archive.org (provável outro host de vídeo),
Gumbasia,,openculture.com,,,DESCARTADO,falha ao abrir post do openculture.com (HTTP 403 for https://www.openculture.com/2014/05/watch-gumbasia-the-jazzy-stop-motion-film-that-gave-birth-to-gumby-1955.html),
Hunger,,openculture.com,,,DESCARTADO,post do openculture.com não linka pra um item do archive.org (provável outro host de vídeo),
Is It Right to Be Always Right?,,openculture.com,,,DESCARTADO,falha ao abrir post do openculture.com (HTTP 403 for https://www.openculture.com/2014/08/is-it-always-right-to-be-right.html),
Jazzmosphere,,openculture.com,,,DESCARTADO,post do openculture.com não linka pra um item do archive.org (provável outro host de vídeo),
King and Octopus,,openculture.com,,,DESCARTADO,falha ao abrir post do openculture.com (HTTP 403 for https://www.openculture.com/2014/05/tim-burtons-early-student-films.html),
Lichtspiel Opus 1,,openculture.com,,,DESCARTADO,falha ao abrir post do openculture.com (HTTP 403 for https://www.openculture.com/2017/06/the-first-avant-garde-animation-watch-walter-ruttmanns-lichtspiel-opus-1-1921.html),
Mickey Mouse in Vietnam,,openculture.com,,,DESCARTADO,"só disponível no YouTube (não usamos, ver decisão do usuário)",
Mona Lisa Descending a Staircase,,openculture.com,,,DESCARTADO,falha ao abrir post do openculture.com (HTTP 403 for https://www.openculture.com/2017/05/trip-through-the-history-of-modern-art-with-the-oscar-winning-animation-mona-lisa-descending-a-staircase.html),
Mourir Auprès de Toi (To Die By Your Side) —,,openculture.com,,,DESCARTADO,falha ao abrir post do openculture.com (HTTP 403 for https://www.openculture.com/2011/10/spike_jonze_presents_presents_a_stop_animation_film_for_book_lovers.html),
Night on Bald Mountain,,openculture.com,,,DESCARTADO,falha ao abrir post do openculture.com (HTTP 403 for https://www.openculture.com/2014/10/night-on-bald-mountain.html),
Optical Poems,,openculture.com,,,DESCARTADO,"só disponível no YouTube (não usamos, ver decisão do usuário)",
Princess Iron Fan,,openculture.com,,,DESCARTADO,falha ao abrir post do openculture.com (HTTP 403 for https://www.openculture.com/2017/04/watch-the-first-chinese-animated-feature-film-princess-iron-fan-made-under-the-strains-of-wwii-1941.html),
Private Snafu,,openculture.com,,,DESCARTADO,falha ao abrir post do openculture.com (HTTP 403 for https://www.openculture.com/2024/10/private-snafu-the-world-war-ii-propaganda-cartoons.html),
Quasi at the Quackadero,,openculture.com,,,DESCARTADO,falha ao abrir post do openculture.com (HTTP 403 for https://www.openculture.com/2021/03/watch-the-trippy-1970s-animated-film-quasi-at-the-quackadero.html),
Reason and Emotion,,openculture.com,,,DESCARTADO,falha ao abrir post do openculture.com (HTTP 403 for https://www.openculture.com/2012/04/neuroscience_and_propaganda_come_together_in_disneys_world_war_ii_film_ireason_and_emotioni.html),
Red Hot Riding Hood,,openculture.com,,,DESCARTADO,"só disponível no YouTube (não usamos, ver decisão do usuário)",
Seder Masochism,,openculture.com,,,DESCARTADO,falha ao abrir post do openculture.com (HTTP 403 for https://www.openculture.com/2019/03/seder-masochism.html),
Sherlock Hound,,openculture.com,,,DESCARTADO,falha ao abrir post do openculture.com (HTTP 403 for https://www.openculture.com/2015/05/hayao-miyazakis-sherlock-hound.html),
Sisyphus,,openculture.com,,,DESCARTADO,falha ao abrir post do openculture.com (HTTP 403 for https://www.openculture.com/2026/05/the-myth-of-sisyphus-animated.html),
So Much for So Little,,openculture.com,,,DESCARTADO,falha ao abrir post do openculture.com (HTTP 403 for https://www.openculture.com/2017/08/legendary-animator-chuck-jones-creates-an-oscar-winning-animation-about-the-virtues-of-universal-health-care-1949.html),
Stalk of the Celery Monster,,openculture.com,,,DESCARTADO,falha ao abrir post do openculture.com (HTTP 403 for https://www.openculture.com/2014/05/tim-burtons-early-student-films.html),
"Thank You, Mask Man",,openculture.com,,,DESCARTADO,falha ao abrir post do openculture.com (HTTP 403 for https://www.openculture.com/2014/05/thank-you-mask-man.html),
The Cameraman’s Revenge,,openculture.com,,,DESCARTADO,"só disponível no YouTube (não usamos, ver decisão do usuário)",
The Critic,,openculture.com,,,DESCARTADO,falha ao abrir post do openculture.com (HTTP 403 for https://www.openculture.com/2012/04/ithe_critici_hilarious_oscar-winning_film_narrated_by_mel_brooks_1963.html),
The Curious Adventures of Mr. Wonderbird,,openculture.com,,,DESCARTADO,falha ao abrir post do openculture.com (HTTP 403 for https://www.openculture.com/2019/01/the-king-and-the-mockingbird.html),
The Dream of a Ridiculous,,openculture.com,,,DESCARTADO,falha ao abrir post do openculture.com (HTTP 403 for https://www.openculture.com/2014/08/dostoevskys-the-dream-of-a-ridiculous-man-animated.html),
The Employment,,openculture.com,,,DESCARTADO,"só disponível no YouTube (não usamos, ver decisão do usuário)",
The Hobbit,,openculture.com,,,DESCARTADO,falha ao abrir post do openculture.com (HTTP 403 for https://www.openculture.com/2014/06/the-hobbit-the-first-animation-film-adaptation-of-tolkiens-classic-1966.html),
The John Lennon Sketchbook,,openculture.com,,,DESCARTADO,"só disponível no YouTube (não usamos, ver decisão do usuário)",
The Mascot,,openculture.com,,,DESCARTADO,falha ao abrir post do openculture.com (HTTP 403 for https://www.openculture.com/the_mascot_1934_by_wladyslaw_starewicz),
The Metamorphosis of Mr. Samsa,,openculture.com,,,DESCARTADO,falha ao abrir post do openculture.com (HTTP 403 for https://www.openculture.com/2015/03/the-metamorphosis-of-mr-samsa.html),
The Miracle of Flight,,openculture.com,,,DESCARTADO,falha ao abrir post do openculture.com (HTTP 403 for https://www.openculture.com/2012/05/ithe_miracle_of_flighti_the_classic_early_animation_by_terry_gilliam.html),
The Nose,,openculture.com,,,DESCARTADO,falha ao abrir post do openculture.com (HTTP 403 for https://www.openculture.com/2014/09/animation-of-nikolai-gogols-the-nose.html),
The Rime of the Ancient Mariner,,openculture.com,,,DESCARTADO,"só disponível no YouTube (não usamos, ver decisão do usuário)",
The Romance of Transportation in Canada,,openculture.com,,,DESCARTADO,"só disponível no YouTube (não usamos, ver decisão do usuário)",
The Single Life,,openculture.com,,,DESCARTADO,post do openculture.com não linka pra um item do archive.org (provável outro host de vídeo),
The Story Of Menstruation,,openculture.com,,,DESCARTADO,"só disponível no YouTube (não usamos, ver decisão do usuário)",
Tom Waits for No One,,openculture.com,,,DESCARTADO,"só disponível no YouTube (não usamos, ver decisão do usuário)",
UCLA Silent Animation Archive,,openculture.com,,,DESCARTADO,"só disponível no YouTube (não usamos, ver decisão do usuário)",
Why Man Creates,,openculture.com,,,DESCARTADO,"só disponível no YouTube (não usamos, ver decisão do usuário)",
"Buster Keaton's ""The Goat""",1921,archivewatch.org,CutTheGoat1921,23.2,ADICIONADO,ok (revisado - obra americana de 1921 - domínio público por expiração de prazo (95 anos)),buster-keaton-s-the-goat-1921
2 A.M. in the Subway,1905,archivewatch.org,2A.M.InTheSubway1905,1,DESCARTADO,"duração incompatível (1 min) — provável trailer/clipe, não o filme completo",
"Buster Keaton's ""The Play House""",1921,archivewatch.org,ThePlayHouse1921,22.6,ADICIONADO,ok (revisado - obra americana de 1921 - domínio público por expiração de prazo (95 anos)),buster-keaton-s-the-play-house-1921
The Champion,1915,archivewatch.org,TheChampion,30.7,ADICIONADO,ok (limiar de duração mínima corrigido de 40 para 2 min nesta rodada),the-champion-1915
The Beloved Rogue,1927,archivewatch.org,TheBelovedRogue_201312,98.1,ADICIONADO,ok (revisado - obra americana de 1927 - domínio público por expiração de prazo (95 anos)),the-beloved-rogue-1927
"Buster Keaton's ""My Wife's Relations""",1922,archivewatch.org,MyWifesRelations1922,24.2,ADICIONADO,ok (limiar de duração mínima corrigido de 40 para 2 min nesta rodada),my-wifes-relations-1922
A Child of the Ghetto,1910,archivewatch.org,AChildOfTheGhetto1910,13,ADICIONADO,ok (revisado - obra americana de 1910 - domínio público por expiração de prazo (95 anos)),a-child-of-the-ghetto-1910
"A Bear, a Boy and a Dog",1921,archivewatch.org,ABearABoyAndADog,1.9,DESCARTADO,"duração incompatível (1.9 min) — provável trailer/clipe, não o filme completo",
"1776, or The Hessian Renegades",1909,archivewatch.org,1776OrTheHessianRenegades,10.4,ADICIONADO,ok (revisado - obra americana de 1909 - domínio público por expiração de prazo (95 anos)),1776-or-the-hessian-renegades-1909
Way Down East,1920,archivewatch.org,WayDownEast_201312,147.9,ADICIONADO,ok (revisado - obra americana de 1920 - domínio público por expiração de prazo (95 anos)),way-down-east-1920
"Buster Keaton's ""The Scarecrow""",1920,archivewatch.org,TheScarecrow1920,,DESCARTADO,falha ao consultar metadata do archive.org (Timeout fetching https://archive.org/metadata/TheScarecrow1920),
Male and Female,1919,archivewatch.org,MaleAndFemale_201704,116,ADICIONADO,ok (revisado - obra americana de 1919 - domínio público por expiração de prazo (95 anos)),male-and-female-1919
"Buster Keaton's ""College""",1927,archivewatch.org,College_201405,64.6,ADICIONADO,ok (revisado - obra americana de 1927 - domínio público por expiração de prazo (95 anos)),buster-keaton-s-college-1927
A Man There Was,1917,archivewatch.org,AManThereWas1917,58,ADICIONADO,ok (revisado - obra americana de 1917 - domínio público por expiração de prazo (95 anos)),a-man-there-was-1917
A Calamitous Elopement,1908,archivewatch.org,ACalamitousElopement_201405,7.8,ADICIONADO,ok (revisado - obra americana de 1908 - domínio público por expiração de prazo (95 anos)),a-calamitous-elopement-1908
The Female of the Species,1912,archivewatch.org,TheFemaleOfTheSpecies,14,ADICIONADO,ok (revisado - obra americana de 1912 - domínio público por expiração de prazo (95 anos)),the-female-of-the-species-1912
A Beast at Bay,1912,archivewatch.org,PreviewABeastAtBay,0.9,DESCARTADO,"duração incompatível (0.9 min) — provável trailer/clipe, não o filme completo",
"Buster Keaton's ""Neighbors""",1920,archivewatch.org,Neighbors1920,17.5,ADICIONADO,ok (limiar de duração mínima corrigido de 40 para 2 min nesta rodada),neighbors-1920
"""Children in the Surf, Coney Island"" cinematographer Billy Bitzer",1904,archivewatch.org,ChildrenInTheSurf,3.7,ADICIONADO,ok (revisado - obra americana de 1904 - domínio público por expiração de prazo (95 anos)),children-in-the-surf-coney-island-cinematographer-billy-bitzer-1904
"""A Frontier Flirtation"" cinematographer Billy Bitzer",1903,archivewatch.org,AFrontierFlirtation1903,0.9,DESCARTADO,"duração incompatível (0.9 min) — provável trailer/clipe, não o filme completo",
A Dozen Socks,1927,archivewatch.org,ADOZENSOCKS_201411,14.1,ADICIONADO,ok (revisado - obra americana de 1927 - domínio público por expiração de prazo (95 anos)),a-dozen-socks-1927
"Charlie Chaplin's ""The Bank""",1915,archivewatch.org,1915bank,25,ADICIONADO,ok (limiar de duração mínima corrigido de 40 para 2 min nesta rodada),the-bank-1915
The Ghost of the Canyon,1920,archivewatch.org,GhostOfTheCanyon,24.8,ADICIONADO,ok (revisado - obra americana de 1920 - domínio público por expiração de prazo (95 anos)),the-ghost-of-the-canyon-1920
'Blue Blazes' Rawden,1918,archivewatch.org,BlueBlazesRawden,51.3,ADICIONADO,ok (revisado - obra americana de 1918 - domínio público por expiração de prazo (95 anos)),blue-blazes-rawden-1918
As It Is in Life,1910,archivewatch.org,AsItIsInLife1910,12.1,ADICIONADO,ok (revisado - obra americana de 1910 - domínio público por expiração de prazo (95 anos)),as-it-is-in-life-1910
A Jitney Elopement,1915,archivewatch.org,AJitneyElopement,26.2,ADICIONADO,ok (limiar de duração mínima corrigido de 40 para 2 min nesta rodada),a-jitney-elopement-1915
A Drunkard's Reformation,1909,archivewatch.org,ADrunkardsReformation,9.5,ADICIONADO,ok (revisado - obra americana de 1909 - domínio público por expiração de prazo (95 anos)),a-drunkard-s-reformation-1909
Kiss of Death,1916,archivewatch.org,PreviewTheKissOfDeath,2.6,ADICIONADO,ok (revisado - obra americana de 1916 - domínio público por expiração de prazo (95 anos)),kiss-of-death-1916
Head Winds,1925,archivewatch.org,HeadWinds,52.1,ADICIONADO,ok (revisado - obra americana de 1925 - domínio público por expiração de prazo (95 anos)),head-winds-1925
The Yaqui Cur,1913,archivewatch.org,TheYaquiCurForYT,2,ADICIONADO,ok (revisado - obra americana de 1913 - domínio público por expiração de prazo (95 anos)),the-yaqui-cur-1913
Man's Genesis,1912,archivewatch.org,MansGenesis1912,0.8,DESCARTADO,"duração incompatível (0.8 min) — provável trailer/clipe, não o filme completo",
Back Fire,1922,archivewatch.org,BackFireForYT,2.4,ADICIONADO,ok (revisado - obra americana de 1922 - domínio público por expiração de prazo (95 anos)),back-fire-1922
A Romance of the Western Hills,1910,archivewatch.org,previewaromanceofthewesternhills,1.3,DESCARTADO,"duração incompatível (1.3 min) — provável trailer/clipe, não o filme completo",
The Voice of the Violin,1909,archivewatch.org,TheVoiceOfTheViolin,12.6,ADICIONADO,ok (revisado - obra americana de 1909 - domínio público por expiração de prazo (95 anos)),the-voice-of-the-violin-1909
The Miser's Heart,1911,archivewatch.org,TheMisersHeart_201404,16.3,ADICIONADO,ok (revisado - obra americana de 1911 - domínio público por expiração de prazo (95 anos)),the-miser-s-heart-1911
The Black Viper,1908,archivewatch.org,TheBlackViper,0.7,DESCARTADO,"duração incompatível (0.7 min) — provável trailer/clipe, não o filme completo",
Pippa Passes,1909,archivewatch.org,PippaPasses1909,14.2,ADICIONADO,ok (revisado - obra americana de 1909 - domínio público por expiração de prazo (95 anos)),pippa-passes-1909
Max Wants a Divorce,1917,archivewatch.org,MaxWantsADivorce,1,DESCARTADO,"duração incompatível (1 min) — provável trailer/clipe, não o filme completo",
His New Mamma,1924,archivewatch.org,HisNewMamma,15,ADICIONADO,ok (revisado - obra americana de 1924 - domínio público por expiração de prazo (95 anos)),his-new-mamma-1924
Faithful,1910,archivewatch.org,FAITHFUL_201401,11.3,ADICIONADO,ok (revisado - obra americana de 1910 - domínio público por expiração de prazo (95 anos)),faithful-1910
In the Border States,1910,archivewatch.org,10InTheBorderStates,14.6,ADICIONADO,ok (revisado - obra americana de 1910 - domínio público por expiração de prazo (95 anos)),in-the-border-states-1910
The Zulu's Heart,1908,archivewatch.org,TheZulusHeartPreview,0.9,DESCARTADO,"duração incompatível (0.9 min) — provável trailer/clipe, não o filme completo",
The Joneses Have Amateur Theatricals,1909,archivewatch.org,TheJonesesHaveAmateurTheatricals,5.2,ADICIONADO,ok (revisado - obra americana de 1909 - domínio público por expiração de prazo (95 anos)),the-joneses-have-amateur-theatricals-1909
The Little Tease,1913,archivewatch.org,PreviewTheLittleTease,1.3,DESCARTADO,"duração incompatível (1.3 min) — provável trailer/clipe, não o filme completo",
Her First Adventure,1908,archivewatch.org,HerFirstAdventure1908,0.6,DESCARTADO,"duração incompatível (0.6 min) — provável trailer/clipe, não o filme completo",
Santa Claus,1925,archivewatch.org,silent-santa-claus,28.7,ADICIONADO,ok (revisado - obra americana de 1925 - domínio público por expiração de prazo (95 anos)),santa-claus-1925
Haxan,1922,archivewatch.org,Haxan_tinted_and_subtitled,,DESCARTADO,falha ao consultar metadata do archive.org (Timeout fetching https://archive.org/metadata/Haxan_tinted_and_subtitled),
Episodes in the Life of a Gin Bottle,1925,archivewatch.org,silent-episodes-in-the-life-of-a-gin-bottle,11.4,DESCARTADO,"revisado nesta rodada - compilação multi-filme ou episódio de TV, não um filme único",
Cockeyed: Gems from the Memory of a Nutty Cameraman,1925,archivewatch.org,silent-cockeyed-gems-from-the-memory-of-a-nutty-cameraman,3,ADICIONADO,ok (revisado - obra americana de 1925 - domínio público por expiração de prazo (95 anos)),cockeyed-gems-from-the-memory-of-a-nutty-cameraman-1925
Mark of Zorro,1920,archivewatch.org,markofzorro-1920,74.3,ADICIONADO,ok (revisado - obra americana de 1920 - domínio público por expiração de prazo (95 anos)),mark-of-zorro-1920
Three Ages,1923,archivewatch.org,Silent_ThreeAges_1923,63.6,ADICIONADO,ok,three-ages-1923
Never Weaken,1921,archivewatch.org,Never_Weaken_1921,28.5,ADICIONADO,ok (revisado - obra americana de 1921 - domínio público por expiração de prazo (95 anos)),never-weaken-1921
His First Flame,1927,archivewatch.org,his_first_flame,46.3,ADICIONADO,ok (revisado - obra americana de 1927 - domínio público por expiração de prazo (95 anos)),his-first-flame-1927
His New Profession,1914,archivewatch.org,HisNewProfession,13.7,ADICIONADO,ok (revisado - obra americana de 1914 - domínio público por expiração de prazo (95 anos)),his-new-profession-1914
Harakiri (Fritz Lang),1919,archivewatch.org,Harakiri1919fritzLang,,DESCARTADO,falha ao consultar metadata do archive.org (Timeout fetching https://archive.org/metadata/Harakiri1919fritzLang),
Thundering Thompson,1929,archivewatch.org,ThunderingThompson,46.5,ADICIONADO,ok (revisado - obra americana de 1929 - domínio público por expiração de prazo (95 anos)),thundering-thompson-1929
The Roman Orgy,1911,archivewatch.org,TheRomanOrgy,8.6,ADICIONADO,ok (revisado - obra americana de 1911 - domínio público por expiração de prazo (95 anos)),the-roman-orgy-1911
Charlie Chaplin,,archivewatch.org,CharlieChaplin,27.4,DESCARTADO,"revisado nesta rodada - não verificado com confiança suficiente nesta rodada (estúdio grande, origem estrangeira pós-1930, ou TV) - fica para revisão futura",
"""Seduction""",1929,archivewatch.org,seductionerotikon1929,84.8,DESCARTADO,"fora do escopo do catálogo (critério de segurança — conteúdo de revista burlesca/nudez artística, não apropriado para catálogo familiar/geral)",
They Made Me a Criminal,1939,archivewatch.org,They_Made_Me_A_Criminal_1939,91.2,ADICIONADO,ok,they-made-me-a-criminal-1939
The Lady Confesses,1945,archivewatch.org,Lady_Confesses,64,ADICIONADO,ok,the-lady-confesses-1945
I Love Trouble,1948,archivewatch.org,I_Love_Trouble_movie,94.5,DESCARTADO,"revisado nesta rodada - não verificado com confiança suficiente nesta rodada (estúdio grande, origem estrangeira pós-1930, ou TV) - fica para revisão futura",
The Sun Sets at Dawn,1950,archivewatch.org,Sun_Sets_at_Dawn_movie,86,DESCARTADO,"revisado nesta rodada - não verificado com confiança suficiente nesta rodada (estúdio grande, origem estrangeira pós-1930, ou TV) - fica para revisão futura",
They Made Me a Killer,1946,archivewatch.org,TheyMadeMeAKiller,64.3,DESCARTADO,"revisado nesta rodada - não verificado com confiança suficiente nesta rodada (estúdio grande, origem estrangeira pós-1930, ou TV) - fica para revisão futura",
The Killers,1946,archivewatch.org,thekillers1946usafeaturingburtlancasteravagardneredmondobrienfilmnoirfullmovie_202001,102.4,DESCARTADO,"revisado nesta rodada - não verificado com confiança suficiente nesta rodada (estúdio grande, origem estrangeira pós-1930, ou TV) - fica para revisão futura",
Convict's Code,1939,archivewatch.org,convicts_code,62.7,ADICIONADO,ok,convicts-code-1939
The Grapes of Wrath,1940,archivewatch.org,the-grapes-of-wrath-1940,129.7,DESCARTADO,"revisado nesta rodada - não verificado com confiança suficiente nesta rodada (estúdio grande, origem estrangeira pós-1930, ou TV) - fica para revisão futura",
Laura,1944,archivewatch.org,laura_202003,87.1,DESCARTADO,"revisado nesta rodada - não verificado com confiança suficiente nesta rodada (estúdio grande, origem estrangeira pós-1930, ou TV) - fica para revisão futura",
Walk the Dark Street,1956,archivewatch.org,WalkTheDarkStreet,71.9,DESCARTADO,"revisado nesta rodada - não verificado com confiança suficiente nesta rodada (estúdio grande, origem estrangeira pós-1930, ou TV) - fica para revisão futura",
Shoot to Kill,1947,archivewatch.org,Shoot_to_Kill,63.6,ADICIONADO,ok,shoot-to-kill-1947
Strange Love of Martha Ivers,1946,archivewatch.org,Martha_Ivers_movie,115.8,DESCARTADO,"revisado nesta rodada - não verificado com confiança suficiente nesta rodada (estúdio grande, origem estrangeira pós-1930, ou TV) - fica para revisão futura",
Wrong Road,1936,archivewatch.org,wrong_road,53.1,ADICIONADO,ok,wrong-road-1937
Double Indemnity,1944,archivewatch.org,Double.Indemnity.1944.720p.BrRip.x265.HEVCBay.com.mkv,107.7,DESCARTADO,"revisado nesta rodada - compilação multi-filme ou episódio de TV, não um filme único",
The Big Clock,1948,archivewatch.org,the-big-clock-1948,95.4,DESCARTADO,"revisado nesta rodada - não verificado com confiança suficiente nesta rodada (estúdio grande, origem estrangeira pós-1930, ou TV) - fica para revisão futura",
"Parole, Inc.",1948,archivewatch.org,parole_inc,71.1,ADICIONADO,ok,parole-inc-1948
Nightmare Castle,1965,archivewatch.org,nightmare_castle,79.5,ADICIONADO,ok,nightmare-castle-1965
Club Paradise,1945,archivewatch.org,club_paradise,61.8,ADICIONADO,ok,club-paradise-1945
Gaslight,1944,archivewatch.org,Gaslight_628,103.1,DESCARTADO,"revisado nesta rodada - não verificado com confiança suficiente nesta rodada (estúdio grande, origem estrangeira pós-1930, ou TV) - fica para revisão futura",
Whispering City,1947,archivewatch.org,WhisperingCity,90.8,ADICIONADO,ok,whispering-city-1947
Two Dollar Bettor,1951,archivewatch.org,Two_Dollar_Bettor_movie,71.5,ADICIONADO,ok,two-dollar-bettor-1951
The Fat Man,1951,archivewatch.org,thefatman1951_202002,77.5,DESCARTADO,"revisado nesta rodada - não verificado com confiança suficiente nesta rodada (estúdio grande, origem estrangeira pós-1930, ou TV) - fica para revisão futura",
The Basketball Fix,1951,archivewatch.org,TheBasketballFix1951,68.2,ADICIONADO,ok,the-basketball-fix-1951
C-Man,1949,archivewatch.org,C-Man,,DESCARTADO,falha ao consultar metadata do archive.org (Timeout fetching https://archive.org/metadata/C-Man),
The Bad Sleep Well,1963,archivewatch.org,the-bad-sleep-well,150.6,DESCARTADO,"revisado nesta rodada - não verificado com confiança suficiente nesta rodada (estúdio grande, origem estrangeira pós-1930, ou TV) - fica para revisão futura",
St. Benny the Dip,1951,archivewatch.org,St.BennyTheDip,80.9,ADICIONADO,ok,st-benny-the-dip-1951
For You I Die,1947,archivewatch.org,ForYouIDie,75.2,ADICIONADO,ok,for-you-i-die-1947
"Chiaroscuro, Baby",2009,archivewatch.org,ChiaroscuroBaby,,DESCARTADO,ano 2009 acima do corte de domínio-público provável (1966) — precisa checagem manual,
The Ghost Walks,1934,archivewatch.org,The.Ghost.Walks,63.4,ADICIONADO,ok,the-ghost-walks-1934
The City of the Dead,1960,archivewatch.org,Horror_Hotel,75.9,ADICIONADO,ok,the-city-of-the-dead-1960
The Ghost Train,1941,archivewatch.org,TheGhostTrain,81.4,DESCARTADO,"revisado nesta rodada - não verificado com confiança suficiente nesta rodada (estúdio grande, origem estrangeira pós-1930, ou TV) - fica para revisão futura",
Nosferatu DVD quality,1922,archivewatch.org,Nosferatu_DVD_quality,19.8,ADICIONADO,ok (revisado - caso específico bem documentado (Nosferatu: copyright nos EUA nunca validamente estabelecido)),nosferatu-dvd-quality-1922
Sweeney Todd: The Demon Barber of Fleet Street,1936,archivewatch.org,sweeney.todd,67.5,ADICIONADO,ok,sweeney-todd-the-demon-barber-of-fleet-street-1936
The Phantom Ship,1936,archivewatch.org,phantom_ship,61.4,DESCARTADO,"revisado nesta rodada - não verificado com confiança suficiente nesta rodada (estúdio grande, origem estrangeira pós-1930, ou TV) - fica para revisão futura",
The Sadist,1963,archivewatch.org,The_Sadist,91.6,ADICIONADO,ok,the-sadist-1963
The Evil Mind,1934,archivewatch.org,The_Evil_Mind,68.1,DESCARTADO,"revisado nesta rodada - não verificado com confiança suficiente nesta rodada (estúdio grande, origem estrangeira pós-1930, ou TV) - fica para revisão futura",
Creature from the Haunted Sea,1961,archivewatch.org,CreatureFromTheHauntedSea,74.6,ADICIONADO,ok,creature-from-the-haunted-sea-1961
Daughter of Horror,1955,archivewatch.org,daughter_of_horror,54.7,ADICIONADO,ok,daughter-of-horror-1955
The World Gone Mad,1933,archivewatch.org,WorldGoneMad,71,ADICIONADO,ok,the-world-gone-mad-1933
The Devils Daughter,1939,archivewatch.org,TheDevilsDaughter,51.4,DESCARTADO,"revisado nesta rodada - não verificado com confiança suficiente nesta rodada (estúdio grande, origem estrangeira pós-1930, ou TV) - fica para revisão futura",
The Naked Witch,,archivewatch.org,TheNakedWitch,59.1,ADICIONADO,ok,the-naked-witch-1961
Fog Island,1945,archivewatch.org,Fog_island_1945,68.6,ADICIONADO,ok,fog-island-1945
Naked Massacre,1976,archivewatch.org,NakedMassacre1976,,DESCARTADO,ano 1976 acima do corte de domínio-público provável (1966) — precisa checagem manual,
How Awful About Allan,1970,archivewatch.org,HowAwfulAboutAllan,,DESCARTADO,ano 1970 acima do corte de domínio-público provável (1966) — precisa checagem manual,
Doomsday Machine,,archivewatch.org,DoomsdayMachine1972,82.4,ADICIONADO,ok,doomsday-machine-1972
Werewolf in a Girls' Dormitory,1962,archivewatch.org,Werewolf_In_A_Girls_Dormitory,83.2,ADICIONADO,ok,werewolf-in-a-girls-dormitory-1962
The She Beast,1966,archivewatch.org,TheSheBeast,78.9,ADICIONADO,ok,the-she-beast-1966
The Beach Girls and the Monster,1965,archivewatch.org,TheBeachGirlsAndTheMonster,66.1,ADICIONADO,ok,the-beach-girls-and-the-monster-1965
Curse of the Swamp Creature,1966,archivewatch.org,CurseOfTheSwampCreature1966_742,,DESCARTADO,falha ao consultar metadata do archive.org (Timeout fetching https://archive.org/metadata/CurseOfTheSwampCreature1966_742),
The Atomic Brain,1964,archivewatch.org,TheAtomicBrain,64.9,ADICIONADO,ok,the-atomic-brain-1964
Reign of the Fallen,2006,archivewatch.org,Reign_of_the_Fallen,,DESCARTADO,ano 2006 acima do corte de domínio-público provável (1966) — precisa checagem manual,
Bloody Wednesday,,archivewatch.org,BloodyWednesday,,DESCARTADO,falha ao consultar metadata do archive.org (Timeout fetching https://archive.org/metadata/BloodyWednesday),
Rogue's Tavern,1936,archivewatch.org,rogues_tavern,69.3,ADICIONADO,ok,rogues-tavern-1936
Charlie Chaplin Festival,1938,archivewatch.org,charlie_chaplin_film_fest,77.4,DESCARTADO,"revisado nesta rodada - não verificado com confiança suficiente nesta rodada (estúdio grande, origem estrangeira pós-1930, ou TV) - fica para revisão futura",
Rhythm and Blues Revue,1955,archivewatch.org,rhythm_blues_review,71.4,DESCARTADO,"revisado nesta rodada - não verificado com confiança suficiente nesta rodada (estúdio grande, origem estrangeira pós-1930, ou TV) - fica para revisão futura",
Phantom of Chinatown,1940,archivewatch.org,Phantom_of_Chinatown_1940,61.1,ADICIONADO,ok,phantom-of-chinatown-1940
The Fatal Hour,1940,archivewatch.org,The_Fatal_Hour,66.3,ADICIONADO,ok,the-fatal-hour-1940
Private Snuffy Smith,1942,archivewatch.org,private_snuffy_smith,65.9,ADICIONADO,ok,private-snuffy-smith-1942
Private Buckaroo,1942,archivewatch.org,private_buckaroo,67.1,DESCARTADO,"revisado nesta rodada - não verificado com confiança suficiente nesta rodada (estúdio grande, origem estrangeira pós-1930, ou TV) - fica para revisão futura",
Teaserama,1955,archivewatch.org,Teaserama,67,DESCARTADO,"fora do escopo do catálogo (critério de segurança — conteúdo de revista burlesca/nudez artística, não apropriado para catálogo familiar/geral)",
Behave Yourself!,1951,archivewatch.org,behave_yourself_ipod,79.9,DESCARTADO,"revisado nesta rodada - não verificado com confiança suficiente nesta rodada (estúdio grande, origem estrangeira pós-1930, ou TV) - fica para revisão futura",
Three Stooges Episodes,,archivewatch.org,3stooges,16.9,DESCARTADO,"revisado nesta rodada - compilação multi-filme ou episódio de TV, não um filme único",
Honeymoon in Bali,1939,archivewatch.org,my_love_for_yours_ipod,99.7,DESCARTADO,"revisado nesta rodada - não verificado com confiança suficiente nesta rodada (estúdio grande, origem estrangeira pós-1930, ou TV) - fica para revisão futura",
The Arizona Raiders,1936,archivewatch.org,TheArizonaRaiders,57.3,DESCARTADO,"revisado nesta rodada - não verificado com confiança suficiente nesta rodada (estúdio grande, origem estrangeira pós-1930, ou TV) - fica para revisão futura",
Two Weeks to Live,1943,archivewatch.org,2_weeks_to_live,73.9,DESCARTADO,"revisado nesta rodada - não verificado com confiança suficiente nesta rodada (estúdio grande, origem estrangeira pós-1930, ou TV) - fica para revisão futura",
Killer Dill,1947,archivewatch.org,killer_dill,72,ADICIONADO,ok,killer-dill-1947
"It's a Joke, Son!",1947,archivewatch.org,its_a_joke_son,63.3,ADICIONADO,ok,its-a-joke-son-1947
Uncle Joe,1941,archivewatch.org,UncleJoe,50.7,ADICIONADO,ok,uncle-joe-1941
Kid Dynamite,1943,archivewatch.org,kid_dynamite,66.1,ADICIONADO,ok,kid-dynamite-1943
The Gun and the Pulpit,1974,archivewatch.org,cco_thegunandthepulpit,,DESCARTADO,ano 1974 acima do corte de domínio-público provável (1966) — precisa checagem manual,
Little Men,1940,archivewatch.org,little_men,83.1,DESCARTADO,"revisado nesta rodada - não verificado com confiança suficiente nesta rodada (estúdio grande, origem estrangeira pós-1930, ou TV) - fica para revisão futura",
The Goose That Laid the Golden Egg,1936,archivewatch.org,felix_the_cat_the_goos_that_laid_the_golden_egg,7.1,DESCARTADO,"revisado nesta rodada - não verificado com confiança suficiente nesta rodada (estúdio grande, origem estrangeira pós-1930, ou TV) - fica para revisão futura",
Flip The Frog - Fiddlesticks,1930,archivewatch.org,FLIP_FROG-FIDDLESTICKS,6.2,ADICIONADO,ok (revisado - título especificamente documentado como domínio público (falha de renovação/produção independente)),flip-the-frog-fiddlesticks-1930
The Mechanical Monsters,1941,archivewatch.org,superman_the_mechanical_monsters,10.2,ADICIONADO,ok,the-mechanical-monsters-1941
The Cobweb Hotel,1936,archivewatch.org,the_cobweb_hotel,7.9,ADICIONADO,ok,the-cobweb-hotel-1936
Electric Earthquake,1942,archivewatch.org,superman_electric_earthquake,8.7,ADICIONADO,ok (revisado - título especificamente documentado como domínio público (falha de renovação/produção independente)),electric-earthquake-1942
Eleventh Hour,1942,archivewatch.org,superman_eleventh_hour,8,ADICIONADO,ok (revisado - título especificamente documentado como domínio público (falha de renovação/produção independente)),eleventh-hour-1942
Noveltoon: Caspar The Friendly Ghost in There's Good Boos Tonight,1948,archivewatch.org,noveltoon_casper_tfg_theres_good_boos_tonight,8.7,ADICIONADO,ok (revisado - título especificamente documentado como domínio público (falha de renovação/produção independente)),noveltoon-caspar-the-friendly-ghost-in-there-s-good-boos-tonight-1948
A Language All My Own,1935,archivewatch.org,Betty_Boop_a_Language_All_My_Own_1935,5.6,ADICIONADO,ok,a-language-all-my-own-1935
Betty Boop and Little Jimmy,1936,archivewatch.org,Betty_Boop_and_Little_Jimmy_1936,5.6,ADICIONADO,ok,betty-boop-and-little-jimmy-1936
Judge for a Day,1935,archivewatch.org,Betty_Boop_Judge_For_a_Day_1935,7.6,ADICIONADO,ok,judge-for-a-day-1935
Hector's Hectic Life,1948,archivewatch.org,hectors_hectic_life,6.5,DESCARTADO,"revisado nesta rodada - não verificado com confiança suficiente nesta rodada (estúdio grande, origem estrangeira pós-1930, ou TV) - fica para revisão futura",
Rudolph the Red-Nosed Reindeer,1948,archivewatch.org,RudolphTheRed-nosedReindeer1948,8.2,ADICIONADO,ok,rudolph-the-red-nosed-reindeer-1948
The Big Bad Wolf,,archivewatch.org,the_big_bad_wolf,8.3,DESCARTADO,"revisado nesta rodada - não verificado com confiança suficiente nesta rodada (estúdio grande, origem estrangeira pós-1930, ou TV) - fica para revisão futura",
The Talking Magpies,1946,archivewatch.org,the_talking_magpies,6.5,DESCARTADO,"revisado nesta rodada - não verificado com confiança suficiente nesta rodada (estúdio grande, origem estrangeira pós-1930, ou TV) - fica para revisão futura",
Betty Boop Cartoons,,archivewatch.org,BettyBoopCartoons,6.9,DESCARTADO,"revisado nesta rodada - compilação multi-filme ou episódio de TV, não um filme único",
The Lion Tamer,1934,archivewatch.org,TheLionTamer_645,8.7,DESCARTADO,"revisado nesta rodada - não verificado com confiança suficiente nesta rodada (estúdio grande, origem estrangeira pós-1930, ou TV) - fica para revisão futura",
The Pink Panther,1964,archivewatch.org,ThePinkPanther-cartoons,24.8,DESCARTADO,"revisado nesta rodada - não verificado com confiança suficiente nesta rodada (estúdio grande, origem estrangeira pós-1930, ou TV) - fica para revisão futura",
Popeye Public Domain Collection,,archivewatch.org,popeye-pubdomain,21.8,DESCARTADO,"revisado nesta rodada - compilação multi-filme ou episódio de TV, não um filme único",
PD Cartoon Collection,1935,archivewatch.org,pdcartooncollection,13.2,DESCARTADO,"revisado nesta rodada - compilação multi-filme ou episódio de TV, não um filme único",
Merrie Melodies: Beauty And The Beast (4.14.34),1934,archivewatch.org,MerrieMelodiesBeautyAndTheBeast41434,7.6,DESCARTADO,"revisado nesta rodada - não verificado com confiança suficiente nesta rodada (estúdio grande, origem estrangeira pós-1930, ou TV) - fica para revisão futura",
The Barn Dance,1929,archivewatch.org,TheBarnDance,7,ADICIONADO,ok (revisado - obra americana de 1929 - domínio público por expiração de prazo (95 anos)),the-barn-dance-1929
Popeye: Out To Punch,1956,archivewatch.org,Popeye_Out_of_the_Punch_1956,6.1,ADICIONADO,ok,popeye-out-to-punch-1956
Balloon Land,1935,archivewatch.org,BalloonLand_450,6.7,ADICIONADO,ok (revisado - título especificamente documentado como domínio público (falha de renovação/produção independente)),balloon-land-1935
The Pink Panther,1963,archivewatch.org,ThePink.Panther1963,110.4,DESCARTADO,"revisado nesta rodada - não verificado com confiança suficiente nesta rodada (estúdio grande, origem estrangeira pós-1930, ou TV) - fica para revisão futura",
The Fresh Vegetable Mystery,1939,archivewatch.org,TheFreshVegetableMystery,6.9,DESCARTADO,"revisado nesta rodada - não verificado com confiança suficiente nesta rodada (estúdio grande, origem estrangeira pós-1930, ou TV) - fica para revisão futura",
We're in the Money,1933,archivewatch.org,witm090065,6.6,DESCARTADO,"revisado nesta rodada - não verificado com confiança suficiente nesta rodada (estúdio grande, origem estrangeira pós-1930, ou TV) - fica para revisão futura",
Popeye Collection,,archivewatch.org,popeye-collection,9.8,DESCARTADO,"revisado nesta rodada - compilação multi-filme ou episódio de TV, não um filme único",
Looney Tunes WW2/Misc. Shorts,,archivewatch.org,ltmmsnafu,26.3,DESCARTADO,"revisado nesta rodada - compilação multi-filme ou episódio de TV, não um filme único",
Lone Ranger Cartoon Collection1966,1966,archivewatch.org,LoneRangerCartoon1966CrackOfDoom,6.7,DESCARTADO,"revisado nesta rodada - compilação multi-filme ou episódio de TV, não um filme único",
Tinker Bell and the Lost Treasure,,archivewatch.org,TinkerBellAndTheLostTreasure,60.3,DESCARTADO,"revisado nesta rodada - não verificado com confiança suficiente nesta rodada (estúdio grande, origem estrangeira pós-1930, ou TV) - fica para revisão futura",
The Barber of Seville,1944,archivewatch.org,TheBarberOfSeville,6.9,DESCARTADO,"revisado nesta rodada - não verificado com confiança suficiente nesta rodada (estúdio grande, origem estrangeira pós-1930, ou TV) - fica para revisão futura",
Silvery Moon,1933,archivewatch.org,silvery-moon,6.1,DESCARTADO,"revisado nesta rodada - não verificado com confiança suficiente nesta rodada (estúdio grande, origem estrangeira pós-1930, ou TV) - fica para revisão futura",
Cartoon Classics,,archivewatch.org,cartoon-classics-vol-1-25-favorite-cartoons-3-hours,175,DESCARTADO,"revisado nesta rodada - compilação multi-filme ou episódio de TV, não um filme único",
Victory Through Air Power,1943,archivewatch.org,VictoryThroughAirPower,65.3,DESCARTADO,"revisado nesta rodada - não verificado com confiança suficiente nesta rodada (estúdio grande, origem estrangeira pós-1930, ou TV) - fica para revisão futura",
The Farmerette,1932,archivewatch.org,TheFarmerette,6.3,DESCARTADO,"revisado nesta rodada - não verificado com confiança suficiente nesta rodada (estúdio grande, origem estrangeira pós-1930, ou TV) - fica para revisão futura",
Superman 3D,,archivewatch.org,SUPERMAN3D,,DESCARTADO,item sem arquivos no archive.org (identifier inválido ou removido),
Saturday Morning Cartoons,,archivewatch.org,ABC_CBS_NBC_Saturday_Morning_Cartoons_2-10-79_WOC,30.1,DESCARTADO,"revisado nesta rodada - compilação multi-filme ou episódio de TV, não um filme único",
Best Popeye the Sailor Cartoons Compilation 1933-1939,,archivewatch.org,popeye-1933-1939,187.5,DESCARTADO,"revisado nesta rodada - compilação multi-filme ou episódio de TV, não um filme único",
The Story Of Heidi,,archivewatch.org,TheStoryOfHeidiEnglishVersion,84.1,DESCARTADO,"revisado nesta rodada - não verificado com confiança suficiente nesta rodada (estúdio grande, origem estrangeira pós-1930, ou TV) - fica para revisão futura",
Betty Boop Cartoons Cartoon Classics Vol. (1-3),,archivewatch.org,BettyBoopCartoonsCartoonClassicsVol.1,83.4,DESCARTADO,"revisado nesta rodada - compilação multi-filme ou episódio de TV, não um filme único",
Banned Cartoons Felix The Cat King Of The Moon,,archivewatch.org,BannedCartoonsTransLuxFelixTheCatKingOfTheMoonVeryGood,7.5,DESCARTADO,"revisado nesta rodada - compilação multi-filme ou episódio de TV, não um filme único",
Classic Superman Cartoons,,archivewatch.org,ClassicSupermanCartoons720p,8.5,DESCARTADO,"revisado nesta rodada - compilação multi-filme ou episódio de TV, não um filme único",
Butterscotch and Soda,1948,archivewatch.org,ButterscotchAndSoda,7.3,DESCARTADO,"revisado nesta rodada - não verificado com confiança suficiente nesta rodada (estúdio grande, origem estrangeira pós-1930, ou TV) - fica para revisão futura",
Baseball Bugs,1946,archivewatch.org,BaseballBugs_201708,79.6,DESCARTADO,"revisado nesta rodada - não verificado com confiança suficiente nesta rodada (estúdio grande, origem estrangeira pós-1930, ou TV) - fica para revisão futura",
Barbecue for Two,1960,archivewatch.org,BarbecueForTwo1960,6,DESCARTADO,"revisado nesta rodada - não verificado com confiança suficiente nesta rodada (estúdio grande, origem estrangeira pós-1930, ou TV) - fica para revisão futura",
Bugs Bunny All This and Rabbit Stew,,archivewatch.org,BUGSBUNNYALLTHISANDRABBITSTEWCgNjXeU5OTk,6.8,DESCARTADO,"revisado nesta rodada - compilação multi-filme ou episódio de TV, não um filme único",
OldToonTheater,,archivewatch.org,OldToonTheater,8,DESCARTADO,"revisado nesta rodada - compilação multi-filme ou episódio de TV, não um filme único",
Classic Toon Theater 3,,archivewatch.org,ClassicToonTheater3720p,7.3,DESCARTADO,"revisado nesta rodada - compilação multi-filme ou episódio de TV, não um filme único",
Boy Meets Dog,1938,archivewatch.org,Boy_meets_dog,7.9,DESCARTADO,"revisado nesta rodada - não verificado com confiança suficiente nesta rodada (estúdio grande, origem estrangeira pós-1930, ou TV) - fica para revisão futura",
The Mouse of Tomorrow,1942,archivewatch.org,TheMouseOfTomorrow,6.5,DESCARTADO,"revisado nesta rodada - não verificado com confiança suficiente nesta rodada (estúdio grande, origem estrangeira pós-1930, ou TV) - fica para revisão futura",
CartoonClassics,,archivewatch.org,CartoonClassics_201601,8.1,DESCARTADO,"revisado nesta rodada - compilação multi-filme ou episódio de TV, não um filme único",
Bimbos Auto,1954,archivewatch.org,BimbosAutoX264,6.5,DESCARTADO,"revisado nesta rodada - não verificado com confiança suficiente nesta rodada (estúdio grande, origem estrangeira pós-1930, ou TV) - fica para revisão futura",
Public Domain Animation,1950,archivewatch.org,1950publicdomainanimation,9.7,DESCARTADO,"revisado nesta rodada - não verificado com confiança suficiente nesta rodada (estúdio grande, origem estrangeira pós-1930, ou TV) - fica para revisão futura",
Public Domain Animation,1941,archivewatch.org,1941publicdomainanimation,17.7,DESCARTADO,"revisado nesta rodada - não verificado com confiança suficiente nesta rodada (estúdio grande, origem estrangeira pós-1930, ou TV) - fica para revisão futura",
Public Domain Animation,1954,archivewatch.org,1954publicdomainanimation,19.9,DESCARTADO,"revisado nesta rodada - não verificado com confiança suficiente nesta rodada (estúdio grande, origem estrangeira pós-1930, ou TV) - fica para revisão futura",
Public Domain Animation,1952,archivewatch.org,1952publicdomainanimation,14.3,DESCARTADO,"revisado nesta rodada - não verificado com confiança suficiente nesta rodada (estúdio grande, origem estrangeira pós-1930, ou TV) - fica para revisão futura",
Public Domain Animation,1957,archivewatch.org,1957publicdomainanimation,29.6,DESCARTADO,"revisado nesta rodada - não verificado com confiança suficiente nesta rodada (estúdio grande, origem estrangeira pós-1930, ou TV) - fica para revisão futura",
Public Domain Animation,1955,archivewatch.org,1955publicdomainanimation,7.6,DESCARTADO,"revisado nesta rodada - não verificado com confiança suficiente nesta rodada (estúdio grande, origem estrangeira pós-1930, ou TV) - fica para revisão futura",
Public Domain Animation,1958,archivewatch.org,1958publicdomainanimation,10.7,DESCARTADO,"revisado nesta rodada - não verificado com confiança suficiente nesta rodada (estúdio grande, origem estrangeira pós-1930, ou TV) - fica para revisão futura",
Swat the Fly,1935,archivewatch.org,bb_swat_the_fly,5.5,ADICIONADO,ok (revisado - Betty Boop - well-documented PD set),betty-boop-swat-the-fly-1935
Little Nemo,1911,archivewatch.org,LittleNemo_548,10.6,ADICIONADO,ok (revisado - obra americana de 1911 - domínio público por expiração de prazo (95 anos)),little-nemo-1911
Betty Boop's Crazy Inventions,1933,archivewatch.org,Betty_Boops_Crazy_Inventions_1933,6.8,DESCARTADO,"revisado nesta rodada - não verificado com confiança suficiente nesta rodada (estúdio grande, origem estrangeira pós-1930, ou TV) - fica para revisão futura",
Baby Be Good,1935,archivewatch.org,Betty_Boop_Baby_Be_Good_1935,7.7,ADICIONADO,ok,baby-be-good-1935
Betty Boop with Henry the Funniest Living American,1935,archivewatch.org,Betty_Boop_with_Henry_1935,6.8,DESCARTADO,"revisado nesta rodada - não verificado com confiança suficiente nesta rodada (estúdio grande, origem estrangeira pós-1930, ou TV) - fica para revisão futura",
Alice the Whaler,,archivewatch.org,AliceTheWhaler,7.6,DESCARTADO,"revisado nesta rodada - não verificado com confiança suficiente nesta rodada (estúdio grande, origem estrangeira pós-1930, ou TV) - fica para revisão futura",
The Air Race,1933,archivewatch.org,YheAirRace,7.4,DESCARTADO,"revisado nesta rodada - não verificado com confiança suficiente nesta rodada (estúdio grande, origem estrangeira pós-1930, ou TV) - fica para revisão futura",
Superman,1941,archivewatch.org,superman_1941,10.3,ADICIONADO,ok (revisado - título especificamente documentado como domínio público (falha de renovação/produção independente)),superman-1941
Insect to Injury,1956,archivewatch.org,insect_to_injury,6.1,DESCARTADO,"revisado nesta rodada - não verificado com confiança suficiente nesta rodada (estúdio grande, origem estrangeira pós-1930, ou TV) - fica para revisão futura",
I'm in the Army Now,1936,archivewatch.org,im_in_the_army_now,6.2,DESCARTADO,"revisado nesta rodada - não verificado com confiança suficiente nesta rodada (estúdio grande, origem estrangeira pós-1930, ou TV) - fica para revisão futura",
A Haul in One,1956,archivewatch.org,haul_in_one,6.1,DESCARTADO,"revisado nesta rodada - não verificado com confiança suficiente nesta rodada (estúdio grande, origem estrangeira pós-1930, ou TV) - fica para revisão futura",
Der Sieg des Glaubens - Reichsparteitag,1933,archivewatch.org,1933-Der-Sieg-des-Glaubens,61.4,DESCARTADO,"fora do escopo do catálogo (critério de segurança — filme de propaganda nazista/institucional do regime nazista, 1933-1945; catalogado pelo archive.org por valor histórico/de arquivo, não apropriado para um catálogo de streaming geral/familiar)",
Hans Westmar,1933,archivewatch.org,1933-Hans-Westmar-Einer-von-vielen,9597467,DESCARTADO,"fora do escopo do catálogo (critério de segurança — filme de propaganda nazista/institucional do regime nazista, 1933-1945; catalogado pelo archive.org por valor histórico/de arquivo, não apropriado para um catálogo de streaming geral/familiar)",
Junge Adler,1944,archivewatch.org,1944-Junge-Adler,101.1,DESCARTADO,"fora do escopo do catálogo (critério de segurança — filme de propaganda nazista/institucional do regime nazista, 1933-1945; catalogado pelo archive.org por valor histórico/de arquivo, não apropriado para um catálogo de streaming geral/familiar)",
Sieg im Westen,1941,archivewatch.org,1941-Sieg-im-Westen,109.5,DESCARTADO,"fora do escopo do catálogo (critério de segurança — filme de propaganda nazista/institucional do regime nazista, 1933-1945; catalogado pelo archive.org por valor histórico/de arquivo, não apropriado para um catálogo de streaming geral/familiar)",
Heimkehr,1941,archivewatch.org,1941-Heimkehr,9597467,DESCARTADO,"fora do escopo do catálogo (critério de segurança — filme de propaganda nazista/institucional do regime nazista, 1933-1945; catalogado pelo archive.org por valor histórico/de arquivo, não apropriado para um catálogo de streaming geral/familiar)",
Die Rothschilds - Aktien auf Waterloo,1940,archivewatch.org,1940-Die-Rothschilds-Aktien-auf-Waterloo,9597467,DESCARTADO,"fora do escopo do catálogo (critério de segurança — filme de propaganda nazista/institucional do regime nazista, 1933-1945; catalogado pelo archive.org por valor histórico/de arquivo, não apropriado para um catálogo de streaming geral/familiar)",
Der Ewige Jude,1940,archivewatch.org,1940-Der-Ewige-Jude-2,70.9,DESCARTADO,"fora do escopo do catálogo (critério de segurança — filme de propaganda nazista/institucional do regime nazista, 1933-1945; catalogado pelo archive.org por valor histórico/de arquivo, não apropriado para um catálogo de streaming geral/familiar)",
Gebt mir 4 Jahre Zeit - Des Fuehrers Kampf fuer Volk und Reich,1937,archivewatch.org,1937-Gebt-mir-4-Zeit,16.4,DESCARTADO,"fora do escopo do catálogo (critério de segurança — filme de propaganda nazista/institucional do regime nazista, 1933-1945; catalogado pelo archive.org por valor histórico/de arquivo, não apropriado para um catálogo de streaming geral/familiar)",
SA-Mann Brand - Ein Lebensbild aus unseren Tagen,1933,archivewatch.org,1933-SA-Mann-Brand,94.9,DESCARTADO,"fora do escopo do catálogo (critério de segurança — filme de propaganda nazista/institucional do regime nazista, 1933-1945; catalogado pelo archive.org por valor histórico/de arquivo, não apropriado para um catálogo de streaming geral/familiar)",
Geheimnis Tibet - Ein Film-Dokument der Schaefer-Expedition,1938,archivewatch.org,1943-Geheimnis-Tibet,101.1,DESCARTADO,"fora do escopo do catálogo (critério de segurança — filme de propaganda nazista/institucional do regime nazista, 1933-1945; catalogado pelo archive.org por valor histórico/de arquivo, não apropriado para um catálogo de streaming geral/familiar)",
Stukas,1941,archivewatch.org,1941-Stukas,91.8,DESCARTADO,"fora do escopo do catálogo (critério de segurança — filme de propaganda nazista/institucional do regime nazista, 1933-1945; catalogado pelo archive.org por valor histórico/de arquivo, não apropriado para um catálogo de streaming geral/familiar)",
Kampf um Norwegen - Feldzug,1940,archivewatch.org,1940-Kampf-um-Norwegen,81.1,DESCARTADO,"fora do escopo do catálogo (critério de segurança — filme de propaganda nazista/institucional do regime nazista, 1933-1945; catalogado pelo archive.org por valor histórico/de arquivo, não apropriado para um catálogo de streaming geral/familiar)",
Der Feldzug in Polen,1940,archivewatch.org,1940-Der-Feldzug-in-Polen,67.2,DESCARTADO,"fora do escopo do catálogo (critério de segurança — filme de propaganda nazista/institucional do regime nazista, 1933-1945; catalogado pelo archive.org por valor histórico/de arquivo, não apropriado para um catálogo de streaming geral/familiar)",
Die Reiter von Deutsch-Ostafrika,1934,archivewatch.org,1934-Die-Reiter-von-Deutsch-Ostafrika,77.7,DESCARTADO,"fora do escopo do catálogo (critério de segurança — filme de propaganda nazista/institucional do regime nazista, 1933-1945; catalogado pelo archive.org por valor histórico/de arquivo, não apropriado para um catálogo de streaming geral/familiar)",
Deutschland erwacht - Ein Dokument von der Wiedergeburt Deutschlands,1933,archivewatch.org,1933-Deutschland-erwacht,54.2,DESCARTADO,"fora do escopo do catálogo (critério de segurança — filme de propaganda nazista/institucional do regime nazista, 1933-1945; catalogado pelo archive.org por valor histórico/de arquivo, não apropriado para um catálogo de streaming geral/familiar)",
Adolf Hitler - Rede an die SA und SS-Maenner im Berliner Sportpalast am 8. April,1933,archivewatch.org,1933-Adolf-Hitler-Rede-an-die-SA-und-SS,5.1,DESCARTADO,"fora do escopo do catálogo (critério de segurança — filme de propaganda nazista/institucional do regime nazista, 1933-1945; catalogado pelo archive.org por valor histórico/de arquivo, não apropriado para um catálogo de streaming geral/familiar)",
Wien,1910,archivewatch.org,1943-Wien-1910,84.8,DESCARTADO,"fora do escopo do catálogo (critério de segurança — filme de propaganda nazista/institucional do regime nazista, 1933-1945; catalogado pelo archive.org por valor histórico/de arquivo, não apropriado para um catálogo de streaming geral/familiar)",
Besatzung Dora,1943,archivewatch.org,1943-Besatzung-Dora,93,DESCARTADO,"fora do escopo do catálogo (critério de segurança — filme de propaganda nazista/institucional do regime nazista, 1933-1945; catalogado pelo archive.org por valor histórico/de arquivo, não apropriado para um catálogo de streaming geral/familiar)",
Himmelhunde,1942,archivewatch.org,1942-Himmelhunde,71.3,DESCARTADO,"fora do escopo do catálogo (critério de segurança — filme de propaganda nazista/institucional do regime nazista, 1933-1945; catalogado pelo archive.org por valor histórico/de arquivo, não apropriado para um catálogo de streaming geral/familiar)",
Haende Hoch,1942,archivewatch.org,1942-Haende-hoch,9597467,DESCARTADO,"fora do escopo do catálogo (critério de segurança — filme de propaganda nazista/institucional do regime nazista, 1933-1945; catalogado pelo archive.org por valor histórico/de arquivo, não apropriado para um catálogo de streaming geral/familiar)",
Germanin - Die Geschichte einer kolonialen Tat,1942,archivewatch.org,1942-Germanin,86.5,DESCARTADO,"fora do escopo do catálogo (critério de segurança — filme de propaganda nazista/institucional do regime nazista, 1933-1945; catalogado pelo archive.org por valor histórico/de arquivo, não apropriado para um catálogo de streaming geral/familiar)",
Venus vor Gericht,1941,archivewatch.org,1941-Venus-vor-Gericht,82.2,DESCARTADO,"fora do escopo do catálogo (critério de segurança — filme de propaganda nazista/institucional do regime nazista, 1933-1945; catalogado pelo archive.org por valor histórico/de arquivo, não apropriado para um catálogo de streaming geral/familiar)",
Carl Peters,1941,archivewatch.org,1941-Carl-Peters,109.6,DESCARTADO,"fora do escopo do catálogo (critério de segurança — filme de propaganda nazista/institucional do regime nazista, 1933-1945; catalogado pelo archive.org por valor histórico/de arquivo, não apropriado para um catálogo de streaming geral/familiar)",
Feuertaufe - Der Film vom Einsatz unserer Luftwaffe in Polen,1940,archivewatch.org,1940-Feuertaufe,90.9,DESCARTADO,"fora do escopo do catálogo (critério de segurança — filme de propaganda nazista/institucional do regime nazista, 1933-1945; catalogado pelo archive.org por valor histórico/de arquivo, não apropriado para um catálogo de streaming geral/familiar)",
Der Marsch zum Fuehrer,1940,archivewatch.org,1940-Der-Marsch-zum-Fuehrer,45.2,DESCARTADO,"fora do escopo do catálogo (critério de segurança — filme de propaganda nazista/institucional do regime nazista, 1933-1945; catalogado pelo archive.org por valor histórico/de arquivo, não apropriado para um catálogo de streaming geral/familiar)",
Achtung - Feind hoert mit,1940,archivewatch.org,1940-Achtung-Feind-hoert-mit,88.8,DESCARTADO,"fora do escopo do catálogo (critério de segurança — filme de propaganda nazista/institucional do regime nazista, 1933-1945; catalogado pelo archive.org por valor histórico/de arquivo, não apropriado para um catálogo de streaming geral/familiar)",
Robert und Bertram,1939,archivewatch.org,1939-Robert-und-Bertram,86.4,DESCARTADO,"fora do escopo do catálogo (critério de segurança — filme de propaganda nazista/institucional do regime nazista, 1933-1945; catalogado pelo archive.org por valor histórico/de arquivo, não apropriado para um catálogo de streaming geral/familiar)",
Im Kampf gegen den Weltfeind - Deutsche Freiwillige in Spanien,1939,archivewatch.org,1939-Im-Kampf-gegen-den-Weltfeind,83.9,DESCARTADO,"fora do escopo do catálogo (critério de segurança — filme de propaganda nazista/institucional do regime nazista, 1933-1945; catalogado pelo archive.org por valor histórico/de arquivo, não apropriado para um catálogo de streaming geral/familiar)",
Gestern und heute,1938,archivewatch.org,1938-Gestern-und-Heute,7.9,DESCARTADO,"fora do escopo do catálogo (critério de segurança — filme de propaganda nazista/institucional do regime nazista, 1933-1945; catalogado pelo archive.org por valor histórico/de arquivo, não apropriado para um catálogo de streaming geral/familiar)",
Unternehmen Michael,1937,archivewatch.org,1937-Unternehmen-Michael,77,DESCARTADO,"fora do escopo do catálogo (critério de segurança — filme de propaganda nazista/institucional do regime nazista, 1933-1945; catalogado pelo archive.org por valor histórico/de arquivo, não apropriado para um catálogo de streaming geral/familiar)",
Patrioten,1937,archivewatch.org,1937-Patrioten,77.2,DESCARTADO,"fora do escopo do catálogo (critério de segurança — filme de propaganda nazista/institucional do regime nazista, 1933-1945; catalogado pelo archive.org por valor histórico/de arquivo, não apropriado para um catálogo de streaming geral/familiar)",
Panzerkreuzer Sebastopol - Weisse Sklaven,1937,archivewatch.org,1937-Panzerkreuzer-Sebastopol,107.2,DESCARTADO,"fora do escopo do catálogo (critério de segurança — filme de propaganda nazista/institucional do regime nazista, 1933-1945; catalogado pelo archive.org por valor histórico/de arquivo, não apropriado para um catálogo de streaming geral/familiar)",
Verraeter,1936,archivewatch.org,1936-Verraeter,86.4,DESCARTADO,"fora do escopo do catálogo (critério de segurança — filme de propaganda nazista/institucional do regime nazista, 1933-1945; catalogado pelo archive.org por valor histórico/de arquivo, não apropriado para um catálogo de streaming geral/familiar)",
Heer im Werden,1936,archivewatch.org,1936-Heer-im-Werden,69.7,DESCARTADO,"fora do escopo do catálogo (critério de segurança — filme de propaganda nazista/institucional do regime nazista, 1933-1945; catalogado pelo archive.org por valor histórico/de arquivo, não apropriado para um catálogo de streaming geral/familiar)",
Tag der Freiheit - Unsere Wehrmacht,1935,archivewatch.org,1935-Tag-der-Freiheit,26.8,DESCARTADO,"fora do escopo do catálogo (critério de segurança — filme de propaganda nazista/institucional do regime nazista, 1933-1945; catalogado pelo archive.org por valor histórico/de arquivo, não apropriado para um catálogo de streaming geral/familiar)",
Um das Menschenrecht,1934,archivewatch.org,1934-Um-das-Menschenrecht,9597467,DESCARTADO,"fora do escopo do catálogo (critério de segurança — filme de propaganda nazista/institucional do regime nazista, 1933-1945; catalogado pelo archive.org por valor histórico/de arquivo, não apropriado para um catálogo de streaming geral/familiar)",
Ich fuer dich - Du fuer mich,1934,archivewatch.org,1934-Ich-fuer-dich,84.3,DESCARTADO,"fora do escopo do catálogo (critério de segurança — filme de propaganda nazista/institucional do regime nazista, 1933-1945; catalogado pelo archive.org por valor histórico/de arquivo, não apropriado para um catálogo de streaming geral/familiar)",
Die Entlassung,1942,archivewatch.org,1942-Die-Entlassung,102,DESCARTADO,"fora do escopo do catálogo (critério de segurança — filme de propaganda nazista/institucional do regime nazista, 1933-1945; catalogado pelo archive.org por valor histórico/de arquivo, não apropriado para um catálogo de streaming geral/familiar)",
Ohm Krueger,1941,archivewatch.org,1941-Ohm-Krueger,128.2,DESCARTADO,"fora do escopo do catálogo (critério de segurança — filme de propaganda nazista/institucional do regime nazista, 1933-1945; catalogado pelo archive.org por valor histórico/de arquivo, não apropriado para um catálogo de streaming geral/familiar)",
Jungens,1941,archivewatch.org,1941-Jungens,80.7,DESCARTADO,"fora do escopo do catálogo (critério de segurança — filme de propaganda nazista/institucional do regime nazista, 1933-1945; catalogado pelo archive.org por valor histórico/de arquivo, não apropriado para um catálogo de streaming geral/familiar)",
Die Hermann-Goering-Werke bauen - In Watenstedt 1939-1941,1941,archivewatch.org,1941-Die-Hermann-Goering-Werke-bauen,32.9,DESCARTADO,"fora do escopo do catálogo (critério de segurança — filme de propaganda nazista/institucional do regime nazista, 1933-1945; catalogado pelo archive.org por valor histórico/de arquivo, não apropriado para um catálogo de streaming geral/familiar)",
Der Westwall - Ein dokumentarischer Film,1939,archivewatch.org,1939-Der-Westwall-Ein-dokumentarischer-Film,42.3,DESCARTADO,"fora do escopo do catálogo (critério de segurança — filme de propaganda nazista/institucional do regime nazista, 1933-1945; catalogado pelo archive.org por valor histórico/de arquivo, não apropriado para um catálogo de streaming geral/familiar)",
Echo der Heimat - Ein Tatsachenbericht aus Deutschland,1937,archivewatch.org,1937-Echo-der-Heimat-Ein-Tatsachenbericht-aus-Deutschland,42.7,DESCARTADO,"fora do escopo do catálogo (critério de segurança — filme de propaganda nazista/institucional do regime nazista, 1933-1945; catalogado pelo archive.org por valor histórico/de arquivo, não apropriado para um catálogo de streaming geral/familiar)",
"Die Nuernberger Reichsparteitage der NSDAP aus den Jahren 1927, 1929 und",1933,archivewatch.org,1933-Die-Nuernberger-Reichsparteitage,86.9,DESCARTADO,"fora do escopo do catálogo (critério de segurança — filme de propaganda nazista/institucional do regime nazista, 1933-1945; catalogado pelo archive.org por valor histórico/de arquivo, não apropriado para um catálogo de streaming geral/familiar)",
Achtung! Feind hört mit!,1940,archivewatch.org,achtung-feind-hort-mit,88.8,DESCARTADO,"fora do escopo do catálogo (critério de segurança — filme de propaganda nazista/institucional do regime nazista, 1933-1945; catalogado pelo archive.org por valor histórico/de arquivo, não apropriado para um catálogo de streaming geral/familiar)",
Triumph des Willens - Das Dokument vom Reichsparteitag,1935,archivewatch.org,1935-Triumph-des-Willens,104.5,DESCARTADO,"fora do escopo do catálogo (critério de segurança — filme de propaganda nazista/institucional do regime nazista, 1933-1945; catalogado pelo archive.org por valor histórico/de arquivo, não apropriado para um catálogo de streaming geral/familiar)",
The Haunted Castle,1896,archivewatch.org,The_Haunted_Castle_1896,3.3,ADICIONADO,"ok (revisado - curta de Georges Méliès (1896-1908), já precedente no catálogo)",the-haunted-castle-1896
Le Monstre,1903,archivewatch.org,LeMonstre,2.1,ADICIONADO,"ok (revisado - curta de Georges Méliès (1896-1908), já precedente no catálogo)",le-monstre-1903
Le Chaudron Infernal,1903,archivewatch.org,LeChaudronInfernal,1.1,DESCARTADO,"duração incompatível (1.1 min) — provável trailer/clipe, não o filme completo",
Satan in Prison,1907,archivewatch.org,Satan_in_Prison,5,ADICIONADO,"ok (revisado - curta de Georges Méliès (1896-1908), já precedente no catálogo)",satan-in-prison-1907
Le Cake-Walk Infernal,1903,archivewatch.org,LeCake-walkInfernal,9597467,ADICIONADO,"ok (revisado - curta de Georges Méliès (1896-1908), já precedente no catálogo)",le-cake-walk-infernal-1903
The Christmas Angel,1904,archivewatch.org,The_Christmas_Angel,9.6,ADICIONADO,"ok (revisado - curta de Georges Méliès (1896-1908), já precedente no catálogo)",the-christmas-angel-1904
L'alchimiste Parafaragaramus ou la Cornue Infernale,1906,archivewatch.org,LalchimisteParafaragaramusOuLaCornueInfernaletinted,2.2,ADICIONADO,"ok (revisado - curta de Georges Méliès (1896-1908), já precedente no catálogo)",l-alchimiste-parafaragaramus-ou-la-cornue-infernale-1906
A Mesmerian Experiment,1905,archivewatch.org,A_Mesmerian_Experiment,3.2,ADICIONADO,"ok (revisado - curta de Georges Méliès (1896-1908), já precedente no catálogo)",a-mesmerian-experiment-1905
The Mysterious Island,1905,archivewatch.org,The_Mysterious_Island,3.5,ADICIONADO,"ok (revisado - curta de Georges Méliès (1896-1908), já precedente no catálogo)",the-mysterious-island-1905
The Mermaid,1904,archivewatch.org,The_Mermaid,4,ADICIONADO,"ok (revisado - curta de Georges Méliès (1896-1908), já precedente no catálogo)",the-mermaid-1904
L'Homme Orchestre,1900,archivewatch.org,LhommeOrchestre,1.4,DESCARTADO,"duração incompatível (1.4 min) — provável trailer/clipe, não o filme completo",
Les dernières cartouches,1897,archivewatch.org,LesDerniresCartouches,1.1,DESCARTADO,"duração incompatível (1.1 min) — provável trailer/clipe, não o filme completo",
Le Dirigeable Fantastique ou le Cauchemar d'un Inventeur,1905,archivewatch.org,LeDirigeableFantastiqueOuLeCauchemarDunInventeur,2.7,ADICIONADO,"ok (revisado - curta de Georges Méliès (1896-1908), já precedente no catálogo)",le-dirigeable-fantastique-ou-le-cauchemar-d-un-inventeur-1905
Le Château Hantée,1897,archivewatch.org,LeChteauHante,3.3,ADICIONADO,"ok (revisado - curta de Georges Méliès (1896-1908), já precedente no catálogo)",le-chateau-hantee-1897
Eclipse de Soleil en Pleine Lune,1907,archivewatch.org,EclipseDeSoleilEnPleineLune,9.2,ADICIONADO,"ok (revisado - curta de Georges Méliès (1896-1908), já precedente no catálogo)",eclipse-de-soleil-en-pleine-lune-1907
Deux Cent Milles Sous les Mers,1907,archivewatch.org,DeuxCentMillesSousLesMers,10,ADICIONADO,"ok (revisado - curta de Georges Méliès (1896-1908), já precedente no catálogo)",deux-cent-milles-sous-les-mers-1907
The Hilarious Posters,1906,archivewatch.org,The_Hilarious_Posters,3.4,ADICIONADO,"ok (revisado - curta de Georges Méliès (1896-1908), já precedente no catálogo)",the-hilarious-posters-1906
Long Distance Wireless Photography,1908,archivewatch.org,Long_Distance_Wireless_Photography,6,ADICIONADO,"ok (revisado - curta de Georges Méliès (1896-1908), já precedente no catálogo)",long-distance-wireless-photography-1908
L'oeuf du Sorcier,1903,archivewatch.org,LoeufDuSorcier,1.9,DESCARTADO,"duração incompatível (1.9 min) — provável trailer/clipe, não o filme completo",
Les Aventures de Robinson Crusoé,1903,archivewatch.org,LesAventuresDeRobinsonCruso,1.3,DESCARTADO,"duração incompatível (1.3 min) — provável trailer/clipe, não o filme completo",
Les Affiches en Goguette,1906,archivewatch.org,LesAffichesEnGoguette,3.4,ADICIONADO,"ok (revisado - curta de Georges Méliès (1896-1908), já precedente no catálogo)",les-affiches-en-goguette-1906
Le Juif Errant,1904,archivewatch.org,LeJuifErrant,3,ADICIONADO,"ok (revisado - curta de Georges Méliès (1896-1908), já precedente no catálogo)",le-juif-errant-1904
Le Baquet de Mesme,1905,archivewatch.org,LeBaquetDeMesme,3.2,ADICIONADO,"ok (revisado - curta de Georges Méliès (1896-1908), já precedente no catálogo)",le-baquet-de-mesme-1905
Évocation Spirite,1899,archivewatch.org,EvocationSpirite,1,DESCARTADO,"duração incompatível (1 min) — provável trailer/clipe, não o filme completo",
Combat Naval en Grèce,1897,archivewatch.org,CombatNavalEnGrce,1.1,DESCARTADO,"duração incompatível (1.1 min) — provável trailer/clipe, não o filme completo",
Sur les Toits,1897,archivewatch.org,SurLesToits,1.2,DESCARTADO,"duração incompatível (1.2 min) — provável trailer/clipe, não o filme completo",
L'Homme mouche,1903,archivewatch.org,LhommeMouche,1.8,DESCARTADO,"duração incompatível (1.8 min) — provável trailer/clipe, não o filme completo",
Le Thaumaturge Chinois,1904,archivewatch.org,LeThaumaturgeChinois,3.4,ADICIONADO,"ok (revisado - curta de Georges Méliès (1896-1908), já precedente no catálogo)",le-thaumaturge-chinois-1904
L'Artiste et le Mannequin,1903,archivewatch.org,LartisteEtLeMannequin,1.2,DESCARTADO,"duração incompatível (1.2 min) — provável trailer/clipe, não o filme completo",
La Pyramide de Triboulet,1899,archivewatch.org,LaPyramideDeTriboulet,1.1,DESCARTADO,"duração incompatível (1.1 min) — provável trailer/clipe, não o filme completo",
La Chaise à Porteurs Enchantée,1905,archivewatch.org,LaChaisePorteursEnchante,3.2,ADICIONADO,"ok (revisado - curta de Georges Méliès (1896-1908), já precedente no catálogo)",la-chaise-a-porteurs-enchantee-1905
Conte de la Grand-Mère et Rêve de L'enfant,1908,archivewatch.org,ConteDeLaGrand-mereEtReveDeLenfant,5.3,ADICIONADO,"ok (revisado - curta de Georges Méliès (1896-1908), já precedente no catálogo)",conte-de-la-grand-mere-et-reve-de-l-enfant-1908
Sorcellerie Culinaire,1904,archivewatch.org,SorcellerieCulinaire,4.5,ADICIONADO,"ok (revisado - curta de Georges Méliès (1896-1908), já precedente no catálogo)",sorcellerie-culinaire-1904
Robert Macaire et Bertrand,1906,archivewatch.org,RobertMacaireEtBertrand,10.8,ADICIONADO,"ok (revisado - curta de Georges Méliès (1896-1908), já precedente no catálogo)",robert-macaire-et-bertrand-1906
Le Mariage de Victoire,1907,archivewatch.org,LeMariageDeVictoire,8.3,ADICIONADO,"ok (revisado - curta de Georges Méliès (1896-1908), já precedente no catálogo)",le-mariage-de-victoire-1907
La Flamme Merveilleuse,1903,archivewatch.org,LaFlammeMerveilleuse,2,ADICIONADO,"ok (revisado - curta de Georges Méliès (1896-1908), já precedente no catálogo)",la-flamme-merveilleuse-1903
François Ier et Triboulet,1907,archivewatch.org,FrancoisIerEtTriboulet,4.9,ADICIONADO,"ok (revisado - curta de Georges Méliès (1896-1908), já precedente no catálogo)",francois-ier-et-triboulet-1907
Early Silent Films,,archivewatch.org,EarlySilentFilms,5.4,DESCARTADO,"revisado nesta rodada - não verificado com confiança suficiente nesta rodada (estúdio grande, origem estrangeira pós-1930, ou TV) - fica para revisão futura",
Excursion dans la Lune,,archivewatch.org,TripToTheMoon,6.8,DESCARTADO,"revisado nesta rodada - não verificado com confiança suficiente nesta rodada (estúdio grande, origem estrangeira pós-1930, ou TV) - fica para revisão futura",
Le Voyage de Gulliver à Lilliput et chez les géants,1902,archivewatch.org,LeVoyageDeGulliverLilliputEtChezLesGants,4.2,ADICIONADO,"ok (revisado - curta de Georges Méliès (1896-1908), já precedente no catálogo)",le-voyage-de-gulliver-a-lilliput-et-chez-les-geants-1902
L’ Affaire Dreyfus,1899,archivewatch.org,LAffaireDreyfus1899,11.2,ADICIONADO,"ok (revisado - curta de Georges Méliès (1896-1908), já precedente no catálogo)",l-affaire-dreyfus-1899
A Trip To The Moon George Méliès,1902,archivewatch.org,ATripToTheMoonGeorgeMelies,12.9,ADICIONADO,"ok (revisado - curta de Georges Méliès (1896-1908), já precedente no catálogo)",a-trip-to-the-moon-george-melies-1902
A Case of Spring Fever,1940,archivewatch.org,CaseofSp1940,8.3,ADICIONADO,ok,
Stalin,1963,archivewatch.org,stalin_201512,26.4,DESCARTADO,"revisado nesta rodada - não verificado com confiança suficiente nesta rodada (estúdio grande, origem estrangeira pós-1930, ou TV) - fica para revisão futura",
Sex and the Handicapped,1977,archivewatch.org,sexandthehandicapped,,DESCARTADO,ano 1977 acima do corte de domínio-público provável (1966) — precisa checagem manual,
"Roots: 3 -- The Slave, Part 1",,archivewatch.org,roots3part1theslavereel2,27.3,DESCARTADO,"revisado nesta rodada - não verificado com confiança suficiente nesta rodada (estúdio grande, origem estrangeira pós-1930, ou TV) - fica para revisão futura",
Mystery of Time,1957,archivewatch.org,mystery_of_time,27.6,DESCARTADO,"revisado nesta rodada - não verificado com confiança suficiente nesta rodada (estúdio grande, origem estrangeira pós-1930, ou TV) - fica para revisão futura",
Beginning Responsibility: Lunchroom Manners,1959,archivewatch.org,lunchroom_manners,9.5,DESCARTADO,"revisado nesta rodada - não verificado com confiança suficiente nesta rodada (estúdio grande, origem estrangeira pós-1930, ou TV) - fica para revisão futura",
Junior High School,1978,archivewatch.org,juniorhighschool_20170530,,DESCARTADO,ano 1978 acima do corte de domínio-público provável (1966) — precisa checagem manual,
Growing up female. ,1971,archivewatch.org,growingupfemale_201505,,DESCARTADO,ano 1971 acima do corte de domínio-público provável (1966) — precisa checagem manual,
Franco,1963,archivewatch.org,franco_201512,25.1,DESCARTADO,"revisado nesta rodada - não verificado com confiança suficiente nesta rodada (estúdio grande, origem estrangeira pós-1930, ou TV) - fica para revisão futura",
Detroit's pattern of growth ,1965,archivewatch.org,detroitspatternofgrowth,15.4,DESCARTADO,"revisado nesta rodada - não verificado com confiança suficiente nesta rodada (estúdio grande, origem estrangeira pós-1930, ou TV) - fica para revisão futura",
Colonial Naturalist,1964,archivewatch.org,colonialnaturalist,28.4,DESCARTADO,"revisado nesta rodada - não verificado com confiança suficiente nesta rodada (estúdio grande, origem estrangeira pós-1930, ou TV) - fica para revisão futura",
At the Lake,1990,archivewatch.org,atthelake_201705,,DESCARTADO,ano 1990 acima do corte de domínio-público provável (1966) — precisa checagem manual,
Niok,1960,archivewatch.org,associate-yvonne-wang_archive_Niok,29.3,DESCARTADO,"revisado nesta rodada - não verificado com confiança suficiente nesta rodada (estúdio grande, origem estrangeira pós-1930, ou TV) - fica para revisão futura",
Sex Hygiene,1942,archivewatch.org,SEX.HYGIENE,25.9,DESCARTADO,"revisado nesta rodada - não verificado com confiança suficiente nesta rodada (estúdio grande, origem estrangeira pós-1930, ou TV) - fica para revisão futura",
Battle Of Midway,1942,archivewatch.org,gov.archives.arc.13196,26.7,ADICIONADO,ok (limiar de duração mínima corrigido de 40 para 2 min nesta rodada),battle-of-midway-1942
Assassination,1934,archivewatch.org,1934-10-17_King_Alexander_Assassination,3.2,DESCARTADO,"fora do escopo do catálogo (critério de segurança — filme de propaganda nazista/institucional do regime nazista, 1933-1945; catalogado pelo archive.org por valor histórico/de arquivo, não apropriado para um catálogo de streaming geral/familiar)",
zallhukam,,archivewatch.org,zallhukam,21.3,DESCARTADO,"revisado nesta rodada - não verificado com confiança suficiente nesta rodada (estúdio grande, origem estrangeira pós-1930, ou TV) - fica para revisão futura",
الفرقان :: تقدم ::: الإصدار المرئي الرائع,,archivewatch.org,osod_n478,47.9,DESCARTADO,"revisado nesta rodada - não verificado com confiança suficiente nesta rodada (estúdio grande, origem estrangeira pós-1930, ou TV) - fica para revisão futura",
Dag daavat,,archivewatch.org,DagDaavat,35.9,DESCARTADO,"revisado nesta rodada - não verificado com confiança suficiente nesta rodada (estúdio grande, origem estrangeira pós-1930, ou TV) - fica para revisão futura",
Apollo 17 - On The Shoulders of Giants,,archivewatch.org,Apollo17-OnTheShouldersOfGiants,28.5,DESCARTADO,"revisado nesta rodada - não verificado com confiança suficiente nesta rodada (estúdio grande, origem estrangeira pós-1930, ou TV) - fica para revisão futura",
The Apollo-Soyuz Mission,,archivewatch.org,TheApollo-soyuzMission,29.1,DESCARTADO,"revisado nesta rodada - não verificado com confiança suficiente nesta rodada (estúdio grande, origem estrangeira pós-1930, ou TV) - fica para revisão futura",
Skylab - The First 40 Days,,archivewatch.org,Skylab_TheFirst40Days,22.7,DESCARTADO,"revisado nesta rodada - não verificado com confiança suficiente nesta rodada (estúdio grande, origem estrangeira pós-1930, ou TV) - fica para revisão futura",
The John Glenn Story,1963,archivewatch.org,TheJohnGlennStory,29.9,DESCARTADO,"revisado nesta rodada - não verificado com confiança suficiente nesta rodada (estúdio grande, origem estrangeira pós-1930, ou TV) - fica para revisão futura",
NASA Footage At The Old Kroger — Life Near The Manned Spacecraft Center,1965,archivewatch.org,1965-nasa-footage-at-the-old-kroger-life-near-the-manned-spacecraft-center,2.6,DESCARTADO,"revisado nesta rodada - não verificado com confiança suficiente nesta rodada (estúdio grande, origem estrangeira pós-1930, ou TV) - fica para revisão futura",
NASA eClips,,archivewatch.org,nasa_eclips_01222009,24.6,DESCARTADO,"revisado nesta rodada - não verificado com confiança suficiente nesta rodada (estúdio grande, origem estrangeira pós-1930, ou TV) - fica para revisão futura",
Our World: Plants in Space,,archivewatch.org,OurWorldPlantsInSpace,7,DESCARTADO,"revisado nesta rodada - não verificado com confiança suficiente nesta rodada (estúdio grande, origem estrangeira pós-1930, ou TV) - fica para revisão futura",
Our World: Honeybees,,archivewatch.org,OurWorldHoneybees_686,5.8,DESCARTADO,"revisado nesta rodada - não verificado com confiança suficiente nesta rodada (estúdio grande, origem estrangeira pós-1930, ou TV) - fica para revisão futura",
Our World: Careers At NASA - More Than Just Astronauts!,,archivewatch.org,OurWorldCareersAtNasa-MoreThanJustAstronauts,6.1,DESCARTADO,"revisado nesta rodada - não verificado com confiança suficiente nesta rodada (estúdio grande, origem estrangeira pós-1930, ou TV) - fica para revisão futura",
NASA 360 Episode 6,,archivewatch.org,NASA_360_program6_HD,24.5,DESCARTADO,"revisado nesta rodada - compilação multi-filme ou episódio de TV, não um filme único",
NASA 360: Desert Rats and Analog Testing,,archivewatch.org,NASA_360_14_HD,24.5,DESCARTADO,"revisado nesta rodada - não verificado com confiança suficiente nesta rodada (estúdio grande, origem estrangeira pós-1930, ou TV) - fica para revisão futura",
NASA Ultra High Definition,,archivewatch.org,NASA-Ultra-High-Definition,59.9,DESCARTADO,"revisado nesta rodada - não verificado com confiança suficiente nesta rodada (estúdio grande, origem estrangeira pós-1930, ou TV) - fica para revisão futura",
The Sleeping Cardinal,1931,archivewatch.org,SherlockHolmes-SleepingCardinal,81.7,DESCARTADO,"revisado nesta rodada - não verificado com confiança suficiente nesta rodada (estúdio grande, origem estrangeira pós-1930, ou TV) - fica para revisão futura",
Arthur Conan Doyle,1927,archivewatch.org,SirArthurConanDoyleSpeaks_272,10.1,ADICIONADO,ok (revisado - obra americana de 1927 - domínio público por expiração de prazo (95 anos)),arthur-conan-doyle-1927
Cleopatra,1912,archivewatch.org,Cleopatra_1912,87.2,ADICIONADO,ok (revisado - obra americana de 1912 - domínio público por expiração de prazo (95 anos)),cleopatra-1912
The Torch,1950,archivewatch.org,TheTorch_627,75.2,ADICIONADO,ok (revisado - título especificamente documentado como domínio público (falha de renovação/produção independente)),the-torch-1950
Red Haired Alibi,1932,archivewatch.org,RedHairedAlibi,67.3,ADICIONADO,ok (revisado - título especificamente documentado como domínio público (falha de renovação/produção independente)),red-haired-alibi-1932
Marvellous Melbourne,1910,archivewatch.org,MarvellousMelbourne,14.3,DESCARTADO,"revisado nesta rodada - obra estrangeira - risco de restauração de copyright pela URAA, não verificado com confiança suficiente",
Dora's Dunkin Donuts,1933,archivewatch.org,DorasDunkinDonuts,19.7,DESCARTADO,"revisado nesta rodada - não verificado com confiança suficiente nesta rodada (estúdio grande, origem estrangeira pós-1930, ou TV) - fica para revisão futura",
The Speckled Band,1931,archivewatch.org,SpeckledBand,49.8,DESCARTADO,"revisado nesta rodada - não verificado com confiança suficiente nesta rodada (estúdio grande, origem estrangeira pós-1930, ou TV) - fica para revisão futura",
The Patchwork Girl of Oz,1914,archivewatch.org,PatchworkOZ,48.3,ADICIONADO,ok,the-patchwork-girl-of-oz-1914
A Shot in the Dark,1935,archivewatch.org,AShotInTheDarkIPOD,69.1,DESCARTADO,"revisado nesta rodada - não verificado com confiança suficiente nesta rodada (estúdio grande, origem estrangeira pós-1930, ou TV) - fica para revisão futura",
Terror Island,1920,archivewatch.org,TerrorIsland,54.1,ADICIONADO,ok (revisado - obra americana de 1920 - domínio público por expiração de prazo (95 anos)),terror-island-1920
Sin Takes a Holiday,1930,archivewatch.org,SinTakesAHoliday,79.9,ADICIONADO,ok (revisado - obra americana de 1930 - domínio público por expiração de prazo (95 anos)),sin-takes-a-holiday-1930
Marie Galante,1934,archivewatch.org,MarieGalante,84.4,DESCARTADO,"revisado nesta rodada - não verificado com confiança suficiente nesta rodada (estúdio grande, origem estrangeira pós-1930, ou TV) - fica para revisão futura",
Managed Money,1934,archivewatch.org,ManagedMoney,19.3,DESCARTADO,"revisado nesta rodada - não verificado com confiança suficiente nesta rodada (estúdio grande, origem estrangeira pós-1930, ou TV) - fica para revisão futura",
"His Majesty, the Scarecrow of Oz",1914,archivewatch.org,His_Maj_Scarecrow_OZ,58.8,ADICIONADO,ok,his-majesty-the-scarecrow-of-oz-1914
Stamp Day for Superman,1954,archivewatch.org,StampDayForSUPERMAN,17.5,ADICIONADO,ok,stamp-day-for-superman-1954
For the Term of His Natural Life,1927,archivewatch.org,ForTheTermOfHisNaturalLife,94.7,DESCARTADO,"revisado nesta rodada - obra estrangeira - risco de restauração de copyright pela URAA, não verificado com confiança suficiente",
All Over Town,1937,archivewatch.org,AllOverTown_OlsenJohnson,61.5,DESCARTADO,"revisado nesta rodada - não verificado com confiança suficiente nesta rodada (estúdio grande, origem estrangeira pós-1930, ou TV) - fica para revisão futura",
Peter Gunn - The Fuse,1959,archivewatch.org,PeterGunn-TheFuse,25.5,DESCARTADO,"revisado nesta rodada - compilação multi-filme ou episódio de TV, não um filme único",
Tom and Jerry: Wot A Night,,archivewatch.org,TomAndJerryWotANight,8.4,DESCARTADO,"revisado nesta rodada - não verificado com confiança suficiente nesta rodada (estúdio grande, origem estrangeira pós-1930, ou TV) - fica para revisão futura",
The Secret Life of Adolf Hitler,1958,archivewatch.org,TheSecretLifeOfAdolfHitler,50.8,DESCARTADO,"revisado nesta rodada - não verificado com confiança suficiente nesta rodada (estúdio grande, origem estrangeira pós-1930, ou TV) - fica para revisão futura",
The Eruption of Mt St Helens,,archivewatch.org,TheEruptionOfMtStHelens,22.2,DESCARTADO,"revisado nesta rodada - não verificado com confiança suficiente nesta rodada (estúdio grande, origem estrangeira pós-1930, ou TV) - fica para revisão futura",
Police Station,1959,archivewatch.org,Police_Station_1959,28.7,DESCARTADO,"revisado nesta rodada - não verificado com confiança suficiente nesta rodada (estúdio grande, origem estrangeira pós-1930, ou TV) - fica para revisão futura",
"""Thriller"" The Return of Andrew Bentley",1961,archivewatch.org,KarloffThriller,49.7,DESCARTADO,"revisado nesta rodada - não verificado com confiança suficiente nesta rodada (estúdio grande, origem estrangeira pós-1930, ou TV) - fica para revisão futura",
Triple Trouble,1918,archivewatch.org,CC_1918_xx_xx_TripleTrouble,27.4,ADICIONADO,ok (limiar de duração mínima corrigido de 40 para 2 min nesta rodada),triple-trouble-1918
Thief of Bagdad,1924,archivewatch.org,ThiefOfBagdad1924,139.6,ADICIONADO,ok (revisado - obra americana de 1924 - domínio público por expiração de prazo (95 anos)),thief-of-bagdad-1924
The Mystery of the Leaping Fish,1916,archivewatch.org,MysteryOfTheLeapingFish_348,25.3,ADICIONADO,ok (revisado - obra americana de 1916 - domínio público por expiração de prazo (95 anos)),the-mystery-of-the-leaping-fish-1916
Sex,1920,archivewatch.org,silent-sex,80,ADICIONADO,ok (revisado - obra americana de 1920 - domínio público por expiração de prazo (95 anos)),sex-1920
Red Lily,1924,archivewatch.org,silent-red-lily,81.1,ADICIONADO,ok (revisado - obra americana de 1924 - domínio público por expiração de prazo (95 anos)),red-lily-1924
Different from the Others,1919,archivewatch.org,silent-anders-als-die-andern-aka-different-from-the-others,50.6,DESCARTADO,"revisado nesta rodada - obra estrangeira - risco de restauração de copyright pela URAA, não verificado com confiança suficiente",
The Haunted House,1921,archivewatch.org,TheHauntedHouse1921,20.6,ADICIONADO,ok (revisado - obra americana de 1921 - domínio público por expiração de prazo (95 anos)),the-haunted-house-1921
The Ace of Hearts,1921,archivewatch.org,Ace_of_Hearts_1921,74.4,ADICIONADO,ok (revisado - obra americana de 1921 - domínio público por expiração de prazo (95 anos)),the-ace-of-hearts-1921
Forbidden Paradise,1924,archivewatch.org,silent-forbidden-paradise,50.2,ADICIONADO,ok (revisado - obra americana de 1924 - domínio público por expiração de prazo (95 anos)),forbidden-paradise-1924
The Poor Little Rich Girl,1917,archivewatch.org,ThePoorLittleRichGirl,64,ADICIONADO,ok (revisado - obra americana de 1917 - domínio público por expiração de prazo (95 anos)),the-poor-little-rich-girl-1917
Salome,1923,archivewatch.org,Salomfebruary151923,72.2,ADICIONADO,ok (revisado - obra americana de 1923 - domínio público por expiração de prazo (95 anos)),salome-1923
Yojimbo,1961,archivewatch.org,yojimbo_202012,110.5,DESCARTADO,"revisado nesta rodada - não verificado com confiança suficiente nesta rodada (estúdio grande, origem estrangeira pós-1930, ou TV) - fica para revisão futura",
High and Low,1963,archivewatch.org,high-and-low,143.2,DESCARTADO,"revisado nesta rodada - não verificado com confiança suficiente nesta rodada (estúdio grande, origem estrangeira pós-1930, ou TV) - fica para revisão futura",
Nazi Concentration Camps,1945,archivewatch.org,nazi_concentration_camps,59.3,DESCARTADO,"revisado nesta rodada - não verificado com confiança suficiente nesta rodada (estúdio grande, origem estrangeira pós-1930, ou TV) - fica para revisão futura",
Throne of Blood,1957,archivewatch.org,throne-of-blood,109.5,DESCARTADO,"revisado nesta rodada - não verificado com confiança suficiente nesta rodada (estúdio grande, origem estrangeira pós-1930, ou TV) - fica para revisão futura",
Dracula,1931,archivewatch.org,dracula-colorized,74.5,DESCARTADO,"revisado nesta rodada - não verificado com confiança suficiente nesta rodada (estúdio grande, origem estrangeira pós-1930, ou TV) - fica para revisão futura",
Spellbound Director: Alfred Hitchcock,1945,archivewatch.org,spellbound1945_202001,111.1,DESCARTADO,"revisado nesta rodada - não verificado com confiança suficiente nesta rodada (estúdio grande, origem estrangeira pós-1930, ou TV) - fica para revisão futura",
Sabrina,1954,archivewatch.org,sabrina-1954,113.6,DESCARTADO,"revisado nesta rodada - não verificado com confiança suficiente nesta rodada (estúdio grande, origem estrangeira pós-1930, ou TV) - fica para revisão futura",
Jason and the Argonauts,1963,archivewatch.org,jason-and-the-argonauts-1963,103.9,DESCARTADO,"revisado nesta rodada - não verificado com confiança suficiente nesta rodada (estúdio grande, origem estrangeira pós-1930, ou TV) - fica para revisão futura",
The Hidden Fortress,1960,archivewatch.org,the-hidden-fortress,138.5,DESCARTADO,"revisado nesta rodada - não verificado com confiança suficiente nesta rodada (estúdio grande, origem estrangeira pós-1930, ou TV) - fica para revisão futura",
The Day the Earth Stood Still,1951,archivewatch.org,day-the-earth-stood-still-1951,91.1,DESCARTADO,"revisado nesta rodada - não verificado com confiança suficiente nesta rodada (estúdio grande, origem estrangeira pós-1930, ou TV) - fica para revisão futura",
Daisies,1966,archivewatch.org,daisies_202103,76.3,DESCARTADO,"revisado nesta rodada - não verificado com confiança suficiente nesta rodada (estúdio grande, origem estrangeira pós-1930, ou TV) - fica para revisão futura",
Sanjuro,1962,archivewatch.org,sanjuro_202012,95.6,DESCARTADO,"revisado nesta rodada - não verificado com confiança suficiente nesta rodada (estúdio grande, origem estrangeira pós-1930, ou TV) - fica para revisão futura",
Tokyo Story,1953,archivewatch.org,tokyo-story,137.2,DESCARTADO,"revisado nesta rodada - não verificado com confiança suficiente nesta rodada (estúdio grande, origem estrangeira pós-1930, ou TV) - fica para revisão futura",
Gentlemen Prefer Blondes,1953,archivewatch.org,gentlemen-prefer-blondes-1953,91.4,DESCARTADO,"revisado nesta rodada - não verificado com confiança suficiente nesta rodada (estúdio grande, origem estrangeira pós-1930, ou TV) - fica para revisão futura",
The Human Condition ( Parts 1 & 2),1959,archivewatch.org,the-human-condition-parts-1-2,206.6,DESCARTADO,"revisado nesta rodada - não verificado com confiança suficiente nesta rodada (estúdio grande, origem estrangeira pós-1930, ou TV) - fica para revisão futura",
Kiss Me Deadly,1955,archivewatch.org,kissmedeadly1955_202001,106,ADICIONADO,ok (revisado - título especificamente documentado como domínio público (falha de renovação/produção independente)),kiss-me-deadly-1955
The Idiot,1951,archivewatch.org,the-idiot,166.3,DESCARTADO,"revisado nesta rodada - não verificado com confiança suficiente nesta rodada (estúdio grande, origem estrangeira pós-1930, ou TV) - fica para revisão futura",
The Manchurian Candidate,1962,archivewatch.org,the-manchurian-candidate,126.9,DESCARTADO,"revisado nesta rodada - não verificado com confiança suficiente nesta rodada (estúdio grande, origem estrangeira pós-1930, ou TV) - fica para revisão futura",
Invasion of the Body Snatchers,1956,archivewatch.org,invasion-of-the-body-snatchers-1956-colorized,80.3,ADICIONADO,ok (revisado - título especificamente documentado como domínio público (falha de renovação/produção independente)),invasion-of-the-body-snatchers-1956
Abbott And Costello Meet Frankenstein,1948,archivewatch.org,abbott-and-costello-meet-frankenstein,82.8,DESCARTADO,"revisado nesta rodada - não verificado com confiança suficiente nesta rodada (estúdio grande, origem estrangeira pós-1930, ou TV) - fica para revisão futura",
"20,000 Leagues Under the Sea",1916,archivewatch.org,20000LeaguesUndertheSea,98.7,ADICIONADO,ok (revisado - obra americana de 1916 - domínio público por expiração de prazo (95 anos)),20-000-leagues-under-the-sea-1916
Drunken Angel,1959,archivewatch.org,drunken-angel,98,DESCARTADO,"revisado nesta rodada - não verificado com confiança suficiente nesta rodada (estúdio grande, origem estrangeira pós-1930, ou TV) - fica para revisão futura",
Drácula,1931,archivewatch.org,dra-cula.-eng.-mp-4.,74.4,DESCARTADO,"revisado nesta rodada - não verificado com confiança suficiente nesta rodada (estúdio grande, origem estrangeira pós-1930, ou TV) - fica para revisão futura",
Last Man on Earth,1964,archivewatch.org,lastmanonearth-1964,87.1,ADICIONADO,ok,last-man-on-earth-1964
The Invisible Man,1933,archivewatch.org,the-invisible-man-1933_202105,71.5,DESCARTADO,"revisado nesta rodada - não verificado com confiança suficiente nesta rodada (estúdio grande, origem estrangeira pós-1930, ou TV) - fica para revisão futura",
Pleasures of the Flesh,1965,archivewatch.org,pleasures-of-the-flesh,91.3,DESCARTADO,"revisado nesta rodada - não verificado com confiança suficiente nesta rodada (estúdio grande, origem estrangeira pós-1930, ou TV) - fica para revisão futura",
Wild Strawberries,1957,archivewatch.org,wild-strawberries,91.2,DESCARTADO,"revisado nesta rodada - não verificado com confiança suficiente nesta rodada (estúdio grande, origem estrangeira pós-1930, ou TV) - fica para revisão futura",
Le voyage dans la lune,,archivewatch.org,Levoyagedanslalune,11.8,DESCARTADO,"revisado nesta rodada - não verificado com confiança suficiente nesta rodada (estúdio grande, origem estrangeira pós-1930, ou TV) - fica para revisão futura",
The Magic Sword,1962,archivewatch.org,TheMagicSword,80.2,DESCARTADO,"revisado nesta rodada - não verificado com confiança suficiente nesta rodada (estúdio grande, origem estrangeira pós-1930, ou TV) - fica para revisão futura",
Fatal Hour,1940,archivewatch.org,fatal_hour,61.1,DESCARTADO,"revisado nesta rodada - não verificado com confiança suficiente nesta rodada (estúdio grande, origem estrangeira pós-1930, ou TV) - fica para revisão futura",
The Last Command,1928,archivewatch.org,the-last-command_202506,88.7,ADICIONADO,ok (revisado - obra americana de 1928 - domínio público por expiração de prazo (95 anos)),the-last-command-1928
Teacher's Pet,1930,archivewatch.org,teachers-pet_1930,20.8,ADICIONADO,ok (revisado - obra americana de 1930 - domínio público por expiração de prazo (95 anos)),teacher-s-pet-1930
Viento Negro,1965,archivewatch.org,y-2-mate.is-viento-negro-1965-pelicula-completa-hd-ry-gcr-5-is-ly-720p-1639619097354,106.5,DESCARTADO,"revisado nesta rodada - compilação multi-filme ou episódio de TV, não um filme único",
Lonesome,1929,archivewatch.org,lonesome_1929,70.1,ADICIONADO,ok (revisado - obra americana de 1929 - domínio público por expiração de prazo (95 anos)),lonesome-1929
Salt for Svanetia,1930,archivewatch.org,salt-for-svanetia_1930,63.1,DESCARTADO,"revisado nesta rodada - obra estrangeira - risco de restauração de copyright pela URAA, não verificado com confiança suficiente",
A Pair of Tights,1929,archivewatch.org,a-pair-of-tights_1929,19.6,ADICIONADO,ok (revisado - obra americana de 1929 - domínio público por expiração de prazo (95 anos)),a-pair-of-tights-1929
Dinty The Leprechaun,1920,archivewatch.org,dinty,11.9,ADICIONADO,ok (revisado - obra americana de 1920 - domínio público por expiração de prazo (95 anos)),dinty-the-leprechaun-1920
The Tell-Tale Heart,1953,archivewatch.org,the-tell-tale-heart-1953_202501,7.8,DESCARTADO,"revisado nesta rodada - não verificado com confiança suficiente nesta rodada (estúdio grande, origem estrangeira pós-1930, ou TV) - fica para revisão futura",
3 Bad Men,1926,archivewatch.org,3-bad-men-1926_202508,91.7,ADICIONADO,ok (revisado - obra americana de 1926 - domínio público por expiração de prazo (95 anos)),3-bad-men-1926
Escape from Dartmoor,1930,archivewatch.org,escape-from-dartmoor_1930,84.3,DESCARTADO,"revisado nesta rodada - obra estrangeira - risco de restauração de copyright pela URAA, não verificado com confiança suficiente",
Somewhere in Dreamland,1935,archivewatch.org,somewhere-in-dreamland-1935,8.9,ADICIONADO,ok,somewhere-in-dreamland-1935
Mas Alla Del Olvido,1955,archivewatch.org,mas-alla-del-olvido-1955,90.2,DESCARTADO,"revisado nesta rodada - não verificado com confiança suficiente nesta rodada (estúdio grande, origem estrangeira pós-1930, ou TV) - fica para revisão futura",
Laila,1929,archivewatch.org,laila_1929,146.8,DESCARTADO,"revisado nesta rodada - obra estrangeira - risco de restauração de copyright pela URAA, não verificado com confiança suficiente",
Las Aguas Bajan Turbias,1952,archivewatch.org,las-aguas-bajan-turbias-1952_202502,81.8,DESCARTADO,"revisado nesta rodada - não verificado com confiança suficiente nesta rodada (estúdio grande, origem estrangeira pós-1930, ou TV) - fica para revisão futura",
Los Isleros,1951,archivewatch.org,los-isleros-1951,107,DESCARTADO,"revisado nesta rodada - não verificado com confiança suficiente nesta rodada (estúdio grande, origem estrangeira pós-1930, ou TV) - fica para revisão futura",
Timothy's Quest,1922,archivewatch.org,timothys-quest-1922-by-sidney-olcott,81.9,ADICIONADO,ok (revisado - obra americana de 1922 - domínio público por expiração de prazo (95 anos)),timothy-s-quest-1922
Dress Parade,1927,archivewatch.org,dress-parade_1927,73.1,ADICIONADO,ok (revisado - obra americana de 1927 - domínio público por expiração de prazo (95 anos)),dress-parade-1927
The Constant Nymph,1928,archivewatch.org,constantnymph1928,109.9,DESCARTADO,"revisado nesta rodada - obra estrangeira - risco de restauração de copyright pela URAA, não verificado com confiança suficiente",
Charlie Chaplin Pay Day,1922,archivewatch.org,charlie-chaplin-pay-day-1922-us-version,3.5,ADICIONADO,ok (revisado - obra americana de 1922 - domínio público por expiração de prazo (95 anos)),charlie-chaplin-pay-day-1922
Lady for a Day,1933,archivewatch.org,lady-for-a-day-1933_202507,96.2,ADICIONADO,ok (revisado - título especificamente documentado como domínio público (falha de renovação/produção independente)),lady-for-a-day-1933
The Play House,1921,archivewatch.org,theplayhouse4k,22.4,ADICIONADO,ok (revisado - obra americana de 1921 - domínio público por expiração de prazo (95 anos)),the-play-house-1921
Hog Wild,1930,archivewatch.org,hog-wild_1930,19.3,ADICIONADO,ok (revisado - obra americana de 1930 - domínio público por expiração de prazo (95 anos)),hog-wild-1930
Late Chrysanthemums,1954,archivewatch.org,late-chrysanthemums-bangiku-1954-mikio-naruse,97.2,DESCARTADO,"revisado nesta rodada - não verificado com confiança suficiente nesta rodada (estúdio grande, origem estrangeira pós-1930, ou TV) - fica para revisão futura",
Mother Krause's Journey to Happiness,1929,archivewatch.org,mother-krauses-journey-to-happiness_1929,133.3,DESCARTADO,"revisado nesta rodada - obra estrangeira - risco de restauração de copyright pela URAA, não verificado com confiança suficiente",
Hospitaliky,1937,archivewatch.org,hospitaliky-1937,6.1,DESCARTADO,"revisado nesta rodada - não verificado com confiança suficiente nesta rodada (estúdio grande, origem estrangeira pós-1930, ou TV) - fica para revisão futura",
Sonnenstrahl,1933,archivewatch.org,1933-sonnenstrahl-gustav-frohlich-paul-otto,86,DESCARTADO,"fora do escopo do catálogo (critério de segurança — filme de propaganda nazista/institucional do regime nazista, 1933-1945; catalogado pelo archive.org por valor histórico/de arquivo, não apropriado para um catálogo de streaming geral/familiar)",
The First Seven Years,1930,archivewatch.org,the-first-seven-years_1930,20.1,ADICIONADO,ok (revisado - obra americana de 1930 - domínio público por expiração de prazo (95 anos)),the-first-seven-years-1930
What Price Goofy?,1925,archivewatch.org,BillSpragueCollection-WhatPriceGoofy-CharleyChase,24.6,ADICIONADO,ok (revisado - obra americana de 1925 - domínio público por expiração de prazo (95 anos)),what-price-goofy-1925
Harbor Drift,1930,archivewatch.org,harbor-drift_1930,53.7,DESCARTADO,"revisado nesta rodada - obra estrangeira - risco de restauração de copyright pela URAA, não verificado com confiança suficiente",
Saint Joan the Maid,1929,archivewatch.org,saint-joan-the-maid_1929,123.9,DESCARTADO,"revisado nesta rodada - obra estrangeira - risco de restauração de copyright pela URAA, não verificado com confiança suficiente",
The Penalty,1920,archivewatch.org,thepenalty4k,91.2,ADICIONADO,ok (revisado - obra americana de 1920 - domínio público por expiração de prazo (95 anos)),the-penalty-1920
Another Fine Mess,1930,archivewatch.org,another-fine-mess_1930,27.7,ADICIONADO,ok (revisado - obra americana de 1930 - domínio público por expiração de prazo (95 anos)),another-fine-mess-1930
Kvinnor bakom taggtråd,1950,archivewatch.org,svtplay-KMd6Lng,105.7,DESCARTADO,"revisado nesta rodada - não verificado com confiança suficiente nesta rodada (estúdio grande, origem estrangeira pós-1930, ou TV) - fica para revisão futura",
Обломок Империи (Fragment Of An Empire),1929,archivewatch.org,fragment-of-an-empire-1929,110.1,ADICIONADO,ok,fragment-of-an-empire-1929
Stella Dallas,1925,archivewatch.org,stella-dallas-1925,106.2,ADICIONADO,ok (revisado - obra americana de 1925 - domínio público por expiração de prazo (95 anos)),stella-dallas-1925
It's a Bird,1930,archivewatch.org,its-a-bird_1930,7.7,ADICIONADO,ok (revisado - obra americana de 1930 - domínio público por expiração de prazo (95 anos)),it-s-a-bird-1930
Dans la nuit,1930,archivewatch.org,dans-la-nuit_1930,75.8,DESCARTADO,"revisado nesta rodada - obra estrangeira - risco de restauração de copyright pela URAA, não verificado com confiança suficiente",
Das weiße Stadion,1929,archivewatch.org,das-weisse-stadion_1929,123.7,DESCARTADO,"revisado nesta rodada - obra estrangeira - risco de restauração de copyright pela URAA, não verificado com confiança suficiente",
The Bridge,1929,archivewatch.org,the-bridge_1929,10,DESCARTADO,"revisado nesta rodada - obra estrangeira - risco de restauração de copyright pela URAA, não verificado com confiança suficiente",
Stop Train 349,1963,archivewatch.org,stop-train-349--1963,93.9,DESCARTADO,"revisado nesta rodada - não verificado com confiança suficiente nesta rodada (estúdio grande, origem estrangeira pós-1930, ou TV) - fica para revisão futura",
The Wizard,1927,archivewatch.org,the-wonderful-wizard-of-oz-the-making-of-a-movie-classic-hq,51.7,DESCARTADO,revisado nesta rodada - identifier do archive.org não corresponde ao título esperado (dados inconsistentes) - descartado por segurança,
The White Devil,1930,archivewatch.org,the-white-devil_1930,105.3,DESCARTADO,"revisado nesta rodada - obra estrangeira - risco de restauração de copyright pela URAA, não verificado com confiança suficiente",
La Bohème,1926,archivewatch.org,la-boheme_202512,93.5,ADICIONADO,ok (revisado - obra americana de 1926 - domínio público por expiração de prazo (95 anos)),la-boheme-1926
Death of a Salesman,1951,archivewatch.org,death-of-a-salesman_202501,110.5,DESCARTADO,"revisado nesta rodada - não verificado com confiança suficiente nesta rodada (estúdio grande, origem estrangeira pós-1930, ou TV) - fica para revisão futura",
Hell's Heroes,1930,archivewatch.org,hells-heroes_1930,67.8,DESCARTADO,revisado nesta rodada - não verificado com confiança suficiente nesta rodada - fica para revisão futura,
Four Sons,1928,archivewatch.org,four-sons_1928_202506,96.5,ADICIONADO,ok (revisado - obra americana de 1928 - domínio público por expiração de prazo (95 anos)),four-sons-1928
The House on Trubnaya,1928,archivewatch.org,the-house-on-trubnaya-1928,84.9,DESCARTADO,"revisado nesta rodada - obra estrangeira - risco de restauração de copyright pela URAA, não verificado com confiança suficiente",
Remember the Day,1941,archivewatch.org,remember-the-day-1941,86.1,DESCARTADO,"revisado nesta rodada - não verificado com confiança suficiente nesta rodada (estúdio grande, origem estrangeira pós-1930, ou TV) - fica para revisão futura",
Sock-a-Bye Baby,1942,archivewatch.org,sock-a-bye-baby-1942,6.4,DESCARTADO,"revisado nesta rodada - não verificado com confiança suficiente nesta rodada (estúdio grande, origem estrangeira pós-1930, ou TV) - fica para revisão futura",
School's Out,1930,archivewatch.org,schools-out_1930,20.6,ADICIONADO,ok (revisado - obra americana de 1930 - domínio público por expiração de prazo (95 anos)),school-s-out-1930
Shiver Me Timbers!,1934,archivewatch.org,shiver-me-timbers-1934,6.7,DESCARTADO,"revisado nesta rodada - não verificado com confiança suficiente nesta rodada (estúdio grande, origem estrangeira pós-1930, ou TV) - fica para revisão futura",
Film Chest Vintage Cartoons,,emol.org,classic_cartoons,0,DESCARTADO,nenhum arquivo de vídeo encontrado no item do archive.org,
Lady Frankenstein,,emol.org,Lady_Frankenstein,,DESCARTADO,item sem arquivos no archive.org (identifier inválido ou removido),
"""Out to Lunch""",1956,emol.org,Popeye_Out_of_the_Punch_1956,6.1,ADICIONADO,ok (limiar de duração mínima corrigido de 40 para 2 min nesta rodada),popeye-out-to-punch-1956
"Laurel and Hardy ""This is Your Life""",,emol.org,TIYL_Laurel_And_Hardy,25.7,ADICIONADO,ok (limiar de duração mínima corrigido de 40 para 2 min nesta rodada),
Hi Diddle Diddle,,openculture.com,HiDiddleDiddle,73,ADICIONADO,ok,
One Week,1920,openculture.com,OneWeek,22.3,ADICIONADO,ok (limiar de duração mínima corrigido de 40 para 2 min nesta rodada),
"Steamboat Bill, Jr.",1928,openculture.com,SteamboatBillJr,69.1,ADICIONADO,ok,
The Playhouse,1921,openculture.com,ThePlayhouse,20.1,ADICIONADO,ok (limiar de duração mínima corrigido de 40 para 2 min nesta rodada),
Three Ages,1923,openculture.com,Silent_ThreeAges_1923,63.6,ADICIONADO,ok,three-ages-1923
Love Nest,1923,openculture.com,LoveNest,22.4,ADICIONADO,ok (limiar de duração mínima corrigido de 40 para 2 min nesta rodada),love-nest-1923
The Balloonatic,1923,openculture.com,TheBalloonatic,22.5,ADICIONADO,ok (limiar de duração mínima corrigido de 40 para 2 min nesta rodada),
Scarecrow,1920,openculture.com,BusterKeatonthescarecrow,20.2,ADICIONADO,ok (limiar de duração mínima corrigido de 40 para 2 min nesta rodada),scarecrow-1920
Neighbors,1920,openculture.com,Neighbors,17.6,ADICIONADO,ok (limiar de duração mínima corrigido de 40 para 2 min nesta rodada),
My Wifes Relations,1922,openculture.com,MyWifesRelations,22.1,ADICIONADO,ok mas dropado por duplicata no fechamento final (Keaton 1922 - pre-1929),
The Cameraman (1928) HD with Score,1928,openculture.com,the.-cameraman.-1928.1080p.-blu-ray.x-264.-aac-yts.-mx,70.5,ADICIONADO,ok,
Speak Easily,1932,openculture.com,SpeakEasily,81,ADICIONADO,ok,
SHERLOCKJR.1924BusterKeaton,,openculture.com,SHERLOCKJR.1924BusterKeaton,,DESCARTADO,item sem arquivos no archive.org (identifier inválido ou removido),
The Bell Boy,1918,openculture.com,bellboy,28.6,ADICIONADO,ok (limiar de duração mínima corrigido de 40 para 2 min nesta rodada),the-bell-boy-1918
The Butcher Boy,1917,openculture.com,busterkeatonthebutcherboy,24,ADICIONADO,ok (limiar de duração mínima corrigido de 40 para 2 min nesta rodada),the-butcher-boy-1917
Coney Island,,openculture.com,ConeyIsland_17,25.3,ADICIONADO,ok (limiar de duração mínima corrigido de 40 para 2 min nesta rodada),coney-island-1917
Good Night Nurse,,openculture.com,GoodNightNurse_44,15.7,ADICIONADO,ok (limiar de duração mínima corrigido de 40 para 2 min nesta rodada),
His Wedding Night,,openculture.com,HisWeddingNight,17.2,ADICIONADO,ok (limiar de duração mínima corrigido de 40 para 2 min nesta rodada),
Out West,1918,openculture.com,Fatty_Arbuckles_Out_West,19,ADICIONADO,ok (limiar de duração mínima corrigido de 40 para 2 min nesta rodada),
The Rough House,1917,openculture.com,Silent_TheRoughHouse_1917,19.1,ADICIONADO,ok (limiar de duração mínima corrigido de 40 para 2 min nesta rodada),the-rough-house-1917
Le voyage dans la lune,,openculture.com,Levoyagedanslalune,11.8,DESCARTADO,"revisado nesta rodada - não verificado com confiança suficiente nesta rodada (estúdio grande, origem estrangeira pós-1930, ou TV) - fica para revisão futura",
The_Living_Playing_Cards,,openculture.com,The_Living_Playing_Cards,,DESCARTADO,item sem arquivos no archive.org (identifier inválido ou removido),
The Hilarious Posters,1906,openculture.com,The_Hilarious_Posters,3.4,ADICIONADO,"ok (revisado - curta de Georges Méliès (1896-1908), já precedente no catálogo)",the-hilarious-posters-1906
"Little Princess, The",1939,publicdomainmovie.net,little_princess,92.8,DESCARTADO,"revisado nesta rodada - produção de estúdio grande, sem indício específico de queda em domínio público",
"Gorilla, The",1939,publicdomainmovie.net,the_gorilla,66.1,DESCARTADO,"revisado nesta rodada - produção de estúdio grande, sem indício específico de queda em domínio público",
"Outlaw, The",1943,publicdomainmovie.net,gods-outlaw-the-story-of-william-tyndale-avi-format,94.6,DESCARTADO,"revisado nesta rodada - identifier do archive.org não corresponde ao título (""The Outlaw"" 1943) - aponta pra outro filme (1986)",
"Amazing Mr. X , The",1948,publicdomainmovie.net,amazing_mr_x,78,DESCARTADO,revisado nesta rodada - não verificado com confiança suficiente nesta rodada - fica para revisão futura,
My Pal Trigger,1946,publicdomainmovie.net,my_pal_trigger,78.7,ADICIONADO,ok,my-pal-trigger-1946
War of the Wildcats - John Wayne,1943,publicdomainmovie.net,WarOfTheWildcats-JohnWayne1943,97.7,ADICIONADO,ok,
"Last Time I Saw Paris, The",1954,publicdomainmovie.net,last_time_i_saw_paris,115.8,DESCARTADO,"revisado nesta rodada - produção de estúdio grande, sem indício específico de queda em domínio público",
Sabotage,1936,publicdomainmovie.net,twitter-1211332550775304193,0.5,DESCARTADO,"duração incompatível (0.5 min) — provável trailer/clipe, não o filme completo",
A Study In Scarlet,1933,publicdomainmovie.net,A_Study_In_Scarlet,71.3,ADICIONADO,"ok (revisado - indie 1933 Sherlock Holmes adaptation, well-documented PD)",a-study-in-scarlet-1933
Gunsmoke Ranch,1937,publicdomainmovie.net,gunsmoke_ranch,52.8,ADICIONADO,ok (revisado - Republic (Three Mesquiteers) - poverty row),gunsmoke-ranch-1937
The Scar,1948,publicdomainmovie.net,the-scar_20200528,1.1,DESCARTADO,"duração incompatível (1.1 min) — provável trailer/clipe, não o filme completo",
Danger Flight,1939,publicdomainmovie.net,danger_flight,59.9,ADICIONADO,ok (revisado - Monogram (Tailspin Tommy) - poverty row),danger-flight-1939
American Empire,1942,publicdomainmovie.net,youtube-3GHlyHZluMM,3.4,DESCARTADO,revisado nesta rodada - não verificado com confiança suficiente nesta rodada - fica para revisão futura,
"Jackie Robinson Story, The",1950,publicdomainmovie.net,Jackie_Robinson_Story_The,76.8,ADICIONADO,ok,
Lost in the Stratosphere,1939,publicdomainmovie.net,lost_in_the_stratosphere_ipod,65.2,ADICIONADO,ok (revisado - Monogram - poverty row),lost-in-the-stratosphere-1939
The Mystery of Mr. Wong,1939,publicdomainmovie.net,The_Mystery_of_Mr._Wong,70.4,ADICIONADO,ok (revisado - Monogram (Mr. Wong series) - poverty row),the-mystery-of-mr-wong-1939
This is the Army,1943,publicdomainmovie.net,gov.archives.arc.36063.r2,9.4,DESCARTADO,"revisado nesta rodada - duração incompatível (9.4 min) - trecho de arquivo governamental, não o filme completo, e o filme original (Warner Bros) não é PD",
That Uncertain Feeling,1941,publicdomainmovie.net,ThatUncertainFeeling,83.3,ADICIONADO,ok (revisado - UA/Lubitsch 1941 - well-documented non-renewal),that-uncertain-feeling-1941
Phantom Planet,1961,publicdomainmovie.net,phantom-planet,99.6,DESCARTADO,revisado nesta rodada - não verificado com confiança suficiente nesta rodada - fica para revisão futura,
Dr. Kildare's Strange Case,1940,publicdomainmovie.net,turner_video_11515,2.2,DESCARTADO,"revisado nesta rodada - duração incompatível (2.2 min) - trecho, não o filme completo, e MGM não é PD",
Philo Vance - The Kennel Murder Case,1933,publicdomainmovie.net,PhiloVanceTheKennelMurderCase1933,73.1,DESCARTADO,"revisado nesta rodada - na verdade é ""The Kennel Murder Case"" (Warner Bros, 1933) sob título errado - estúdio grande",
Airborne,1962,publicdomainmovie.net,LC-50689,11.4,DESCARTADO,revisado nesta rodada - não verificado com confiança suficiente nesta rodada - fica para revisão futura,
The Fabulous Dorseys,1947,publicdomainmovie.net,FabulousDorseys,88.2,DESCARTADO,revisado nesta rodada - não verificado com confiança suficiente nesta rodada - fica para revisão futura,
"Oh, Susanna!",1936,publicdomainmovie.net,youtube-s2JoO-gqg2M,5.1,DESCARTADO,revisado nesta rodada - não verificado com confiança suficiente nesta rodada - fica para revisão futura,
Raiders of Old California,1957,publicdomainmovie.net,raiders_of_old_california_ipod,71.9,ADICIONADO,ok,raiders-of-old-california-1957
The Great Rupert,1950,publicdomainmovie.net,the-great-rupert-1950_202512,88.2,DESCARTADO,revisado nesta rodada - não verificado com confiança suficiente nesta rodada - fica para revisão futura,
She Gods of Shark Reef,1958,publicdomainmovie.net,turner_video_11611,1.7,DESCARTADO,"duração incompatível (1.7 min) — provável trailer/clipe, não o filme completo",
"Farewell to Arms, A",1932,publicdomainmovie.net,farewell_to_arms,78.4,ADICIONADO,"ok (revisado - Paramount 1932 - well-documented non-renewal, famous PD title)",farewell-to-arms-a-1932
Hercules and the Tyrants of Babylon,1964,publicdomainmovie.net,Hercules_and_the_Tyrants_of_Babylon,85.2,DESCARTADO,revisado nesta rodada - não verificado com confiança suficiente nesta rodada - fica para revisão futura,
Queen of the Amazons,1946,publicdomainmovie.net,QueenoftheAmazons,60.2,ADICIONADO,"ok (revisado - indie, no major studio)",queen-of-the-amazons-1946
"Giant Gila Monster, The",1959,publicdomainmovie.net,giant_gila_monster,73.7,DESCARTADO,revisado nesta rodada - não verificado com confiança suficiente nesta rodada - fica para revisão futura,
Flesh and the Spur,1957,publicdomainmovie.net,flesh_and_the_spur,78.1,DESCARTADO,revisado nesta rodada - não verificado com confiança suficiente nesta rodada - fica para revisão futura,
Aces and Eights,1936,publicdomainmovie.net,aces_and_eights,61.3,ADICIONADO,ok,aces-and-eights-1936
Sherlock Holmes and the Secret Weapon (1943),1943,publicdomainmovie.net,SherlockHolmesAndTheSecretWeapon1943,65.6,ADICIONADO,ok mas dropado por duplicata no fechamento final (Universal Holmes series 1942-46 - well-documented copyright lapse),
Reign of Terror,1949,publicdomainmovie.net,1949-reign-of-terror-the-black-book-el-reinado-del-terror-anthony-mann-vose,88.9,ADICIONADO,ok (revisado - Eagle-Lion - poverty row),reign-of-terror-1949
A Bride for Henry,1937,publicdomainmovie.net,bride_for_henry_ipod,58.8,ADICIONADO,ok (revisado - Puritan Pictures - poverty row),a-bride-for-henry-1937
Million Dollar Weekend,1948,publicdomainmovie.net,Million_Dollar_Weekend_1948,72.1,ADICIONADO,"ok (revisado - indie, well-documented PD)",million-dollar-weekend-1948
Lady Says No,1952,publicdomainmovie.net,lady_says_no,82.4,DESCARTADO,revisado nesta rodada - não verificado com confiança suficiente nesta rodada - fica para revisão futura,
Timetable (aka Time Table),1956,publicdomainmovie.net,Timetable1956,80.3,DESCARTADO,revisado nesta rodada - não verificado com confiança suficiente nesta rodada - fica para revisão futura,
Kansas City Confidential (720p HD),1952,publicdomainmovie.net,KansasCityConfidential720p,99.3,ADICIONADO,"ok mas dropado por duplicata no fechamento final (UA 1952 - well-documented non-renewal, common PD noir)",
Tombstone Canyon,1932,publicdomainmovie.net,TombstoneCanyon,58.3,ADICIONADO,ok,tombstone-canyon-1932
The Perils of Pauline,1947,publicdomainmovie.net,silent-the-perils-of-pauline,29,DESCARTADO,revisado nesta rodada - não verificado com confiança suficiente nesta rodada - fica para revisão futura,
The Pied Piper of Hamelin,1957,publicdomainmovie.net,Pied_Piper,87,DESCARTADO,"revisado nesta rodada - produção de TV (emissora ainda ativa), não um filme",
Won In The Clouds,1928,publicdomainmovie.net,WonInTheClouds,52.1,ADICIONADO,ok (revisado - 1928 aviation indie - automatic PD by term),won-in-the-clouds-1928
Young Bill Hickok,1940,publicdomainmovie.net,young_bill_hickok,53,ADICIONADO,ok,young-bill-hickok-1940
Forgotten Village,1941,publicdomainmovie.net,forgotten_village,65.1,ADICIONADO,"ok (revisado - independent (Steinbeck-scripted documentary), well-documented PD)",forgotten-village-1941
Man in the Attic,1953,publicdomainmovie.net,turner_video_210,1.8,DESCARTADO,"duração incompatível (1.8 min) — provável trailer/clipe, não o filme completo",
Lost in the Stratosphere,1934,publicdomainmovie.net,lost_in_the_stratosphere,65.2,ADICIONADO,ok (revisado - Monogram - poverty row (dup id)),lost-in-the-stratosphere-1934
Drums in the Deep South,1951,publicdomainmovie.net,turner_video_11562,4.6,DESCARTADO,"revisado nesta rodada - duração incompatível (4.6 min) - trecho, não o filme completo",
Bad Boy,1939,publicdomainmovie.net,twitch-clips-333344335,0.5,DESCARTADO,"duração incompatível (0.5 min) — provável trailer/clipe, não o filme completo",
Mr. Wong in Chinatown,1939,publicdomainmovie.net,turner_video_11512,5.1,DESCARTADO,"revisado nesta rodada - duração incompatível (5.1 min) - trecho, não o filme completo",
Thirteenth Guest,1932,publicdomainmovie.net,thirteenth_guest,68.8,ADICIONADO,ok (revisado - Monogram - poverty row),thirteenth-guest-1932
Adventure Island,1947,publicdomainmovie.net,yt_backup_JbCb3HmsIEM,129.1,DESCARTADO,revisado nesta rodada - duração incompatível (129 min vs ~68 min reais) e distribuição Paramount,
"Ida Lupino's ""THE HITCH-HIKER"" (1953)",1953,publicdomainmovie.net,IdaLupinostheHitch-hiker1953,70.8,ADICIONADO,ok,
Boy! What a Girl!,1947,publicdomainmovie.net,boy_what_a_girl,69.3,ADICIONADO,"ok (revisado - Herald Pictures indie race film, well-documented PD)",boy-what-a-girl-1947
Million Dollar Kid,1944,publicdomainmovie.net,the_million_dollar_kid,64.1,ADICIONADO,ok (revisado - Monogram (East Side Kids) - poverty row),million-dollar-kid-1944
Double Exposure,1944,publicdomainmovie.net,double-exposure_202408,62.4,DESCARTADO,"revisado nesta rodada - produção de estúdio grande, sem indício específico de queda em domínio público",
"Dark Hour, The",1936,publicdomainmovie.net,the_dark_hour,68.6,ADICIONADO,ok (revisado - Chesterfield Pictures - poverty row),dark-hour-the-1936
Ambush Valley,1936,publicdomainmovie.net,ambush_valley,47.7,ADICIONADO,ok (revisado - poverty row B-western (generic title/no major studio)),ambush-valley-1936
The Boat,1921,publicdomainmovie.net,amentu-gemisi-nasil-yurudu-the-boat-of-creed-subless,3,DESCARTADO,revisado nesta rodada - não verificado com confiança suficiente nesta rodada - fica para revisão futura,
Sky Patrol,1939,publicdomainmovie.net,sky-patrol-1939,58.8,ADICIONADO,ok (revisado - Monogram (Tailspin Tommy) - poverty row),sky-patrol-1939
Whispering City (1947),1947,publicdomainmovie.net,WhisperingCity,90.8,ADICIONADO,ok,whispering-city-1947
Borrowed Wives,1930,publicdomainmovie.net,borrowed-wives_1930,61.6,ADICIONADO,ok (revisado - Sono Art-World Wide - poverty row (also 1930 automatic PD)),borrowed-wives-1930
Becky Sharp (1935),1935,publicdomainmovie.net,becky-sharp-1935,86.2,DESCARTADO,"revisado nesta rodada - produção de estúdio grande, sem indício específico de queda em domínio público",
Face On The Barroom Floor,1914,publicdomainmovie.net,the-face-on-the-barroom-floor-1914-directed-by-charlie-chaplin,11.7,ADICIONADO,ok (revisado - Chaplin Keystone 1914 - pre-1929),face-on-the-barroom-floor-1914
Midnight Manhunt,1945,publicdomainmovie.net,Midnight_Manhunt,62.5,DESCARTADO,revisado nesta rodada - não verificado com confiança suficiente nesta rodada - fica para revisão futura,
Check And Double Check,1930,publicdomainmovie.net,ClassicCinemaOnline_CheckAndDoubleCheck,76.4,DESCARTADO,"revisado nesta rodada - excluído por sensibilidade de conteúdo (estereótipos raciais/blackface), apesar de copyright expirado",
Love Nest,1923,publicdomainmovie.net,LoveNest,22.4,ADICIONADO,ok (limiar de duração mínima corrigido de 40 para 2 min nesta rodada),love-nest-1923
So's Your Aunt Emma,1942,publicdomainmovie.net,sos_your_aunt_emma,62.3,ADICIONADO,ok (revisado - Monogram - poverty row),so-s-your-aunt-emma-1942
"Charolot Gargon De Theater"" ( The Property Man)",1914,publicdomainmovie.net,CC_1914_08_01_CharolotGargonDeTheater,18.4,ADICIONADO,ok (revisado - Chaplin Keystone 1914 - pre-1929),the-property-man-1914
The Last Mile,1932,publicdomainmovie.net,auscitx-The_Last_Mile,9.9,ADICIONADO,"ok (revisado - KBS Productions indie, well-documented PD)",the-last-mile-1932
Bank Alarm,1937,publicdomainmovie.net,bank_alarm_ipod,,DESCARTADO,falha ao consultar metadata do archive.org (Timeout fetching https://archive.org/metadata/bank_alarm_ipod),
Chinatown After Dark,1931,publicdomainmovie.net,chinatown_after_dark,55.9,ADICIONADO,ok (revisado - Mayfair Pictures - poverty row),chinatown-after-dark-1931
The Scarlet Clue,1945,publicdomainmovie.net,The_Scarlet_Clue,65,ADICIONADO,"ok (revisado - Monogram (Charlie Chan series, Toler/Monogram era) - poverty row)",the-scarlet-clue-1945
Mabel's Busy Day,1914,publicdomainmovie.net,silent-mabels-busy-day,12.7,ADICIONADO,ok (revisado - Chaplin/Normand Keystone 1914 - pre-1929),mabel-s-busy-day-1914
Mr. Reckless,1948,publicdomainmovie.net,mr_reckless,65.8,DESCARTADO,"revisado nesta rodada - produção de estúdio grande, sem indício específico de queda em domínio público",
Manhattan Tower,1932,publicdomainmovie.net,manhattan_tower,65.7,ADICIONADO,ok (revisado - Remington Pictures - poverty row indie),manhattan-tower-1932
A Bucket of Blood (1959),1959,publicdomainmovie.net,a-bucket-of-blood-1959_202603,65.4,ADICIONADO,ok mas dropado por duplicata no fechamento final (AIP/Corman - extremely well-documented PD),
Cops (Buster Keaton),1922,publicdomainmovie.net,CopsbusterKeaton,18.1,ADICIONADO,ok mas dropado por duplicata no fechamento final (Keaton 1922 - pre-1929),
Dough And Dynamite,1914,publicdomainmovie.net,CC_1914_10_26_DoughandDynamite,12.4,ADICIONADO,ok (revisado - Chaplin Keystone 1914 - pre-1929),dough-and-dynamite-1914
Great Gabbo,1929,publicdomainmovie.net,the-web-of-love-1929,,DESCARTADO,falha ao consultar metadata do archive.org (Timeout fetching https://archive.org/metadata/the-web-of-love-1929),
Last Alarm,1940,publicdomainmovie.net,last_alarm,53.4,ADICIONADO,ok (revisado - Monogram - poverty row),last-alarm-1940
Midnight Phantom,1935,publicdomainmovie.net,midnight_phantom_1935,56.8,ADICIONADO,ok (revisado - Puritan Pictures - poverty row),midnight-phantom-1935
Boy! What a Girl!,1946,publicdomainmovie.net,boy_what_a_girl_ipod,69.3,ADICIONADO,ok (revisado - Herald Pictures indie race film (dup id)),boy-what-a-girl-1946
"Their Purple Moment (excerpt, 1928)",1928,publicdomainmovie.net,their_purple_moment,12.8,DESCARTADO,revisado nesta rodada - não verificado com confiança suficiente nesta rodada - fica para revisão futura,
Yellowneck,1955,publicdomainmovie.net,Yellowneck1955cosmo,83.3,DESCARTADO,revisado nesta rodada - não verificado com confiança suficiente nesta rodada - fica para revisão futura,
Smart Alecks,1942,publicdomainmovie.net,smart_alecks,65.2,ADICIONADO,ok (revisado - Monogram (East Side Kids) - poverty row),smart-alecks-1942
The Fatal Mallet,1914,publicdomainmovie.net,silent-the-fatal-mallet,13.9,ADICIONADO,ok (revisado - Chaplin Keystone 1914 - pre-1929),the-fatal-mallet-1914
The Mysterious Rider AKA Mark of the Avenger,1938,publicdomainmovie.net,mark_of_the_avenger_1938,67.4,DESCARTADO,"revisado nesta rodada - produção de estúdio grande, sem indício específico de queda em domínio público",
Guns of the Law,1944,publicdomainmovie.net,GunsOfTheLaw44,52.6,ADICIONADO,ok,guns-of-the-law-1944
Telephone Operator,1938,publicdomainmovie.net,telephone_operator,52.9,ADICIONADO,"ok (revisado - small indie B-picture, no major studio)",telephone-operator-1938
Charlie Chan's Secret (1936),1936,publicdomainmovie.net,charlie-chans-secret-1936,72.4,DESCARTADO,"revisado nesta rodada - produção de estúdio grande, sem indício específico de queda em domínio público",
Eyes in the Night,1942,publicdomainmovie.net,turner_video_11518,1.2,DESCARTADO,"duração incompatível (1.2 min) — provável trailer/clipe, não o filme completo",
My Wifes Relations,1922,publicdomainmovie.net,MyWifesRelations,22.1,ADICIONADO,ok mas dropado por duplicata no fechamento final (Keaton 1922 - pre-1929),
"Charlott Et Le Mannequin"" (Mabel's Married Life)",1914,publicdomainmovie.net,CC_1914_06_20_CharlottEtLeMannequin,12.7,ADICIONADO,ok (revisado - Chaplin Keystone 1914 - pre-1929),mabel-s-married-life-1914
Bee's Buzz,1929,publicdomainmovie.net,bees_buzz,19.6,ADICIONADO,ok (revisado - 1929 - automatic PD by term regardless of studio),bee-s-buzz-1929
Home Town Story,1951,publicdomainmovie.net,HomeTownStory,61.2,ADICIONADO,"ok (revisado - independently produced/financed, well-documented PD)",home-town-story-1951
Flying Wild,1941,publicdomainmovie.net,flying_wild,60.9,ADICIONADO,ok (revisado - Monogram (East Side Kids) - poverty row),flying-wild-1941
Musical Tramps,1914,publicdomainmovie.net,CC_1914_11_07_MusicalTramps,11.5,ADICIONADO,ok (revisado - Chaplin Keystone 1914 - pre-1929),musical-tramps-1914
Hoosier Schoolboy,1937,publicdomainmovie.net,hoosier_schoolboy,60.6,ADICIONADO,ok (revisado - Monogram - poverty row),hoosier-schoolboy-1937
Atomic Rulers Of The World,1964,publicdomainmovie.net,AtomicRulersOfTheWorld,74.3,DESCARTADO,revisado nesta rodada - obra estrangeira - risco de restauração de copyright pela URAA,
Gang Bullets,1938,publicdomainmovie.net,gang_bullets_ipod,57.7,ADICIONADO,ok (revisado - poverty row B-picture),gang-bullets-1938
Cavalcade of the West,1936,publicdomainmovie.net,cavalcade_of_the_west,60.3,ADICIONADO,ok,cavalcade-of-the-west-1936
The Terror (Widescreen 720p HD),1963,publicdomainmovie.net,RogerCormansTheTerror720p,79.3,ADICIONADO,ok mas dropado por duplicata no fechamento final (AIP/Corman - extremely well-documented PD),
"Capture, The",1950,publicdomainmovie.net,youtube-iK9nuNBz3X8,5.7,DESCARTADO,"revisado nesta rodada - duração incompatível (5.7 min vs ~91 min reais), distribuição RKO",
Extravagance (1930),1930,publicdomainmovie.net,extravagance-1930_202403,61.8,ADICIONADO,ok (revisado - Tiffany Productions - poverty row (also 1930 automatic PD)),extravagance-1930
"Monster Walks, The",1932,publicdomainmovie.net,monster_walks,,DESCARTADO,falha ao consultar metadata do archive.org (Timeout fetching https://archive.org/metadata/monster_walks),
Beggars in Ermine,1934,publicdomainmovie.net,beggars_in_ermine,70.3,ADICIONADO,ok (revisado - Monogram - poverty row),beggars-in-ermine-1934
Hellfire Austin,1932,publicdomainmovie.net,hellfire_austin_ipod,54.2,ADICIONADO,ok (revisado - Fanchon Royer indie western),hellfire-austin-1932
The Rounders,1914,publicdomainmovie.net,silent-the-rounders,13.3,ADICIONADO,ok (revisado - Chaplin Keystone 1914 - pre-1929),the-rounders-1914
His Trysting Place,1914,publicdomainmovie.net,CC_1914_11_09_HisTrystingPlace,15.9,ADICIONADO,ok (revisado - Chaplin Keystone 1914 - pre-1929),his-trysting-place-1914
W.C. Fields - The Dentist,1932,publicdomainmovie.net,W.c.Fields-TheDentist,21.3,ADICIONADO,ok (limiar de duração mínima corrigido de 40 para 2 min nesta rodada),the-dentist-1932
Undercover Agent,1939,publicdomainmovie.net,tewkstvma-Author_Talk_-_Michael_McGowan_Ghost_-_My_Thirty_Years_As_An_FBI_Undercover_Agent,51.8,DESCARTADO,"revisado nesta rodada - identifier aponta para uma palestra de livro, não um filme",
Wolf Blood,1925,publicdomainmovie.net,youtube-06H_6oI4EK4,3.1,DESCARTADO,"revisado nesta rodada - duração incompatível (3.1 min) - trecho, não o filme completo",
Smash-Up: The Story of a Woman,1947,publicdomainmovie.net,turner_video_634497,0,DESCARTADO,nenhum arquivo de vídeo encontrado no item do archive.org,
Bride for Henry,1937,publicdomainmovie.net,bride_for_henry,58.8,ADICIONADO,ok (revisado - Puritan Pictures - poverty row (dup id)),bride-for-henry-1937
"Inspector General, The",1949,publicdomainmovie.net,inspector_general_ipod_version,101.7,DESCARTADO,"revisado nesta rodada - produção de estúdio grande, sem indício específico de queda em domínio público",
"Go Down, Death!",1944,publicdomainmovie.net,go_down_death,53.9,ADICIONADO,"ok (revisado - Sack Amusement indie race film, well-documented PD)",go-down-death-1944
Sensation Hunters,1933,publicdomainmovie.net,sensation_hunters,70.9,ADICIONADO,ok (revisado - Mayfair Pictures - poverty row),sensation-hunters-1933
A Shriek in the Night,1933,publicdomainmovie.net,A.Shriek.in.the.Night,66.6,ADICIONADO,ok (revisado - Allied Pictures - poverty row),a-shriek-in-the-night-1933
The Last Woman On Earth,1960,publicdomainmovie.net,LastWonanOnEarthColor,64.5,ADICIONADO,ok (revisado - AIP/Corman - well-documented PD),the-last-woman-on-earth-1960
Pollyanna,1919,publicdomainmovie.net,in-shot-20241231-224114729,138.2,DESCARTADO,revisado nesta rodada - não verificado com confiança suficiente nesta rodada - fica para revisão futura,
"The Rival Mashers"" aka Those Love Pangs",1914,publicdomainmovie.net,CC_1914_10_10_TheRivalMashers,12.1,ADICIONADO,ok (revisado - Chaplin Keystone 1914 - pre-1929),the-rival-mashers-aka-those-love-pangs-1914
Battleship Potemkin 1925,1925,publicdomainmovie.net,battleship-potemkin-1925-by-sergei-m.-eisenstein,71.6,DESCARTADO,revisado nesta rodada - obra estrangeira - risco de restauração de copyright pela URAA,
Test Tube Babies,1948,publicdomainmovie.net,TestTubeBabies,58,DESCARTADO,"revisado nesta rodada - excluído por sensibilidade de conteúdo (estereótipos raciais/blackface), apesar de copyright expirado",
Irish Luck,1939,publicdomainmovie.net,IrishLuck,50.8,DESCARTADO,revisado nesta rodada - não verificado com confiança suficiente nesta rodada - fica para revisão futura,
Gung Ho!,1943,publicdomainmovie.net,BCLJGungHo063095,150,DESCARTADO,"revisado nesta rodada - produção de estúdio grande, sem indício específico de queda em domínio público",
Paradise Express,1937,publicdomainmovie.net,paradise_express,,DESCARTADO,falha ao consultar metadata do archive.org (Timeout fetching https://archive.org/metadata/paradise_express),
The Green Promise,1949,publicdomainmovie.net,The_Green_Promise,94.3,DESCARTADO,revisado nesta rodada - não verificado com confiança suficiente nesta rodada - fica para revisão futura,
Revolt of the Zombies,1936,publicdomainmovie.net,turner_video_47,4.6,DESCARTADO,"revisado nesta rodada - duração incompatível (4.6 min) - trecho, não o filme completo",
Neighbors,1920,publicdomainmovie.net,youtube-wVFyGm2lsx4,3.1,DESCARTADO,"revisado nesta rodada - duração incompatível (3.1 min) - trecho, não o curta completo",
The Wizard Of Oz 1925,1925,publicdomainmovie.net,the-wizard-of-oz-1925,71.7,ADICIONADO,"ok (revisado - Chadwick Pictures indie, 1925)",the-wizard-of-oz-1925-1925
Orphans of the Storm,1921,publicdomainmovie.net,turner_video_11476,8.8,DESCARTADO,"revisado nesta rodada - duração incompatível (8.8 min) - trecho, não o filme completo",
His Girl Friday - 1940,1940,publicdomainmovie.net,HisGirlFriday1940,92.6,ADICIONADO,ok (revisado - Columbia 1940 - one of the most famous confirmed PD titles in existence),his-girl-friday-1940-1940
Double Exposure iPod,1944,publicdomainmovie.net,double_exposure_ipod,62.4,DESCARTADO,"revisado nesta rodada - produção de estúdio grande, sem indício específico de queda em domínio público",
Shadows of Death,1945,publicdomainmovie.net,shadows_of_death,58.7,ADICIONADO,ok (revisado - PRC - poverty row),shadows-of-death-1945
Mystery Liner,1934,publicdomainmovie.net,MysteryLiner,62.3,ADICIONADO,ok (revisado - Monogram - poverty row),mystery-liner-1934
The Fat Man (1951),1951,publicdomainmovie.net,the_fat_man,77.5,DESCARTADO,"revisado nesta rodada - produção de estúdio grande, sem indício específico de queda em domínio público",
Klondike,1932,publicdomainmovie.net,funny_or_die_video_ae81ff71be,1,DESCARTADO,"duração incompatível (1 min) — provável trailer/clipe, não o filme completo",
Hell Fire Austin,1932,publicdomainmovie.net,hellfire_austin,54.2,ADICIONADO,ok (revisado - Fanchon Royer indie western (dup id)),hell-fire-austin-1932
Atom Age Vampire (1960),1960,publicdomainmovie.net,atom.-age.-vampire.-1960,86.2,DESCARTADO,revisado nesta rodada - obra estrangeira - risco de restauração de copyright pela URAA,
Hard Hombre,1931,publicdomainmovie.net,hard_hombre,64.1,ADICIONADO,ok,hard-hombre-1931
The Adventures of Sherlock Holmes - The Copper Beeches,1912,publicdomainmovie.net,TheCopperBeeches,12.2,DESCARTADO,revisado nesta rodada - obra estrangeira - risco de restauração de copyright pela URAA,
Daniel Boone (1936),1936,publicdomainmovie.net,daniel-boone-1936,75.2,ADICIONADO,ok,daniel-boone-1936
Teenagers Battle The Thing,1959,publicdomainmovie.net,teenagersBattleTheThing,59.6,DESCARTADO,revisado nesta rodada - não verificado com confiança suficiente nesta rodada - fica para revisão futura,
The Big Wheel,1949,publicdomainmovie.net,turner_video_11554,2,DESCARTADO,"revisado nesta rodada - duração incompatível (2 min) - trecho, não o filme completo",
"Navy Way, The",1944,publicdomainmovie.net,navy_way,74.2,DESCARTADO,"revisado nesta rodada - produção de estúdio grande, sem indício específico de queda em domínio público",
Star Reporter,1939,publicdomainmovie.net,star_reporter_ipod,60.1,ADICIONADO,ok (revisado - Monogram - poverty row),star-reporter-1939
Teenagers From Outer Space (1959),1959,publicdomainmovie.net,TeenagersFromOuterSpace_1959,85.5,DESCARTADO,revisado nesta rodada - não verificado com confiança suficiente nesta rodada - fica para revisão futura,
The Great Dan Patch,1949,publicdomainmovie.net,great_dan_patch,95.6,DESCARTADO,revisado nesta rodada - não verificado com confiança suficiente nesta rodada - fica para revisão futura,
Santa Claus (versus the devil),1959,publicdomainmovie.net,SantaClausversusTheDevil,94.8,DESCARTADO,revisado nesta rodada - obra estrangeira - risco de restauração de copyright pela URAA,
Three Guys Named Mike (1951),1951,publicdomainmovie.net,ThreeGuysNamedMike1951,90.2,DESCARTADO,"revisado nesta rodada - produção de estúdio grande, sem indício específico de queda em domínio público",
Where's That Fire (1940),1940,publicdomainmovie.net,WheresThatFire1940,70.5,DESCARTADO,revisado nesta rodada - não verificado com confiança suficiente nesta rodada - fica para revisão futura,
High Voltage,1929,publicdomainmovie.net,youtube-gpH80Wh_iec,3.9,DESCARTADO,revisado nesta rodada - duração incompatível (3.9 min) - trecho,
The Big Lift,1950,publicdomainmovie.net,The_Big_Lift,102.1,DESCARTADO,"revisado nesta rodada - produção de estúdio grande, sem indício específico de queda em domínio público",
The Violent Years,1956,publicdomainmovie.net,TheViolentYears,56.8,DESCARTADO,revisado nesta rodada - não verificado com confiança suficiente nesta rodada - fica para revisão futura,
Broken Blossoms (1919),1919,publicdomainmovie.net,broken-blossoms,56.9,ADICIONADO,"ok mas dropado por duplicata no fechamento final (UA/Griffith, 1919)",
Isle of Destiny,1940,publicdomainmovie.net,isle_of_destiny,82.4,ADICIONADO,"ok (revisado - small indie, no major studio)",isle-of-destiny-1940
The Old Barn,1929,publicdomainmovie.net,TheOldBarn,20.3,ADICIONADO,ok (revisado - 1929),the-old-barn-1929
Secret Valley,1937,publicdomainmovie.net,secret_valley,57,ADICIONADO,ok (revisado - indie B-western),secret-valley-1937
The Three Musketeers,1921,publicdomainmovie.net,barbie-and-the-three-musketeers,,DESCARTADO,falha ao consultar metadata do archive.org (Timeout fetching https://archive.org/metadata/barbie-and-the-three-musketeers),
The Bat (1926),1926,publicdomainmovie.net,the_bat_1926,87.2,ADICIONADO,"ok (revisado - Feature Productions/UA, 1926)",the-bat-1926
Rocky Mountain Mystery,1935,publicdomainmovie.net,Rocky_Mountain_Mystery_1935,65.5,ADICIONADO,ok,rocky-mountain-mystery-1935
Navy Blues,1937,publicdomainmovie.net,NavyBlues,55.3,DESCARTADO,revisado nesta rodada - não verificado com confiança suficiente nesta rodada - fica para revisão futura,
The Secret of Doctor Kildare,1939,publicdomainmovie.net,,,DESCARTADO,não encontrado no archive.org,
Headin Home,1920,publicdomainmovie.net,silent-headin-home,73.1,ADICIONADO,"ok (revisado - indie (Babe Ruth), 1920)",headin-home-1920
The Dance of Life,1929,publicdomainmovie.net,TheDanceOfLifeaugust161929,111.6,ADICIONADO,"ok (revisado - Paramount, 1929 - term expired regardless of studio)",the-dance-of-life-1929
Bulldog Drummond's Bride,1939,publicdomainmovie.net,Bulldog_Drummonds_Bride,56.3,DESCARTADO,"revisado nesta rodada - produção de estúdio grande, sem indício específico de queda em domínio público",
Aces and Eights iPod Version,1936,publicdomainmovie.net,aces_and_eights_ipod_version,61.3,ADICIONADO,"ok (revisado - Puritan, 1936 - poverty row)",aces-and-eights-ipod-version-1936
The Flapper,1920,publicdomainmovie.net,TheFlapper1920,,DESCARTADO,falha ao consultar metadata do archive.org (Timeout fetching https://archive.org/metadata/TheFlapper1920),
A Fool There Was,1915,publicdomainmovie.net,A_Fool_There_Was,66.3,ADICIONADO,ok,a-fool-there-was-1915
Dangerous Passage,1944,publicdomainmovie.net,dangerous_passage,56.2,DESCARTADO,"revisado nesta rodada - produção de estúdio grande, sem indício específico de queda em domínio público",
The Wasp Woman 1959 16:9 Version,1959,publicdomainmovie.net,TheWaspWoman1959169Version,72.8,ADICIONADO,ok (revisado - AIP/Corman-adjacent - well-documented PD),the-wasp-woman-1959-16-9-version-1959
The Magic Cloak of Oz,1914,publicdomainmovie.net,the-magic-cloak-of-oz-1914,36.9,ADICIONADO,ok (limiar de duração mínima corrigido de 40 para 2 min nesta rodada),the-magic-cloak-of-oz-1914
Glorifying the American Girl,1929,publicdomainmovie.net,balletdance1929bymaryeatonandchorus,3.6,DESCARTADO,"revisado nesta rodada - duração incompatível (3.6 min) - trecho, não o filme completo",
Gambler's Choice,1944,publicdomainmovie.net,gamblers_choice,65.4,ADICIONADO,ok (revisado - PRC - poverty row),gambler-s-choice-1944
"The Sultan's Wife"" [1917]",1917,publicdomainmovie.net,theSultansWife1917,24.5,ADICIONADO,"ok (revisado - small indie, pre-1929)",the-sultan-s-wife-1917-1917
The Nut,1921,publicdomainmovie.net,NutDeepInnClosingParty2012Part2DuNicoHouseMix2Hr,116.1,DESCARTADO,"revisado nesta rodada - identifier aponta para um vídeo de festa de 2012, não o filme",
The Phantom of the Opera (1925) New York General Release Print,1925,publicdomainmovie.net,ThePhantomOfTheOpera1925NewYorkGeneralReleasePrint_620,,DESCARTADO,falha ao consultar metadata do archive.org (Timeout fetching https://archive.org/metadata/ThePhantomOfTheOpera1925NewYorkGeneralReleasePrint_620),
Trapped By Television 1936,1936,publicdomainmovie.net,TrappedByTelevision1936,63.6,DESCARTADO,"revisado nesta rodada - produção de estúdio grande, sem indício específico de queda em domínio público",
The Rage of Paris,1938,publicdomainmovie.net,RageofParis,77.3,DESCARTADO,"revisado nesta rodada - produção de estúdio grande, sem indício específico de queda em domínio público",
The Capture,1950,publicdomainmovie.net,funny_or_die_video_4c3b320ba1,,DESCARTADO,falha ao consultar metadata do archive.org (Timeout fetching https://archive.org/metadata/funny_or_die_video_4c3b320ba1),
Peck's Bad Boy,1934,publicdomainmovie.net,pecks_bad_boy,67.9,DESCARTADO,"revisado nesta rodada - produção de estúdio grande, sem indício específico de queda em domínio público",
Backstage,1919,publicdomainmovie.net,stmacma-SHS_Theater_Department_-_Backstage_with_the_Hadestown_Cast,,DESCARTADO,falha ao consultar metadata do archive.org (Timeout fetching https://archive.org/metadata/stmacma-SHS_Theater_Department_-_Backstage_with_the_Hadestown_Cast),
Timber Queen,1944,publicdomainmovie.net,timber_queen,65.3,DESCARTADO,"revisado nesta rodada - produção de estúdio grande, sem indício específico de queda em domínio público",
Mark of the Avenger,1938,publicdomainmovie.net,mark_of_the_avenger,67.4,DESCARTADO,"revisado nesta rodada - produção de estúdio grande, sem indício específico de queda em domínio público",
Seven Were Saved,1947,publicdomainmovie.net,seven_were_saved,72,DESCARTADO,"revisado nesta rodada - produção de estúdio grande, sem indício específico de queda em domínio público",
Power Dive,1941,publicdomainmovie.net,Powerdive4175,67.4,DESCARTADO,"revisado nesta rodada - produção de estúdio grande, sem indício específico de queda em domínio público",
Detour Vostfr,1945,publicdomainmovie.net,DetourVostfr,67.6,ADICIONADO,"ok (revisado - PRC - famous, extremely well-documented PD noir (Detour, 1945))",detour-vostfr-1945
A Stranger in Town,1943,publicdomainmovie.net,a-stranger-in-town-1943,67,DESCARTADO,"revisado nesta rodada - produção de estúdio grande, sem indício específico de queda em domínio público",
Frolics On Ice,1939,publicdomainmovie.net,frolics_on_ice,61,ADICIONADO,ok (revisado - small indie),frolics-on-ice-1939
The Wedding March,1928,publicdomainmovie.net,the-wedding-march_1928,113.1,ADICIONADO,"ok (revisado - Paramount, 1928 - term expired regardless of studio)",the-wedding-march-1928
Something to Sing About,1937,publicdomainmovie.net,SomethingtoSingAbout_201511,86.8,ADICIONADO,ok (revisado - Grand National - poverty row),something-to-sing-about-1937
Fighting Trooper,1934,publicdomainmovie.net,fighting_trooper,51.2,ADICIONADO,ok (revisado - poverty row indie western),fighting-trooper-1934
Romance of the Limberlost,1938,publicdomainmovie.net,Romance_of_the_Limberlost_1938,76,ADICIONADO,ok (revisado - Monogram - poverty row),romance-of-the-limberlost-1938
The Trap,1946,publicdomainmovie.net,OSB-69_The_Trap,24.9,DESCARTADO,"revisado nesta rodada - identifier genérico não confiável, ano inconsistente entre ocorrências",
Chained for Life,1951,publicdomainmovie.net,ChainedforLife,65.4,ADICIONADO,"ok (revisado - indie, no major studio)",chained-for-life-1951
Lady Windermere's Fan,1925,publicdomainmovie.net,LadyWindermeresFan,,DESCARTADO,falha ao consultar metadata do archive.org (Timeout fetching https://archive.org/metadata/LadyWindermeresFan),
The Mystery Man,1935,publicdomainmovie.net,Mystery_Man_1935,61.9,ADICIONADO,ok (revisado - poverty row indie),the-mystery-man-1935
Desert Phantom,1936,publicdomainmovie.net,desert-phantom-1936-johnny-mack-brown-cowboy-western,66.1,ADICIONADO,ok (revisado - Supreme Pictures - poverty row),desert-phantom-1936
Jesse James Meets Frankenstein's Daughter (1966),1966,publicdomainmovie.net,jesse-james-meets-frankensteins-daughter-1966,,DESCARTADO,falha ao consultar metadata do archive.org (Timeout fetching https://archive.org/metadata/jesse-james-meets-frankensteins-daughter-1966),
Outside The Law,1920,publicdomainmovie.net,youtube-xVLIyWXaelw,38.7,DESCARTADO,revisado nesta rodada - duração incompatível (38.7 min vs longa-metragem completo esperado) - provável trecho,
King Kelly of the U.S.A.,1934,publicdomainmovie.net,KingKellyoftheUSA,66.7,ADICIONADO,ok (revisado - Monogram - poverty row),king-kelly-of-the-u-s-a-1934
Successful Failure,1934,publicdomainmovie.net,youtube-x4tXokh6O_M,13.4,DESCARTADO,revisado nesta rodada - duração incompatível (13.4 min) - provável trecho,
The Red House iPod,1947,publicdomainmovie.net,the_red_house_ipod,,DESCARTADO,falha ao consultar metadata do archive.org (Timeout fetching https://archive.org/metadata/the_red_house_ipod),
A Christmas Carol (1910),1910,publicdomainmovie.net,AChristmasCarol1910,10.4,ADICIONADO,"ok mas dropado por duplicata no fechamento final (Edison, 1910)",
Peliculas de Chaplin,1914,publicdomainmovie.net,PeliculasDeChaplin-1915,43.7,ADICIONADO,ok (revisado - compilation of Chaplin 1914-15 shorts - all pre-1929),peliculas-de-chaplin-1914
Dr. Christian Meets The Women,1940,publicdomainmovie.net,dr_christian_meets_the_women,,DESCARTADO,falha ao consultar metadata do archive.org (Timeout fetching https://archive.org/metadata/dr_christian_meets_the_women),
The Dark Hour,1936,publicdomainmovie.net,The.Dark.Hour,68.6,ADICIONADO,ok (revisado - Chesterfield Pictures - poverty row (dup id)),the-dark-hour-1936
Our Gang War Feathers 1926,1926,publicdomainmovie.net,OurGangWarFeathers1926_201708,19,ADICIONADO,"ok (revisado - Hal Roach/MGM, 1926 - term expired regardless of studio)",our-gang-war-feathers-1926-1926
Afgrunden / The Abyss,1910,publicdomainmovie.net,Afgrunden_1910,36.9,DESCARTADO,revisado nesta rodada - obra estrangeira - risco de restauração de copyright pela URAA,
Robbery Under Arms,1920,publicdomainmovie.net,Robbery_Under_Arms,52.5,DESCARTADO,revisado nesta rodada - obra estrangeira - risco de restauração de copyright pela URAA,
The Hands of Orlac (1924),1924,publicdomainmovie.net,the.-hands.-of.-orlac.-1924,94.5,ADICIONADO,ok,the-hands-of-orlac-1924
The Brain That Wouldn't Die Theatrical Version (82 min.),1962,publicdomainmovie.net,TheBrainThatWouldntDieTheatricalVersion82Min.,81.9,ADICIONADO,"ok mas dropado por duplicata no fechamento final (indie exploitation, well-documented PD)",
Guest in the House (1944),1944,publicdomainmovie.net,guest-in-the-house-1944,96.6,DESCARTADO,"revisado nesta rodada - produção de estúdio grande, sem indício específico de queda em domínio público",
People Are Funny,1946,publicdomainmovie.net,PeopleAreFunny_491,25.7,DESCARTADO,"revisado nesta rodada - produção de estúdio grande, sem indício específico de queda em domínio público",
Carnival of Souls ( iPod Video Version ),1962,publicdomainmovie.net,carnival_of_souls,83,DESCARTADO,revisado nesta rodada - não verificado com confiança suficiente nesta rodada - fica para revisão futura,
"Dr. Mabuse, The Gambler (Dr. Mabuse der Spieler) 1922, Part 1",1922,publicdomainmovie.net,Dr.MabuseTheGamblerdr.MabuseDerSpieler1922Part1,102.3,ADICIONADO,ok,
The Eagle,1925,publicdomainmovie.net,flight_of_apollo_11,28.4,DESCARTADO,"revisado nesta rodada - identifier aponta para imagens da Apollo 11, não ""The Eagle"" (1925)",
Desperate Cargo,1941,publicdomainmovie.net,Desperate_Cargo,62.4,ADICIONADO,ok (revisado - PRC - poverty row),desperate-cargo-1941
"Robert Wiene's ""GENUINE A Tale of a Vampire"" (1920)",1920,publicdomainmovie.net,RobertWienesgenuineATaleOfAVampire1920,44,DESCARTADO,revisado nesta rodada - obra estrangeira - risco de restauração de copyright pela URAA,
Mr. Moto's Last Warning (complete & upgraded),1939,publicdomainmovie.net,Mr.MotosLastWarningcompleteUpgraded,71,DESCARTADO,"revisado nesta rodada - produção de estúdio grande, sem indício específico de queda em domínio público",
Good Night Nurse,1918,publicdomainmovie.net,silent-good-night-nurse,20.4,ADICIONADO,ok (limiar de duração mínima corrigido de 40 para 2 min nesta rodada),good-night-nurse-1918
His Wedding Night,1917,publicdomainmovie.net,silent-his-wedding-night,19.9,ADICIONADO,ok (limiar de duração mínima corrigido de 40 para 2 min nesta rodada),his-wedding-night-1917
No Hands on the Clock,1941,publicdomainmovie.net,No_Hands_on_the_Clock_1941,74.3,DESCARTADO,"revisado nesta rodada - produção de estúdio grande, sem indício específico de queda em domínio público",
Rogue Of The Range,1936,publicdomainmovie.net,rogue_of_the_range,56.1,ADICIONADO,ok (revisado - poverty row B-western),rogue-of-the-range-1936
Symphony of Living,1935,publicdomainmovie.net,symphony_of_living,73,ADICIONADO,ok (revisado - Chesterfield - poverty row),symphony-of-living-1935
The General Line,1929,publicdomainmovie.net,Eisenstein-TheGeneralLine,120.9,DESCARTADO,revisado nesta rodada - obra estrangeira - risco de restauração de copyright pela URAA,
Scared Stiff (Treasure of Fear),1945,publicdomainmovie.net,Scared_Stiff,64.5,ADICIONADO,ok (revisado - PRC - poverty row),scared-stiff-treasure-of-fear-1945
The Fat Spy,1966,publicdomainmovie.net,TheFatSpyMPEG2,82.1,DESCARTADO,revisado nesta rodada - não verificado com confiança suficiente nesta rodada - fica para revisão futura,
The 13th Man,1937,publicdomainmovie.net,13th_Man_1937,69.2,ADICIONADO,ok (revisado - Monogram - poverty row),the-13th-man-1937
Devil Monster,1936,publicdomainmovie.net,episode-31-small,65.5,DESCARTADO,"revisado nesta rodada - identifier genérico não confiável para ""Devil Monster"" (1936)",
WAGON WHEELS,1934,publicdomainmovie.net,WagonWheelsZaneGreyWesternWRandolphScott.mp4,59.2,DESCARTADO,revisado nesta rodada - não verificado com confiança suficiente nesta rodada - fica para revisão futura,
Sky High (1922),1922,publicdomainmovie.net,sky-high-1922,49,ADICIONADO,"ok (revisado - Fox, 1922 - term expired regardless of studio)",sky-high-1922
Carson City Kid,1940,publicdomainmovie.net,CarsonCityKid,53.5,DESCARTADO,revisado nesta rodada - não verificado com confiança suficiente nesta rodada - fica para revisão futura,
Storm in a Teacup,1937,publicdomainmovie.net,storm.-in.-a.-teacup.-1937.720p.-blu-ray.x-264-yts.-am,86.8,DESCARTADO,revisado nesta rodada - obra estrangeira - risco de restauração de copyright pela URAA,
The Buckskin Lady,1957,publicdomainmovie.net,TheBuckskinLady,65.3,ADICIONADO,ok (revisado - small indie B-western),the-buckskin-lady-1957
The Vampire Bat (1933),1933,publicdomainmovie.net,the-vampire-bat-1933-b-w,63.3,ADICIONADO,ok mas dropado por duplicata no fechamento final (Majestic Pictures - poverty row),
Port of Missing Girls,1938,publicdomainmovie.net,Port_of_Missing_Girls_1938,62.5,ADICIONADO,ok (revisado - Monogram - poverty row),port-of-missing-girls-1938
The Cheat,1915,publicdomainmovie.net,TheCheat1915,58.9,ADICIONADO,ok,the-cheat-1915
Are Crooks Dishonest?,1918,publicdomainmovie.net,Are_Crooks_Dishonest,13.8,ADICIONADO,"ok (revisado - Stan Laurel/Metro, 1918)",are-crooks-dishonest-1918
Dark Mountain,1944,publicdomainmovie.net,Dark_Mountain_1944,56.4,DESCARTADO,"revisado nesta rodada - produção de estúdio grande, sem indício específico de queda em domínio público",
Beneath the 12-Mile Reef (1953) - Full Screen Version,1953,publicdomainmovie.net,BeneathThe12-mileReef1953-FullScreenVersion,101.1,DESCARTADO,"revisado nesta rodada - produção de estúdio grande, sem indício específico de queda em domínio público",
Headless Horseman,1922,publicdomainmovie.net,turner_video_112516,0.8,DESCARTADO,"duração incompatível (0.8 min) — provável trailer/clipe, não o filme completo",
Within Our Gates,1920,publicdomainmovie.net,silent-within-our-gates,73.7,ADICIONADO,ok,within-our-gates-1920
Red Lights Ahead,1936,publicdomainmovie.net,red_lights_ahead,66.7,ADICIONADO,ok (revisado - Chesterfield/Invincible - poverty row),red-lights-ahead-1936
Manhattan Love Song,1934,publicdomainmovie.net,ManhattanLoveSong,69.6,ADICIONADO,ok (revisado - Monogram - poverty row),manhattan-love-song-1934
I Cover the Waterfront (1933),1933,publicdomainmovie.net,ICoverTheWaterfront1933,60.9,ADICIONADO,ok mas dropado por duplicata no fechamento final (UA 1933 - well-documented non-renewal),
Judge Priest (1934),1934,publicdomainmovie.net,judge-priest-1934,74.7,DESCARTADO,"revisado nesta rodada - produção de estúdio grande, sem indício específico de queda em domínio público",
MURDER BY TELEVISION (1935),1935,publicdomainmovie.net,murder-by-television-1935_202504,54,ADICIONADO,ok (revisado - Cameo Pictures indie - well-documented PD),murder-by-television-1935
Big News,1929,publicdomainmovie.net,TikTok-7057591826576035118,0.1,DESCARTADO,"duração incompatível (0.1 min) — provável trailer/clipe, não o filme completo",
"Nanook of the North"" [1922]",1922,publicdomainmovie.net,Nanook-of-the-North,78.5,ADICIONADO,"ok (revisado - Flaherty/Pathé (US), 1922)",nanook-of-the-north-1922-1922
Beau Ideal,1931,publicdomainmovie.net,beau-ideal-1931,78.8,DESCARTADO,"revisado nesta rodada - produção de estúdio grande, sem indício específico de queda em domínio público",
The Big Lift (complete),1950,publicdomainmovie.net,TheBigLift1950complete,119.3,DESCARTADO,"revisado nesta rodada - produção de estúdio grande, sem indício específico de queda em domínio público",
Mother,1926,publicdomainmovie.net,archiveteam_videobot_twitter_com_811797114992947202,5.7,DESCARTADO,revisado nesta rodada - não verificado com confiança suficiente nesta rodada - fica para revisão futura,
The Screaming Skull 1958,1958,publicdomainmovie.net,the-screaming-skull-1958_202402,68.1,ADICIONADO,ok (revisado - indie/AIP-adjacent - commonly documented PD),the-screaming-skull-1958-1958
The Light of Western Stars,1940,publicdomainmovie.net,TheLightofWesternStars_,65,DESCARTADO,"revisado nesta rodada - produção de estúdio grande, sem indício específico de queda em domínio público",
To The Shores of Iwo Jima,1945,publicdomainmovie.net,ToTheShoresOfIwoJima,20.3,ADICIONADO,ok (revisado - US Marine Corps documentary - government work),to-the-shores-of-iwo-jima-1945
Man of the Forest,1933,publicdomainmovie.net,ManoftheForest,57.3,DESCARTADO,"revisado nesta rodada - produção de estúdio grande, sem indício específico de queda em domínio público",
The Painted Desert (1931) Clark Gable,1931,publicdomainmovie.net,ThePaintedDesert1931ClarkGable,74.6,ADICIONADO,ok,
Phantom of the Range,1936,publicdomainmovie.net,phantom_of_the_range,58.3,ADICIONADO,ok,phantom-of-the-range-1936
The Trail Beyond (1934),1934,publicdomainmovie.net,the-trail-beyond-1934,54.9,ADICIONADO,ok,the-trail-beyond-1934
The Desert Trail (1935),1935,publicdomainmovie.net,TheDesertTrail1935,54.4,ADICIONADO,ok,the-desert-trail-1935
Borderline (1950),1950,publicdomainmovie.net,borderline-1950_202309,87.9,DESCARTADO,"revisado nesta rodada - produção de estúdio grande, sem indício específico de queda em domínio público",
The Little Shop of Horrors (1960),1960,publicdomainmovie.net,the-little-shop-of-horrors-1960_202310,71.8,ADICIONADO,ok (revisado - AIP/Corman - extremely well-documented PD),the-little-shop-of-horrors-1960
Flying Blind,1941,publicdomainmovie.net,roosterteeth-45378,29.8,DESCARTADO,"revisado nesta rodada - identifier aponta para conteúdo da Rooster Teeth, não o filme",
I'd Give My Life 1936,1936,publicdomainmovie.net,IdGiveMyLife1936,80,ADICIONADO,"ok (revisado - indie B-picture, 1936)",i-d-give-my-life-1936-1936
When's Your Birthday?,1937,publicdomainmovie.net,WhensYourBirthday,75.6,DESCARTADO,"revisado nesta rodada - produção de estúdio grande, sem indício específico de queda em domínio público",
Hoosier Schoolmaster,1935,publicdomainmovie.net,hoosier_schoolmaster,69.6,ADICIONADO,ok (revisado - Monogram - poverty row),hoosier-schoolmaster-1935
The Iron Mask 1929 Complete Silent 101min Version,1929,publicdomainmovie.net,TheIronMask1929CompleteSilent101minVersion,100.9,ADICIONADO,"ok (revisado - UA/Fairbanks, 1929 - term expired regardless of studio)",the-iron-mask-1929-complete-silent-101min-version-1929
Heroes in Blue,1939,publicdomainmovie.net,heroes_in_blue,55.3,ADICIONADO,"ok (revisado - Monogram, 1939)",heroes-in-blue-1939
Broadway to Cheyenne,1932,publicdomainmovie.net,BroadwayToCheyenne_564,51.6,ADICIONADO,ok,broadway-to-cheyenne-1932
Little Pal,1935,publicdomainmovie.net,little_pal,67.3,DESCARTADO,revisado nesta rodada - não verificado com confiança suficiente nesta rodada - fica para revisão futura,
"Our Gang Silent ""No Noise",1923,publicdomainmovie.net,OurGangSilentnoNoise,24.8,ADICIONADO,"ok (revisado - Hal Roach, 1923)",our-gang-silent-no-noise-1923
Bulldog Drummonds Bride,1939,publicdomainmovie.net,BuDrummonds_Bride,56.3,DESCARTADO,"revisado nesta rodada - produção de estúdio grande, sem indício específico de queda em domínio público",
The Brain That Wouldn't Die - extended version (1962),1962,publicdomainmovie.net,TheBrainThatWouldntDie-ExtendedVersion1962,82.3,ADICIONADO,ok,
Manslaughter,1922,publicdomainmovie.net,cozy-nick-2023-05-12,101.6,DESCARTADO,revisado nesta rodada - identifier não corresponde de forma confiável ao filme,
Dixiana (1930),1930,publicdomainmovie.net,dixiana-1930_202312,99.2,DESCARTADO,"revisado nesta rodada - excluído por sensibilidade de conteúdo (estereótipos raciais/blackface), apesar de copyright expirado",
The Return of Draw Egan,1916,publicdomainmovie.net,silent-the-return-of-draw-egan,51.5,ADICIONADO,"ok (revisado - Triangle/Ince, 1916)",the-return-of-draw-egan-1916
Sunday Calm 1923 Our Gang Silent Film,1923,publicdomainmovie.net,SundayCalm1923OurGangSilentFilm,25.4,ADICIONADO,"ok (revisado - Hal Roach, 1923)",sunday-calm-1923-our-gang-silent-film-1923
His Double Life 1933 (re-uploaded-trimmed to 1hr8min ),1933,publicdomainmovie.net,HisDoubleLife1933re-uploaded-trimmedTo1hr8min,67.8,DESCARTADO,"revisado nesta rodada - produção de estúdio grande, sem indício específico de queda em domínio público",
Sherlock Holmes Baffled,1900,publicdomainmovie.net,turner_video_12075,0.9,DESCARTADO,"duração incompatível (0.9 min) — provável trailer/clipe, não o filme completo",
Our Gang Silent Young Sherlocks 1922,1922,publicdomainmovie.net,OurGangSilentYoungSherlocks1922,24.7,ADICIONADO,"ok (revisado - Hal Roach, 1922)",our-gang-silent-young-sherlocks-1922-1922
Manfish,1956,publicdomainmovie.net,Manfish_,87,ADICIONADO,ok (revisado - Robert L. Lippert Productions - poverty-row-adjacent indie),manfish-1956
Hearts in Exile,1915,publicdomainmovie.net,publicdomainHeartsinExile,58.5,ADICIONADO,"ok (revisado - Vitagraph, 1915)",hearts-in-exile-1915
Five Minutes To Love,1963,publicdomainmovie.net,FiveMinutestoLove,76.7,DESCARTADO,revisado nesta rodada - não verificado com confiança suficiente nesta rodada - fica para revisão futura,
Peliculas de Chaplin,1915,publicdomainmovie.net,PeliculasDeChaplin-1915,43.7,ADICIONADO,ok (revisado - compilation of Chaplin 1914-15 shorts - all pre-1929),peliculas-de-chaplin-1914
EAST SIDE KIDS (1940),1940,publicdomainmovie.net,east-side-kids-1940,60.2,ADICIONADO,ok mas dropado por duplicata no fechamento final (Monogram - poverty row),
A Corner in Wheat,1909,publicdomainmovie.net,acornerinwheat_201703_202410,11.4,ADICIONADO,ok (limiar de duração mínima corrigido de 40 para 2 min nesta rodada),a-corner-in-wheat-1909
The Phantom Empire,1940,publicdomainmovie.net,chapter-01-the-singing-cowboy,30.8,ADICIONADO,"ok (revisado - Mascot serial (The Phantom Empire, Gene Autry) - poverty row)",the-phantom-empire-1940
Sherlock Holmes- The woman in green Vost-fr,1945,publicdomainmovie.net,SherlockHolmes-TheWomanInGreenVost-fr,66.9,ADICIONADO,ok (revisado - Universal Holmes series 1942-46 - well-documented copyright lapse),sherlock-holmes-the-woman-in-green-vost-fr-1945
Bliss,1917,publicdomainmovie.net,soundcloud-249390188,0,DESCARTADO,nenhum arquivo de vídeo encontrado no item do archive.org,
Big Buisness Our Gang Silent Film 1924,1924,publicdomainmovie.net,BigBuisnessOurGangSilentFilm1924,26.3,ADICIONADO,"ok (revisado - Hal Roach, 1924)",big-buisness-our-gang-silent-film-1924-1924
The Secret Weapon,1942,publicdomainmovie.net,youtube-K2t2Krsvm9s,4.3,DESCARTADO,revisado nesta rodada - duração incompatível (4.3 min) - trecho,
Dr Jekyll and Mr Hyde (1913),1913,publicdomainmovie.net,dr.-jekyll-and-mr.-hyde-1913,26.7,ADICIONADO,"ok (revisado - IMP (Universal predecessor) indie, 1913)",dr-jekyll-and-mr-hyde-1913
The Deerslayer (1920),1920,publicdomainmovie.net,TheDeerslayer1920,43.1,ADICIONADO,"ok (revisado - indie, 1920)",the-deerslayer-1920
Sunny,1941,publicdomainmovie.net,UCtKx9acFbcMbbT9Kl85cxJw,0,DESCARTADO,nenhum arquivo de vídeo encontrado no item do archive.org,
Monte Carlo Nights,1934,publicdomainmovie.net,MonteCarloNights,60.9,ADICIONADO,ok (revisado - Monogram - poverty row),monte-carlo-nights-1934
Desert Gold,1936,publicdomainmovie.net,DesertGold,54.3,ADICIONADO,ok,desert-gold-1936
The Big Chance,1933,publicdomainmovie.net,Big_Chance_1933,60,ADICIONADO,ok (revisado - Freuler Film Associates - poverty row indie),the-big-chance-1933
The Big Show,1936,publicdomainmovie.net,the-big-show-1926,75.6,ADICIONADO,ok (revisado - 1926 per archive.org id - term expired regardless of studio),the-big-show-1936
The Soilers,1923,publicdomainmovie.net,TheSoilers,10.2,ADICIONADO,"ok (revisado - Hal Roach, 1923)",the-soilers-1923
The Duke is Tops,1938,publicdomainmovie.net,TheDukeisTops,75.2,ADICIONADO,ok (revisado - Million Dollar Productions indie race film - well-documented PD),the-duke-is-tops-1938
I Live on Danger,1942,publicdomainmovie.net,I_Live_on_Danger_1942,65.4,DESCARTADO,"revisado nesta rodada - produção de estúdio grande, sem indício específico de queda em domínio público",
The Road To Ruin,1934,publicdomainmovie.net,the-road-to-ruin_1928,41.1,ADICIONADO,ok (revisado - 1928 per archive.org id - term expired regardless of studio),the-road-to-ruin-1934
Manhattan Tower 1932 Restored,1932,publicdomainmovie.net,ManhattanTower1932Restored,66.2,ADICIONADO,ok (revisado - Remington Pictures - poverty row indie (dup id)),manhattan-tower-1932-restored-1932
Little Lord Fauntleroy 1936,1936,publicdomainmovie.net,little-lord-fauntleroy-1936,101.6,ADICIONADO,ok (revisado - Selznick/UA 1936 - well-documented gap in the Selznick catalog),little-lord-fauntleroy-1936-1936
Discarded Lovers,1932,publicdomainmovie.net,Discarded_Lovers_1932,54.5,ADICIONADO,ok (revisado - Tiffany Productions - poverty row),discarded-lovers-1932
Nothing But the Truth,1929,publicdomainmovie.net,funny_or_die_video_27c4d715a4,7,DESCARTADO,"revisado nesta rodada - identifier aponta para conteúdo do site Funny or Die, não o filme",
Dressed To Kill 720p 1946,1946,publicdomainmovie.net,,,DESCARTADO,não encontrado no archive.org,
The Devils Sleep 1949,1949,publicdomainmovie.net,TheDevilsSleep1949,71.1,ADICIONADO,"ok (revisado - Screen Classics indie exploitation, no major studio)",the-devils-sleep-1949-1949
Keeper of the Bees,1935,publicdomainmovie.net,Keeper_of_the_Bees_1935,75.4,ADICIONADO,ok (revisado - Monogram - poverty row),keeper-of-the-bees-1935
Pot o Gold (Vostfr),1941,publicdomainmovie.net,PotoGoldvostfr,85.5,ADICIONADO,ok mas dropado por duplicata no fechamento final (UA 1941 (Pot O' Gold) - well-documented non-renewal),
The Ghoul - better copy,1933,publicdomainmovie.net,TheGhoul-BetterCopy,80.2,DESCARTADO,revisado nesta rodada - obra estrangeira - risco de restauração de copyright pela URAA,
The Midnight Girl,1925,publicdomainmovie.net,silent-the-midnight-girl,61.7,ADICIONADO,"ok (revisado - indie, 1925)",the-midnight-girl-1925
The Sea Lion,1921,publicdomainmovie.net,sal-lion,65.1,DESCARTADO,"revisado nesta rodada - identifier não corresponde de forma confiável ao filme (The Sea Lion, 1921)",
Flesh and Blood (1922),1922,publicdomainmovie.net,FleshAndBlood1922,73.3,ADICIONADO,"ok (revisado - Fox/Allied Producers, 1922 - term expired regardless of studio)",flesh-and-blood-1922
Goketsu Jiraiya (Jiraiya the Hero) [1921],1921,publicdomainmovie.net,GoketsuJiraiyajiraiyaTheHero1921,20.8,DESCARTADO,revisado nesta rodada - obra estrangeira - risco de restauração de copyright pela URAA,
The Painted Desert (1931),1931,publicdomainmovie.net,the-painted-desert-1931_202504,74.7,DESCARTADO,revisado nesta rodada - não verificado com confiança suficiente nesta rodada - fica para revisão futura,
The Light of Faith (1922),1922,publicdomainmovie.net,TheLightOfFaith1922,32.2,DESCARTADO,revisado nesta rodada - não verificado com confiança suficiente nesta rodada - fica para revisão futura,
His Wife's Relations,1922,publicdomainmovie.net,HisWifesRelations,22.1,ADICIONADO,ok (revisado - Keaton 1922 - pre-1929 (dup id)),his-wife-s-relations-1922
Algie The Miner,1912,publicdomainmovie.net,silent-algie-the-miner,9.7,DESCARTADO,revisado nesta rodada - não verificado com confiança suficiente nesta rodada - fica para revisão futura,
Danger Valley,1937,publicdomainmovie.net,DangerValley,51.4,ADICIONADO,ok,danger-valley-1937
Just Neighbors,1919,publicdomainmovie.net,Just_Neighbors,13.1,DESCARTADO,revisado nesta rodada - não verificado com confiança suficiente nesta rodada - fica para revisão futura,
Santa Fe Trail (1940),1940,publicdomainmovie.net,santa-fe-trail-1940,109.5,DESCARTADO,revisado nesta rodada - não verificado com confiança suficiente nesta rodada - fica para revisão futura,
Our Gang silent High Society 1924,1924,publicdomainmovie.net,OurGangSilentHighSociety1924,25.1,DESCARTADO,revisado nesta rodada - não verificado com confiança suficiente nesta rodada - fica para revisão futura,
Skyway,1933,publicdomainmovie.net,metvfl-2015_Skyway_Film_Festival,71.8,DESCARTADO,revisado nesta rodada - não verificado com confiança suficiente nesta rodada - fica para revisão futura,
Goodbye Love,1933,publicdomainmovie.net,GoodbyeLove,64.9,DESCARTADO,revisado nesta rodada - não verificado com confiança suficiente nesta rodada - fica para revisão futura,
Miss Lulu Bett,1921,publicdomainmovie.net,MissLuluBett1921,71,DESCARTADO,revisado nesta rodada - não verificado com confiança suficiente nesta rodada - fica para revisão futura,
One Year Later,1933,publicdomainmovie.net,funny_or_die_video_8ff589e545,2,DESCARTADO,"revisado nesta rodada - identifier aponta para conteúdo do site Funny or Die, não o filme",
The Ape (1940),1940,publicdomainmovie.net,the.-ape.-1940,62.8,DESCARTADO,revisado nesta rodada - não verificado com confiança suficiente nesta rodada - fica para revisão futura,
Paradise Island 1930,1930,publicdomainmovie.net,ParadiseIsland1930,69,DESCARTADO,revisado nesta rodada - não verificado com confiança suficiente nesta rodada - fica para revisão futura,
The Terror (Widescreen),1963,publicdomainmovie.net,TheTerrorwidescreen,79.2,ADICIONADO,ok mas dropado por duplicata no fechamento final (AIP/Corman - extremely well-documented PD (dup id)),
Jack and the Beanstalk (1902 silent film),1902,publicdomainmovie.net,JackAndTheBeanstalk1902SilentFilm,10.1,DESCARTADO,revisado nesta rodada - não verificado com confiança suficiente nesta rodada - fica para revisão futura,
High Powered,1945,publicdomainmovie.net,youtube-2i7WQnB9gjI,1.8,DESCARTADO,"duração incompatível (1.8 min) — provável trailer/clipe, não o filme completo",
Back Stage Our Gang Silent 1923,1923,publicdomainmovie.net,BackStageOurGangSilent1923,20,DESCARTADO,revisado nesta rodada - não verificado com confiança suficiente nesta rodada - fica para revisão futura,
"Number, Please?",1920,publicdomainmovie.net,silent-number-please,25.1,DESCARTADO,revisado nesta rodada - não verificado com confiança suficiente nesta rodada - fica para revisão futura,
Delinquent Daughters,1944,publicdomainmovie.net,DelinquentDoughters,69.4,DESCARTADO,revisado nesta rodada - não verificado com confiança suficiente nesta rodada - fica para revisão futura,
Our Gang Silent Boys will be Joys,1925,publicdomainmovie.net,OurGangSilentBoysWillBeJoys,18.6,DESCARTADO,revisado nesta rodada - não verificado com confiança suficiente nesta rodada - fica para revisão futura,
The Girl From Rio,1939,publicdomainmovie.net,turner_video_15945,2.4,DESCARTADO,revisado nesta rodada - não verificado com confiança suficiente nesta rodada - fica para revisão futura,
The Shock,1923,publicdomainmovie.net,youtube-7PyrNkz3Ybw,9.9,DESCARTADO,revisado nesta rodada - não verificado com confiança suficiente nesta rodada - fica para revisão futura,
Stick Around AKA The Paper Hanger's Helper,1925,publicdomainmovie.net,StickAroundAkaThePaperHangersHelper,12.8,DESCARTADO,revisado nesta rodada - não verificado com confiança suficiente nesta rodada - fica para revisão futura,
White Zombie (1932),1932,publicdomainmovie.net,white-zombie-1932_202607,67.8,DESCARTADO,revisado nesta rodada - não verificado com confiança suficiente nesta rodada - fica para revisão futura,
Out West,1918,publicdomainmovie.net,BBCNEWS_20190906_203000_Inside_Out_West,31,DESCARTADO,"revisado nesta rodada - identifier aponta para um noticiário da BBC de 2019, não o filme de 1918",
Beneath the 12-Mile Reef (1953),1953,publicdomainmovie.net,beneath-the-12-mile-reef-1953_202005,101.9,DESCARTADO,"revisado nesta rodada - produção de estúdio grande, sem indício específico de queda em domínio público",
The Racketeer,1929,publicdomainmovie.net,TheRacketeer720p1929,65.5,DESCARTADO,revisado nesta rodada - não verificado com confiança suficiente nesta rodada - fica para revisão futura,
Law of the Sea,1931,publicdomainmovie.net,youtube-wCNnyK7RObs,27.7,DESCARTADO,revisado nesta rodada - não verificado com confiança suficiente nesta rodada - fica para revisão futura,
The Bat (1926) with soundtrack,1926,publicdomainmovie.net,TheBat1926WithSoundtrack,85.6,DESCARTADO,revisado nesta rodada - não verificado com confiança suficiente nesta rodada - fica para revisão futura,
Bulldog Drummond 720p 1937,1937,publicdomainmovie.net,,,DESCARTADO,não encontrado no archive.org,
Tormented - Weirdness Bad Movie,1960,publicdomainmovie.net,Tormented-WeirdnessBadMovie,117.5,DESCARTADO,revisado nesta rodada - não verificado com confiança suficiente nesta rodada - fica para revisão futura,
Eyes In The Night 720p 1942,1942,publicdomainmovie.net,,,DESCARTADO,não encontrado no archive.org,
Invisible Ghost (1941),1941,publicdomainmovie.net,invisible-ghost-1941,65.5,DESCARTADO,revisado nesta rodada - não verificado com confiança suficiente nesta rodada - fica para revisão futura,
Get That Man 1935,1935,publicdomainmovie.net,GetThatMan1935,58.7,DESCARTADO,revisado nesta rodada - não verificado com confiança suficiente nesta rodada - fica para revisão futura,
Carnival Of Souls 720p 1962,1962,publicdomainmovie.net,CarnivalOfSouls720p1962,77.7,DESCARTADO,revisado nesta rodada - não verificado com confiança suficiente nesta rodada - fica para revisão futura,
Flirting with Fate,1916,publicdomainmovie.net,Flirting_with_Fate,57.2,DESCARTADO,revisado nesta rodada - não verificado com confiança suficiente nesta rodada - fica para revisão futura,
Juke Joint,1946,publicdomainmovie.net,CoTC2016JukeJoint5,88.3,DESCARTADO,revisado nesta rodada - não verificado com confiança suficiente nesta rodada - fica para revisão futura,
Make a Million,1935,publicdomainmovie.net,MakeaMillion,65.6,DESCARTADO,revisado nesta rodada - não verificado com confiança suficiente nesta rodada - fica para revisão futura,
Inside Information,1934,publicdomainmovie.net,0690_Inside_Information_M00999_03_41_30_00,8.1,DESCARTADO,revisado nesta rodada - não verificado com confiança suficiente nesta rodada - fica para revisão futura,
The Dawn Rider (1935),1935,publicdomainmovie.net,the-dawn-rider-1935,53.5,DESCARTADO,revisado nesta rodada - não verificado com confiança suficiente nesta rodada - fica para revisão futura,
Zorro's Black Whip - Chapter 12 Trail of Treachery,1944,publicdomainmovie.net,ZorrosBlackWhip-Chapter12TrailOfTreachery,14.4,DESCARTADO,revisado nesta rodada - não verificado com confiança suficiente nesta rodada - fica para revisão futura,
The Phantom In The House (1929),1929,publicdomainmovie.net,the-phantom-in-the-house-1929,58.1,DESCARTADO,revisado nesta rodada - não verificado com confiança suficiente nesta rodada - fica para revisão futura,
The Fall of the House of Usher (1928),1928,publicdomainmovie.net,thefallofthehouseofusher1928_201909,66.3,DESCARTADO,revisado nesta rodada - não verificado com confiança suficiente nesta rodada - fica para revisão futura,
The fourth Alarm,1926,publicdomainmovie.net,TheFourthAlarm1926OurGang1,20.5,DESCARTADO,revisado nesta rodada - não verificado com confiança suficiente nesta rodada - fica para revisão futura,
Dr. Jekyll And Mr. Hyde (1912),1912,publicdomainmovie.net,dr.-jekyll-and-mr.-hyde-1912-by-lucius-j.-henderson,13.8,ADICIONADO,"ok mas dropado por duplicata no fechamento final (Thanhouser indie, 1912)",
THE LOST WORLD complete & video quality upgrade,1925,publicdomainmovie.net,TheLostWorldCompleteVideoQualityUpgrade,76.1,DESCARTADO,revisado nesta rodada - não verificado com confiança suficiente nesta rodada - fica para revisão futura,
The Trap,1922,publicdomainmovie.net,OSB-69_The_Trap,24.9,DESCARTADO,"revisado nesta rodada - identifier genérico não confiável, ano inconsistente entre ocorrências",
Rhythm in the Clouds,1937,publicdomainmovie.net,Rhythm_in_the_Clouds,52.8,DESCARTADO,revisado nesta rodada - não verificado com confiança suficiente nesta rodada - fica para revisão futura,
beat the devil (Plus fort que le diable - vost-fr),1953,publicdomainmovie.net,,,DESCARTADO,não encontrado no archive.org,
Three Steps North,1951,publicdomainmovie.net,Three_Steps_North_1951,80.9,DESCARTADO,revisado nesta rodada - não verificado com confiança suficiente nesta rodada - fica para revisão futura,
Money Means Nothing,1934,publicdomainmovie.net,MoneyMeansNothing,63.7,DESCARTADO,revisado nesta rodada - não verificado com confiança suficiente nesta rodada - fica para revisão futura,
The Adventures of Dollie,1908,publicdomainmovie.net,silent-the-adventures-of-dollie,12,DESCARTADO,revisado nesta rodada - não verificado com confiança suficiente nesta rodada - fica para revisão futura,
Swamp Diamonds (Swamp Women),1955,publicdomainmovie.net,SwampDiamonds,69.1,DESCARTADO,revisado nesta rodada - não verificado com confiança suficiente nesta rodada - fica para revisão futura,
Angel and the Badman iPod version,1947,publicdomainmovie.net,angel_and_the_badman_iPod,99.5,DESCARTADO,revisado nesta rodada - não verificado com confiança suficiente nesta rodada - fica para revisão futura,
Boys' Reformatory,1939,publicdomainmovie.net,BoysReformatory,59.9,DESCARTADO,revisado nesta rodada - não verificado com confiança suficiente nesta rodada - fica para revisão futura,
Nancy Drew Reporter 720p 1939,1939,publicdomainmovie.net,,,DESCARTADO,não encontrado no archive.org,
Galloping Romeo,1933,publicdomainmovie.net,GallopingRomeo,51.8,ADICIONADO,ok,galloping-romeo-1933
Frankenstein (1910),1910,publicdomainmovie.net,Frankenstein1910_201508,13.6,DESCARTADO,revisado nesta rodada - não verificado com confiança suficiente nesta rodada - fica para revisão futura,
"The Martyred Presidents - Lincoln, Garfield, McKinley",1901,publicdomainmovie.net,The_Martyred_Presidents_1901,1.3,DESCARTADO,"duração incompatível (1.3 min) — provável trailer/clipe, não o filme completo",
Suds,1920,publicdomainmovie.net,Suds1920MaryPickford,65.6,ADICIONADO,ok,suds-1920
D W Griffith's THE SEALED ROOM (1909),1909,publicdomainmovie.net,DWGriffithsTheSealedRoom1909,12.6,ADICIONADO,ok (limiar de duração mínima corrigido de 40 para 2 min nesta rodada),
She Shoulda Said 'No'!,1949,publicdomainmovie.net,SheShouldaSaidNo,69.1,DESCARTADO,revisado nesta rodada - não verificado com confiança suficiente nesta rodada - fica para revisão futura,
The Conquering Power,1921,publicdomainmovie.net,TheConqueringPower,89.4,DESCARTADO,revisado nesta rodada - não verificado com confiança suficiente nesta rodada - fica para revisão futura,
Where the Buffalo Roam,1938,publicdomainmovie.net,WheretheBuffaloRoam,61.5,ADICIONADO,ok,where-the-buffalo-roam-1938
Unholy Love 1932,1932,publicdomainmovie.net,UnholyLove1932,74.7,DESCARTADO,revisado nesta rodada - não verificado com confiança suficiente nesta rodada - fica para revisão futura,
Randy Rides Alone (1934),1934,publicdomainmovie.net,RandyRidesAlone1934,52.4,DESCARTADO,revisado nesta rodada - não verificado com confiança suficiente nesta rodada - fica para revisão futura,
The Light Of Faith,1922,publicdomainmovie.net,The_Light_Of_Faith,32.5,DESCARTADO,revisado nesta rodada - não verificado com confiança suficiente nesta rodada - fica para revisão futura,
The Nut Farm,1935,publicdomainmovie.net,TheNutFarm,66.7,DESCARTADO,revisado nesta rodada - não verificado com confiança suficiente nesta rodada - fica para revisão futura,
I Thank You (1941),1941,publicdomainmovie.net,IThankYou1941,77.8,DESCARTADO,revisado nesta rodada - não verificado com confiança suficiente nesta rodada - fica para revisão futura,
Haldane of the Secret Service,1923,publicdomainmovie.net,HaldaneOfTheSecretService_399,83.7,DESCARTADO,revisado nesta rodada - não verificado com confiança suficiente nesta rodada - fica para revisão futura,
Swing!,1938,publicdomainmovie.net,youtube-SVRR1eKnDkk,1.6,DESCARTADO,"duração incompatível (1.6 min) — provável trailer/clipe, não o filme completo",
The Letter,1929,publicdomainmovie.net,the-letter-people-29-meet-mister-g-1978_202205,14.5,DESCARTADO,"revisado nesta rodada - identifier aponta para um programa educativo infantil de 1978, não ""The Letter"" (1929)",
Spooks Run Wild_Weirdness bad Movie,1941,publicdomainmovie.net,SpooksRunWild_weirdnessBadMovie,118.3,DESCARTADO,revisado nesta rodada - não verificado com confiança suficiente nesta rodada - fica para revisão futura,
The Sawmill,1922,publicdomainmovie.net,silent-the-sawmill,20.7,DESCARTADO,revisado nesta rodada - não verificado com confiança suficiente nesta rodada - fica para revisão futura,
The Amazing Transparent Man (1960),1960,publicdomainmovie.net,the-amazing-transparent-man-sci-fi-1960,57.6,DESCARTADO,revisado nesta rodada - não verificado com confiança suficiente nesta rodada - fica para revisão futura,
Tol'able David,1921,publicdomainmovie.net,silent-tolable-david,94.2,ADICIONADO,ok,tolable-david-1921
American Aristocracy,1916,publicdomainmovie.net,AmericanAristocracy,51.9,DESCARTADO,revisado nesta rodada - não verificado com confiança suficiente nesta rodada - fica para revisão futura,
The Montana Kid,1931,publicdomainmovie.net,TheMontanaKid,57.6,ADICIONADO,ok,the-montana-kid-1931
Topper Returns 720p 1941,1941,publicdomainmovie.net,,,DESCARTADO,não encontrado no archive.org,
The Outlaw (VOSTFR),1943,publicdomainmovie.net,,,DESCARTADO,não encontrado no archive.org,
Drift Fence,1936,publicdomainmovie.net,DriftFence,55.5,DESCARTADO,"revisado nesta rodada - produção de estúdio grande, sem indício específico de queda em domínio público",
Dr. Christian - Remedy For Riches,1940,publicdomainmovie.net,RemedyForRiches,65.6,DESCARTADO,"revisado nesta rodada - produção de estúdio grande, sem indício específico de queda em domínio público",
The Roaring Road,1919,publicdomainmovie.net,TheRoaringRoad1919,56.7,DESCARTADO,revisado nesta rodada - não verificado com confiança suficiente nesta rodada - fica para revisão futura,
Sepia Cinderella,1947,publicdomainmovie.net,SepiaCinderella,67.4,DESCARTADO,revisado nesta rodada - não verificado com confiança suficiente nesta rodada - fica para revisão futura,
The Hunchback of Notre Dame Part One (1923),1923,publicdomainmovie.net,TheHunchbackOfNotreDamePartOne1923,5,DESCARTADO,revisado nesta rodada - não verificado com confiança suficiente nesta rodada - fica para revisão futura,
Fatty Joins The Force,1913,publicdomainmovie.net,FattyJoinsTheForce720p1913,46.6,DESCARTADO,revisado nesta rodada - não verificado com confiança suficiente nesta rodada - fica para revisão futura,
Springtime In The Sierras,1947,publicdomainmovie.net,SpringtimeInTheSierras,53.4,DESCARTADO,revisado nesta rodada - não verificado com confiança suficiente nesta rodada - fica para revisão futura,
Dunces and Dangers,1918,publicdomainmovie.net,DuncesandDangers,10,DESCARTADO,revisado nesta rodada - não verificado com confiança suficiente nesta rodada - fica para revisão futura,
Meet Dr. Christian,1939,publicdomainmovie.net,MeetDr.Christian,67.9,DESCARTADO,"revisado nesta rodada - produção de estúdio grande, sem indício específico de queda em domínio público",
THE HEART of TEXAS RYAN,1917,publicdomainmovie.net,TheHeartOfTexasRyan,45.4,DESCARTADO,revisado nesta rodada - não verificado com confiança suficiente nesta rodada - fica para revisão futura,
Horror Hotel 720p - 1960,1960,publicdomainmovie.net,,,DESCARTADO,não encontrado no archive.org,
Fatty's Spooning Days,1915,publicdomainmovie.net,FattysSpooningDays_888,11.7,DESCARTADO,revisado nesta rodada - não verificado com confiança suficiente nesta rodada - fica para revisão futura,
Hearts of Humanity,1918,publicdomainmovie.net,1932HeartsOfHumanity,65.2,DESCARTADO,revisado nesta rodada - não verificado com confiança suficiente nesta rodada - fica para revisão futura,
Tumbleweeds,1925,publicdomainmovie.net,silent-tumbleweeds,88.1,DESCARTADO,revisado nesta rodada - não verificado com confiança suficiente nesta rodada - fica para revisão futura,
The Switchtower,1913,publicdomainmovie.net,TheSwitchtower,10.5,DESCARTADO,revisado nesta rodada - não verificado com confiança suficiente nesta rodada - fica para revisão futura,
Swords and Hearts,1911,publicdomainmovie.net,SwordsAndHearts,16.5,DESCARTADO,revisado nesta rodada - não verificado com confiança suficiente nesta rodada - fica para revisão futura,
NOTHING SACRED video quality upgrade,1937,publicdomainmovie.net,NothingSacredVideoQualityUpgrade,73.9,DESCARTADO,"revisado nesta rodada - produção de estúdio grande, sem indício específico de queda em domínio público",
The Dinosaur and the Missing Link: A Prehistoric Tragedy,1915,publicdomainmovie.net,silent-the-dinosaur-and-the-missing-link-a-prehistoric-tragedy,6.4,DESCARTADO,revisado nesta rodada - não verificado com confiança suficiente nesta rodada - fica para revisão futura,
The Sentimental Bloke,1919,publicdomainmovie.net,SentimentalBloke1919,68.8,DESCARTADO,revisado nesta rodada - não verificado com confiança suficiente nesta rodada - fica para revisão futura,
RAGGEDY ROSE (1926),1926,publicdomainmovie.net,RaggedyRose1926_129,54,DESCARTADO,revisado nesta rodada - não verificado com confiança suficiente nesta rodada - fica para revisão futura,
The Wasp Woman (1959),1959,publicdomainmovie.net,the-wasp-woman-1959_202312,73,ADICIONADO,ok,
Mason of the Mounted,1932,publicdomainmovie.net,MasonoftheMounted,52.9,ADICIONADO,ok,mason-of-the-mounted-1932
The Mothering Heart,1913,publicdomainmovie.net,silent-the-mothering-heart,22.8,DESCARTADO,revisado nesta rodada - não verificado com confiança suficiente nesta rodada - fica para revisão futura,
Seven Keys To Baldpate,1917,publicdomainmovie.net,SevenKeysToBaldpate,65.3,DESCARTADO,revisado nesta rodada - não verificado com confiança suficiente nesta rodada - fica para revisão futura,
Quicksand 720p 1950,1950,publicdomainmovie.net,,,DESCARTADO,não encontrado no archive.org,
Boy of the Streets,1937,publicdomainmovie.net,BoyOfTheStreets,76.3,DESCARTADO,revisado nesta rodada - não verificado com confiança suficiente nesta rodada - fica para revisão futura,
Sing Sing Nights,1934,publicdomainmovie.net,Sing_Sing_Nights_1934,59.4,DESCARTADO,revisado nesta rodada - não verificado com confiança suficiente nesta rodada - fica para revisão futura,
Diamond Trail,1933,publicdomainmovie.net,DiamondTrail,57.6,ADICIONADO,ok,diamond-trail-1933
Fatty's Suitless Day,1914,publicdomainmovie.net,FattysSuitlessDay,12.4,DESCARTADO,revisado nesta rodada - não verificado com confiança suficiente nesta rodada - fica para revisão futura,
The Pay-Off,1930,publicdomainmovie.net,the-payoff_1930,70.8,DESCARTADO,revisado nesta rodada - não verificado com confiança suficiente nesta rodada - fica para revisão futura,
Sherlock Holmes And The Secret Weapon 720p 1943,1943,publicdomainmovie.net,,,DESCARTADO,não encontrado no archive.org,
AELITA: QUEEN OF MARS (original version).,1924,publicdomainmovie.net,AelitaQueenOfMarsoriginalVersion,111.5,ADICIONADO,ok,aelita-queen-of-mars-1924
The Burglar's Dilemma,1912,publicdomainmovie.net,silent-the-burglars-dilemma,15.3,DESCARTADO,revisado nesta rodada - não verificado com confiança suficiente nesta rodada - fica para revisão futura,
"Femmine Folli (Foolish Wives, 1921)",1922,publicdomainmovie.net,femminefollifoolishwives1921,74,DESCARTADO,revisado nesta rodada - não verificado com confiança suficiente nesta rodada - fica para revisão futura,
Bucket Of Blood 720p 1959,1959,publicdomainmovie.net,,,DESCARTADO,não encontrado no archive.org,
The Arizona Kid,1939,publicdomainmovie.net,Arizona_Kid_1939,53.1,ADICIONADO,ok,the-arizona-kid-1939
City Without Men (1943),1943,publicdomainmovie.net,city-without-men-1943,74.8,DESCARTADO,revisado nesta rodada - não verificado com confiança suficiente nesta rodada - fica para revisão futura,
J-U-N-K,1920,publicdomainmovie.net,J-U-N-K,23.8,DESCARTADO,revisado nesta rodada - não verificado com confiança suficiente nesta rodada - fica para revisão futura,
Sixteen Fathoms Deep (1934),1934,publicdomainmovie.net,SixteenFathomsDeep1934,56.8,DESCARTADO,revisado nesta rodada - não verificado com confiança suficiente nesta rodada - fica para revisão futura,
His Picture in the Papers,1916,publicdomainmovie.net,His_Picture_in_the_Papers,61.9,DESCARTADO,revisado nesta rodada - não verificado com confiança suficiente nesta rodada - fica para revisão futura,
The Son-of-a-gun (1919),1919,publicdomainmovie.net,TheSon-of-a-gun1919,50.5,DESCARTADO,revisado nesta rodada - não verificado com confiança suficiente nesta rodada - fica para revisão futura,
Pollyanna,1920,publicdomainmovie.net,in-shot-20241231-224114729,138.2,DESCARTADO,revisado nesta rodada - não verificado com confiança suficiente nesta rodada - fica para revisão futura,
The Little American,1917,publicdomainmovie.net,TheLittleAmerican,62.1,DESCARTADO,revisado nesta rodada - não verificado com confiança suficiente nesta rodada - fica para revisão futura,
Flirting With Danger,1934,publicdomainmovie.net,FlirtingWithDanger,63.1,DESCARTADO,revisado nesta rodada - não verificado com confiança suficiente nesta rodada - fica para revisão futura,
Mr. Wong Detective 720p 1938,1938,publicdomainmovie.net,,,DESCARTADO,não encontrado no archive.org,
Where There's A Will (1936),1936,publicdomainmovie.net,WhereTheresAWill1936_864,76.6,DESCARTADO,revisado nesta rodada - não verificado com confiança suficiente nesta rodada - fica para revisão futura,
The County Fair,1920,publicdomainmovie.net,silent-the-county-fair,59.3,DESCARTADO,revisado nesta rodada - não verificado com confiança suficiente nesta rodada - fica para revisão futura,
"Good Morning, Boys (1937)",1937,publicdomainmovie.net,GoodMorningBoys1937,74.7,DESCARTADO,revisado nesta rodada - não verificado com confiança suficiente nesta rodada - fica para revisão futura,
He Walked By Night 720p 1948,1948,publicdomainmovie.net,,,DESCARTADO,não encontrado no archive.org,
Flirting With Fate (1938),1938,publicdomainmovie.net,,,DESCARTADO,não encontrado no archive.org,
Impact 720p,1949,publicdomainmovie.net,abraham-kuyper-calvinism-transformation-of-culture-biography-720p-version,53.9,DESCARTADO,"revisado nesta rodada - identifier aponta para uma palestra religiosa, não o filme",
The Oath and the Man,1910,publicdomainmovie.net,TheOathAndTheMan,11,DESCARTADO,revisado nesta rodada - não verificado com confiança suficiente nesta rodada - fica para revisão futura,
"Home, Sweet Home",1914,publicdomainmovie.net,youtube-aPj5vzZUj6g,0.7,DESCARTADO,"duração incompatível (0.7 min) — provável trailer/clipe, não o filme completo",
A Study In Scarlet 720p 1933,1933,publicdomainmovie.net,,,DESCARTADO,não encontrado no archive.org,
Stella Maris 1918,1918,publicdomainmovie.net,STELLAMARIS1918MaryPickford,83.5,DESCARTADO,revisado nesta rodada - não verificado com confiança suficiente nesta rodada - fica para revisão futura,
THE NORTH STAR video quality upgrade,1943,publicdomainmovie.net,TheNorthStarVideoQualityUpgrade,106.3,DESCARTADO,revisado nesta rodada - não verificado com confiança suficiente nesta rodada - fica para revisão futura,
Enoch Arden,1911,publicdomainmovie.net,EnochArden,33.2,ADICIONADO,ok (limiar de duração mínima corrigido de 40 para 2 min nesta rodada),enoch-arden-1911
Carmen,1915,publicdomainmovie.net,segundo-congreso-de-creacion-femenina-poemas-posteriores-carmen-martin-gaite-192,6.7,DESCARTADO,"revisado nesta rodada - identifier aponta para um congresso literário espanhol, não o filme",
BRIDE OF THE GORILLA (complete version).,1951,publicdomainmovie.net,,,DESCARTADO,não encontrado no archive.org,
RetroVision Theater Presents Swamp Fire 1946,1946,publicdomainmovie.net,Lbines-RetroVisionTheaterPresentsSwampFire1946870,69.3,DESCARTADO,revisado nesta rodada - não verificado com confiança suficiente nesta rodada - fica para revisão futura,
The Sphinx - 1933,1933,publicdomainmovie.net,the-sphinx-1933,62.4,DESCARTADO,revisado nesta rodada - não verificado com confiança suficiente nesta rodada - fica para revisão futura,
Romance Of The Redwoods,1917,publicdomainmovie.net,RomanceOfTheRedwoods,91.2,DESCARTADO,revisado nesta rodada - não verificado com confiança suficiente nesta rodada - fica para revisão futura,
The Virginian,1914,publicdomainmovie.net,the-virginian_202306,54.5,DESCARTADO,revisado nesta rodada - não verificado com confiança suficiente nesta rodada - fica para revisão futura,
Woman In Green 720p 1945,1945,publicdomainmovie.net,,,DESCARTADO,não encontrado no archive.org,
Invisible Ghost 720p 1941,1941,publicdomainmovie.net,InvisibleGhost720p1941,62.8,DESCARTADO,revisado nesta rodada - não verificado com confiança suficiente nesta rodada - fica para revisão futura,
"THE PHANTOM FROM 10,000 LEAGUES widescreen & quality upgrade",1955,publicdomainmovie.net,ThePhantomFrom10000LeaguesWidescreenQualityUpgrade,80.7,DESCARTADO,revisado nesta rodada - não verificado com confiança suficiente nesta rodada - fica para revisão futura,
The Light of Western Stars (1940),1940,publicdomainmovie.net,TheLightOfWesternStars1940,65,DESCARTADO,"revisado nesta rodada - produção de estúdio grande, sem indício específico de queda em domínio público",
The Squaw Man,1914,publicdomainmovie.net,SquawMan,72.6,DESCARTADO,revisado nesta rodada - não verificado com confiança suficiente nesta rodada - fica para revisão futura,
"M'Liss (1918, Mary Pickford, Thomas Meighan)",1918,publicdomainmovie.net,MaryPickford6,72.9,DESCARTADO,revisado nesta rodada - não verificado com confiança suficiente nesta rodada - fica para revisão futura,
Earthworm Tractors 720,1936,publicdomainmovie.net,EarthwormTractors720,68.8,DESCARTADO,revisado nesta rodada - não verificado com confiança suficiente nesta rodada - fica para revisão futura,
The Show,1922,publicdomainmovie.net,DET-012_572287-572466,0.1,DESCARTADO,"duração incompatível (0.1 min) — provável trailer/clipe, não o filme completo",
The Devil Bat 720p 1940,1940,publicdomainmovie.net,TheDevilBat720p1940,72.1,ADICIONADO,ok,
They Made Me A Criminal 720p 1939,1939,publicdomainmovie.net,,,DESCARTADO,não encontrado no archive.org,
Granddad,1913,publicdomainmovie.net,nratv_nr-151217-news-cc-dotd,2.8,DESCARTADO,"revisado nesta rodada - identifier aponta para um noticiário moderno da NRA-TV, não o filme de 1913",
The Hunchback of Notre Dame Part Four (1923),1923,publicdomainmovie.net,TheHunchbackOfNotreDamePartFour1923,5,DESCARTADO,revisado nesta rodada - não verificado com confiança suficiente nesta rodada - fica para revisão futura,
Carnival Of Souls Upgrade,1962,publicdomainmovie.net,CarnivalOfSoulsUpgrade,0,DESCARTADO,nenhum arquivo de vídeo encontrado no item do archive.org,
They Made Me a Criminal (1939),1939,publicdomainmovie.net,TheyMadeMeACriminal1939_201901,91.2,DESCARTADO,revisado nesta rodada - não verificado com confiança suficiente nesta rodada - fica para revisão futura,
Dynamite-1949,1949,publicdomainmovie.net,Dynamite-1949,67.8,DESCARTADO,revisado nesta rodada - não verificado com confiança suficiente nesta rodada - fica para revisão futura,
The Gorilla (1939),1939,publicdomainmovie.net,the-gorilla-1939_202402,65.9,DESCARTADO,"revisado nesta rodada - produção de estúdio grande, sem indício específico de queda em domínio público",
Springtime In The Sierras (1947),1947,publicdomainmovie.net,SpringtimeInTheSierras1947,53.4,DESCARTADO,revisado nesta rodada - não verificado com confiança suficiente nesta rodada - fica para revisão futura,
THE GIANT GILA MONSTER widescreen & quality upgrade,1959,publicdomainmovie.net,TheGiantGilaMonsterWidescreenQualityUpgrade,74.7,DESCARTADO,revisado nesta rodada - não verificado com confiança suficiente nesta rodada - fica para revisão futura,
The Hunchback of Notre Dame Part Three (1923),1923,publicdomainmovie.net,TheHunchbackOfNotreDamePartThree1923,5,DESCARTADO,revisado nesta rodada - não verificado com confiança suficiente nesta rodada - fica para revisão futura,
The Hunchback of Notre Dame Part Two (1923),1923,publicdomainmovie.net,TheHunchbackOfNotreDamePartTwo1923,5,DESCARTADO,revisado nesta rodada - não verificado com confiança suficiente nesta rodada - fica para revisão futura,
White Zombie 720p 1932,1932,publicdomainmovie.net,,,DESCARTADO,não encontrado no archive.org,
Mr. Moto's Last Warning 720p 1939,1939,publicdomainmovie.net,,,DESCARTADO,não encontrado no archive.org,
Exposure 1932,1932,publicdomainmovie.net,Exposure1932,62.1,DESCARTADO,revisado nesta rodada - não verificado com confiança suficiente nesta rodada - fica para revisão futura,
Man In The Attic (with spanish subtitles),1953,publicdomainmovie.net,ManInTheAtticwithSpanishSubtitles,82.1,DESCARTADO,revisado nesta rodada - não verificado com confiança suficiente nesta rodada - fica para revisão futura,
"Wrong Road, The",1937,publicdomainmovie.net,wrong-road,53.1,DESCARTADO,revisado nesta rodada - não verificado com confiança suficiente nesta rodada - fica para revisão futura,
Gamblers Choice,1944,publicdomainmovie.net,gamblers-choice,65.4,DESCARTADO,revisado nesta rodada - não verificado com confiança suficiente nesta rodada - fica para revisão futura,
Suddenly___1954,1954,publicdomainmovie.net,suddenly.-1954,76.9,DESCARTADO,revisado nesta rodada - não verificado com confiança suficiente nesta rodada - fica para revisão futura,
The Scar AKA Hollow Triumph UPGRADE,1948,publicdomainmovie.net,TheScarAKAHollowTriumphUPGRADE,82.5,DESCARTADO,revisado nesta rodada - não verificado com confiança suficiente nesta rodada - fica para revisão futura,
Legion of Missing Men,1937,publicdomainmovie.net,LegionOfMissingMen,62.5,ADICIONADO,ok,legion-of-missing-men-1937
The Eagle (Rudolph Valentino),1925,publicdomainmovie.net,TheEagleRudolphValentinoAppleTV2ndGen..mp4,90.5,DESCARTADO,revisado nesta rodada - não verificado com confiança suficiente nesta rodada - fica para revisão futura,
TheCourageousDr.Christian,1940,publicdomainmovie.net,TheCourageousDr.Christian,66.4,DESCARTADO,"revisado nesta rodada - produção de estúdio grande, sem indício específico de queda em domínio público",
Combat America,1945,publicdomainmovie.net,0137_Combat_America_03_00_56_02,33.8,DESCARTADO,revisado nesta rodada - não verificado com confiança suficiente nesta rodada - fica para revisão futura,
Framed,1930,publicdomainmovie.net,wtvlca-Silent_Short_--_Framed,2.6,DESCARTADO,revisado nesta rodada - duração incompatível (2.6 min) - trecho,
Millie,1931,publicdomainmovie.net,youtube-mbR0dqBYoa4,15,DESCARTADO,revisado nesta rodada - duração incompatível (15 min vs ~85 min reais),
Cobra,1925,publicdomainmovie.net,youtube-FmhpvmxEuEo,2.4,DESCARTADO,revisado nesta rodada - duração incompatível (2.4 min) - trecho,
I'd give my life,1936,publicdomainmovie.net,IdGiveMyLife,80,ADICIONADO,"ok (revisado - indie B-picture, 1936 (dup id))",i-d-give-my-life-1936
The Greatest Question,1919,publicdomainmovie.net,silent-the-greatest-question,81,DESCARTADO,revisado nesta rodada - não verificado com confiança suficiente nesta rodada - fica para revisão futura,
She Goes To War,1929,publicdomainmovie.net,SheGoesToWar1929EleanorBoardmanJohnHollandEdmundBurnsAlmaRubens,49.7,DESCARTADO,revisado nesta rodada - não verificado com confiança suficiente nesta rodada - fica para revisão futura,
The Lost Zeppelin,1929,publicdomainmovie.net,TheLostZeppelin,71.6,DESCARTADO,revisado nesta rodada - não verificado com confiança suficiente nesta rodada - fica para revisão futura,
Mister Antonio,1929,publicdomainmovie.net,MisterAntonio1929LeoCarrilloVirginiaValliGarethHughesFrankReicher,73,DESCARTADO,revisado nesta rodada - não verificado com confiança suficiente nesta rodada - fica para revisão futura,
Her Private Affair,1929,publicdomainmovie.net,her-private-affair_1929,71,DESCARTADO,revisado nesta rodada - não verificado com confiança suficiente nesta rodada - fica para revisão futura,
Paris Bound,1929,publicdomainmovie.net,paris-bound_1929,76.2,DESCARTADO,revisado nesta rodada - não verificado com confiança suficiente nesta rodada - fica para revisão futura,
Inside the Lines ,1930,publicdomainmovie.net,youtube-tDBpdzm_6sY,7.4,DESCARTADO,revisado nesta rodada - duração incompatível (7.4 min) - trecho,
The Corbett-Fitzsimmons Fight,1897,publicdomainmovie.net,TheCorbettFitzsimmonsFight,19.1,DESCARTADO,revisado nesta rodada - não verificado com confiança suficiente nesta rodada - fica para revisão futura,
The Mechanical Man,1921,publicdomainmovie.net,silent-the-mechanical-man,26.3,DESCARTADO,revisado nesta rodada - não verificado com confiança suficiente nesta rodada - fica para revisão futura,
Black Oxen,1923,publicdomainmovie.net,silent-black-oxen,58.5,DESCARTADO,revisado nesta rodada - não verificado com confiança suficiente nesta rodada - fica para revisão futura,
Scaramouche,1923,publicdomainmovie.net,hackernol-00010010-galileo-scaramouche-con-whiskie-con-queen_202204,149.3,DESCARTADO,revisado nesta rodada - identifier não corresponde de forma confiável ao filme,
ZAZA,1923,publicdomainmovie.net,cocorico-na-franca-eua-de-zaza-2009,3.1,DESCARTADO,revisado nesta rodada - identifier aponta para conteúdo de 2009 sem relação com o filme,
The Extra Girl,1923,publicdomainmovie.net,silent-the-extra-girl,69.6,DESCARTADO,revisado nesta rodada - não verificado com confiança suficiente nesta rodada - fica para revisão futura,
Girl Shy,1924,publicdomainmovie.net,silent-girl-shy,77.1,DESCARTADO,revisado nesta rodada - não verificado com confiança suficiente nesta rodada - fica para revisão futura,
Hot Water,1924,publicdomainmovie.net,youtube-i7jWwolGqPI,36.6,DESCARTADO,revisado nesta rodada - não verificado com confiança suficiente nesta rodada - fica para revisão futura,
He Who Gets Slapped,1924,publicdomainmovie.net,silent-he-who-gets-slapped,71.9,ADICIONADO,ok,he-who-gets-slapped-1924
The Signal Tower,1924,publicdomainmovie.net,silent-the-signal-tower,80,DESCARTADO,revisado nesta rodada - não verificado com confiança suficiente nesta rodada - fica para revisão futura,
Romola,1924,publicdomainmovie.net,silent-romola,105.8,DESCARTADO,revisado nesta rodada - não verificado com confiança suficiente nesta rodada - fica para revisão futura,
Beau Brummel,1924,publicdomainmovie.net,silent-beau-brummel,127.2,DESCARTADO,revisado nesta rodada - não verificado com confiança suficiente nesta rodada - fica para revisão futura,
Pretty Ladies,1925,publicdomainmovie.net,silent-pretty-ladies,15.1,DESCARTADO,revisado nesta rodada - não verificado com confiança suficiente nesta rodada - fica para revisão futura,
Dr. Pyckle and Mr. Pryde,1925,publicdomainmovie.net,silent-dr-pyckle-and-mr-pryde,21.5,DESCARTADO,revisado nesta rodada - não verificado com confiança suficiente nesta rodada - fica para revisão futura,
Sally of the Sawdust,1925,publicdomainmovie.net,SallyOfTheSawdust,113.7,DESCARTADO,revisado nesta rodada - não verificado com confiança suficiente nesta rodada - fica para revisão futura,
The Merry Widow,1925,publicdomainmovie.net,the-merry-widow-1925-technicolor-sequence-rare-35mm-russian-nitrate-print-mae-murray,1.9,DESCARTADO,"duração incompatível (1.9 min) — provável trailer/clipe, não o filme completo",
Soul-Fire,1925,publicdomainmovie.net,silent-soul-fire,71.2,DESCARTADO,revisado nesta rodada - não verificado com confiança suficiente nesta rodada - fica para revisão futura,
Daddy's Gone A-Hunting,1925,publicdomainmovie.net,silent-daddys-gone-a-hunting,61.3,DESCARTADO,revisado nesta rodada - não verificado com confiança suficiente nesta rodada - fica para revisão futura,
The Swan,1925,publicdomainmovie.net,the-swan-knight-plus-four-more-fairy-tales-hosca-home-video-1987-vhs,56.6,DESCARTADO,"revisado nesta rodada - identifier aponta para uma compilação de contos de fadas de VHS de 1987, não o filme",
Curses!,1925,publicdomainmovie.net,generational-curses-q-a-timothy-warner,29.8,DESCARTADO,"revisado nesta rodada - identifier aponta para uma palestra religiosa, não o filme",
Parisian Love,1925,publicdomainmovie.net,silent-parisian-love,62,DESCARTADO,revisado nesta rodada - não verificado com confiança suficiente nesta rodada - fica para revisão futura,
The Iron Mule,1925,publicdomainmovie.net,silent-the-iron-mule,19.1,DESCARTADO,revisado nesta rodada - não verificado com confiança suficiente nesta rodada - fica para revisão futura,
Free to Love,1925,publicdomainmovie.net,silent-free-to-love,59.6,DESCARTADO,revisado nesta rodada - não verificado com confiança suficiente nesta rodada - fica para revisão futura,
The Sporting Venus,1925,publicdomainmovie.net,silent-the-sporting-venus,65.3,DESCARTADO,revisado nesta rodada - não verificado com confiança suficiente nesta rodada - fica para revisão futura,
The Primrose Path,1925,publicdomainmovie.net,silent-the-primrose-path,52.5,DESCARTADO,revisado nesta rodada - não verificado com confiança suficiente nesta rodada - fica para revisão futura,
Butter Fingers,1925,publicdomainmovie.net,silent-butter-fingers,16.2,DESCARTADO,revisado nesta rodada - não verificado com confiança suficiente nesta rodada - fica para revisão futura,
Lazybones,1925,publicdomainmovie.net,78_lazybones_jay-wilbur-and-his-band,3.2,DESCARTADO,"revisado nesta rodada - identifier aponta para uma gravação musical de 1932, não o filme",
Riders of the Purple Sage,1925,publicdomainmovie.net,silent-riders-of-the-purple-sage,56.1,DESCARTADO,revisado nesta rodada - não verificado com confiança suficiente nesta rodada - fica para revisão futura,
The Mad Whirl,1925,publicdomainmovie.net,silent-the-mad-whirl,75.9,DESCARTADO,revisado nesta rodada - não verificado com confiança suficiente nesta rodada - fica para revisão futura,
Should Sailors Marry?,1925,publicdomainmovie.net,silent-should-sailors-marry,21.8,DESCARTADO,revisado nesta rodada - não verificado com confiança suficiente nesta rodada - fica para revisão futura,
The Red Kimono,1925,publicdomainmovie.net,,,DESCARTADO,não encontrado no archive.org,
Womanhandled,1925,publicdomainmovie.net,silent-womanhandled,55,DESCARTADO,revisado nesta rodada - não verificado com confiança suficiente nesta rodada - fica para revisão futura,
Black Cyclone,1925,publicdomainmovie.net,silent-black-cyclone,67,DESCARTADO,revisado nesta rodada - não verificado com confiança suficiente nesta rodada - fica para revisão futura,
The King on Main Street,1925,publicdomainmovie.net,silent-the-king-on-main-street,46.5,DESCARTADO,revisado nesta rodada - não verificado com confiança suficiente nesta rodada - fica para revisão futura,
Paint and Powder,1925,publicdomainmovie.net,silent-paint-and-powder,21.8,DESCARTADO,revisado nesta rodada - não verificado com confiança suficiente nesta rodada - fica para revisão futura,
Somewhere in Wrong,1925,publicdomainmovie.net,silent-somewhere-in-wrong,22.4,DESCARTADO,revisado nesta rodada - não verificado com confiança suficiente nesta rodada - fica para revisão futura,
Waking Up the Town,1925,publicdomainmovie.net,silent-waking-up-the-town,41.1,DESCARTADO,revisado nesta rodada - não verificado com confiança suficiente nesta rodada - fica para revisão futura,
Proud Flesh,1925,publicdomainmovie.net,silent-proud-flesh,26.3,DESCARTADO,revisado nesta rodada - não verificado com confiança suficiente nesta rodada - fica para revisão futura,
Lady of the Night,1925,publicdomainmovie.net,silent-lady-of-the-night,19.1,DESCARTADO,revisado nesta rodada - não verificado com confiança suficiente nesta rodada - fica para revisão futura,
The Monster,1925,publicdomainmovie.net,scooby-doo-and-the-monster-of-mexico-bloopers,1.9,DESCARTADO,"duração incompatível (1.9 min) — provável trailer/clipe, não o filme completo",
The Night Club,1925,publicdomainmovie.net,silent-the-night-club,63.4,DESCARTADO,revisado nesta rodada - não verificado com confiança suficiente nesta rodada - fica para revisão futura,
The Plastic Age,1925,publicdomainmovie.net,silent-the-plastic-age,73.5,DESCARTADO,revisado nesta rodada - não verificado com confiança suficiente nesta rodada - fica para revisão futura,
The Clash of the Wolves,1925,publicdomainmovie.net,the-clash-of-the-wolves-1925-by-noel-m.-smith,68.1,DESCARTADO,revisado nesta rodada - não verificado com confiança suficiente nesta rodada - fica para revisão futura,
Dick Turpin,1925,publicdomainmovie.net,silent-dick-turpin,78.5,DESCARTADO,revisado nesta rodada - não verificado com confiança suficiente nesta rodada - fica para revisão futura,
The Lady,1925,publicdomainmovie.net,youtube-L_1cWT25loQ,4.8,DESCARTADO,revisado nesta rodada - duração incompatível (4.8 min) - trecho,
Pampered Youth,1925,publicdomainmovie.net,silent-pampered-youth,28.1,DESCARTADO,revisado nesta rodada - não verificado com confiança suficiente nesta rodada - fica para revisão futura,
A Kiss for Cinderella,1925,publicdomainmovie.net,silent-a-kiss-for-cinderella,102.9,DESCARTADO,revisado nesta rodada - não verificado com confiança suficiente nesta rodada - fica para revisão futura,
The Lucky Devil,1925,publicdomainmovie.net,silent-the-lucky-devil,65.5,DESCARTADO,revisado nesta rodada - não verificado com confiança suficiente nesta rodada - fica para revisão futura,
A Woman of the World,1925,publicdomainmovie.net,silent-a-woman-of-the-world,69,DESCARTADO,revisado nesta rodada - não verificado com confiança suficiente nesta rodada - fica para revisão futura,
The Perfect Clown,1925,publicdomainmovie.net,silent-the-perfect-clown,50.5,DESCARTADO,revisado nesta rodada - não verificado com confiança suficiente nesta rodada - fica para revisão futura,
California Straight Ahead,1925,publicdomainmovie.net,silent-california-straight-ahead,91.1,DESCARTADO,revisado nesta rodada - não verificado com confiança suficiente nesta rodada - fica para revisão futura,
The Unchastened Woman,1925,publicdomainmovie.net,silent-the-unchastened-woman,54.1,DESCARTADO,revisado nesta rodada - não verificado com confiança suficiente nesta rodada - fica para revisão futura,
The Pony Express,1925,publicdomainmovie.net,cmcnbca-The_Pony_Express,5.1,DESCARTADO,revisado nesta rodada - duração incompatível (5.1 min vs ~100 min reais),
Shore Leave,1925,publicdomainmovie.net,shore-leave-first-national-1925,90,DESCARTADO,revisado nesta rodada - não verificado com confiança suficiente nesta rodada - fica para revisão futura,
The Rag Man,1925,publicdomainmovie.net,silent-the-rag-man,29.9,DESCARTADO,revisado nesta rodada - não verificado com confiança suficiente nesta rodada - fica para revisão futura,
"Don Q, Son of Zorro",1925,publicdomainmovie.net,turner_video_99231,1.2,DESCARTADO,"duração incompatível (1.2 min) — provável trailer/clipe, não o filme completo",
The Road to Yesterday,1925,publicdomainmovie.net,silent-the-road-to-yesterday,104.7,DESCARTADO,revisado nesta rodada - não verificado com confiança suficiente nesta rodada - fica para revisão futura,
On the Front Page,1926,publicdomainmovie.net,youtube-_3jS1z_JQes,0.6,DESCARTADO,"duração incompatível (0.6 min) — provável trailer/clipe, não o filme completo",
Don Juan,1926,publicdomainmovie.net,youtube--JhuabfpU_k,2.6,DESCARTADO,revisado nesta rodada - duração incompatível (2.6 min) - trecho,
What Price Glory?,1926,publicdomainmovie.net,whatpriceglory1926raoulwalsh,120.8,DESCARTADO,revisado nesta rodada - não verificado com confiança suficiente nesta rodada - fica para revisão futura,
Ella Cinders,1926,publicdomainmovie.net,michael_amanandamouse_EC,51.7,DESCARTADO,revisado nesta rodada - não verificado com confiança suficiente nesta rodada - fica para revisão futura,
7th Heaven,1927,publicdomainmovie.net,MNN-001_573265-574175,0.5,DESCARTADO,"duração incompatível (0.5 min) — provável trailer/clipe, não o filme completo",
The Jazz Singer,1927,publicdomainmovie.net,the-jazz-singer_1927,96.2,DESCARTADO,revisado nesta rodada - não verificado com confiança suficiente nesta rodada - fica para revisão futura,
Old San Francisco,1927,publicdomainmovie.net,01-oldrec-20240211224535,88.1,DESCARTADO,revisado nesta rodada - não verificado com confiança suficiente nesta rodada - fica para revisão futura,
Uncle Tom's Cabin,1927,publicdomainmovie.net,uncle-toms-cabin_1928,111.8,DESCARTADO,revisado nesta rodada - não verificado com confiança suficiente nesta rodada - fica para revisão futura,
When a Man Loves,1927,publicdomainmovie.net,when-a-man-loves-1927_202506,112.5,DESCARTADO,revisado nesta rodada - não verificado com confiança suficiente nesta rodada - fica para revisão futura,
Street Angel,1928,publicdomainmovie.net,street-angel_1928,101.5,DESCARTADO,revisado nesta rodada - não verificado com confiança suficiente nesta rodada - fica para revisão futura,
Fazil,1928,publicdomainmovie.net,y-2mate.com-necip-fazil-kisakurek-destan-480p,3.3,DESCARTADO,"revisado nesta rodada - identifier aponta para conteúdo turco sem relação, não ""Fazil"" (1928)",
Lights of New York,1928,publicdomainmovie.net,lights-of-new-york-1928-first-all-talking-movie-warner-bros-new-hd-restoration,57.7,DESCARTADO,revisado nesta rodada - não verificado com confiança suficiente nesta rodada - fica para revisão futura,
White Shadows in the South Seas,1928,publicdomainmovie.net,white-shadows-in-the-south-seas_1928,85.1,DESCARTADO,revisado nesta rodada - não verificado com confiança suficiente nesta rodada - fica para revisão futura,
Submarine,1928,publicdomainmovie.net,fallout-4-chinese-submarine-all-companions-comments,2.1,DESCARTADO,"revisado nesta rodada - identifier aponta para um vídeo de videogame, não o filme",
Our Dancing Daughters,1928,publicdomainmovie.net,our-dancing-daughters_1928,83.6,DESCARTADO,revisado nesta rodada - não verificado com confiança suficiente nesta rodada - fica para revisão futura,
The Singing Fool,1928,publicdomainmovie.net,,,DESCARTADO,não encontrado no archive.org,
Beggars of Life,1928,publicdomainmovie.net,beggars-of-life_1928,102.2,DESCARTADO,revisado nesta rodada - não verificado com confiança suficiente nesta rodada - fica para revisão futura,
Lonesome,1928,publicdomainmovie.net,charlie-the-lonesome-cougar,0,DESCARTADO,nenhum arquivo de vídeo encontrado no item do archive.org,
Lilac Time,1928,publicdomainmovie.net,ElGranCombate1928USALilacTime,91.9,DESCARTADO,revisado nesta rodada - não verificado com confiança suficiente nesta rodada - fica para revisão futura,
Noah's Ark,1928,publicdomainmovie.net,NoahsArk_793,5.4,DESCARTADO,revisado nesta rodada - duração incompatível (5.4 min vs ~135 min reais),
The Viking,1928,publicdomainmovie.net,youtube-kQjLnWqBflI,118.5,DESCARTADO,revisado nesta rodada - não verificado com confiança suficiente nesta rodada - fica para revisão futura,
Interference,1928,publicdomainmovie.net,youtube-X7I_i4u8flM,10.9,DESCARTADO,revisado nesta rodada - duração incompatível (10.9 min vs ~80 min reais),
The Wind,1928,publicdomainmovie.net,whistleinthewind,15.8,DESCARTADO,revisado nesta rodada - duração incompatível (15.8 min vs ~78 min reais),
Riley the Cop,1928,publicdomainmovie.net,riley-the-cop_1928,66.5,DESCARTADO,revisado nesta rodada - não verificado com confiança suficiente nesta rodada - fica para revisão futura,
The Red Dance,1928,publicdomainmovie.net,the-red-dance_1928,94.1,DESCARTADO,revisado nesta rodada - não verificado com confiança suficiente nesta rodada - fica para revisão futura,
Speedy,1928,publicdomainmovie.net,c64-demo-capture-success-the-ruling-company-speedy-slug-1996,5.7,DESCARTADO,"revisado nesta rodada - identifier aponta para uma demo de Commodore 64, não o filme",
A Woman of Affairs,1928,publicdomainmovie.net,a-woman-of-affairs_1928,90.9,DESCARTADO,revisado nesta rodada - não verificado com confiança suficiente nesta rodada - fica para revisão futura,
The Docks of New York,1928,publicdomainmovie.net,the-docks-of-new-york-1928,75.4,DESCARTADO,revisado nesta rodada - não verificado com confiança suficiente nesta rodada - fica para revisão futura,
Sailor's Holiday,1929,publicdomainmovie.net,Sailors_Holiday_P1,10.1,DESCARTADO,revisado nesta rodada - não verificado com confiança suficiente nesta rodada - fica para revisão futura,
The Talk Of Hollywood ,1929,publicdomainmovie.net,the-talk-of-hollywood_1929,71.7,DESCARTADO,revisado nesta rodada - não verificado com confiança suficiente nesta rodada - fica para revisão futura,
The Flying Fleet,1929,publicdomainmovie.net,the-flying-fleet_1929,86.9,DESCARTADO,revisado nesta rodada - não verificado com confiança suficiente nesta rodada - fica para revisão futura,
The Broadway Melody,1929,publicdomainmovie.net,the-broadway-melody_1929,208.5,DESCARTADO,revisado nesta rodada - não verificado com confiança suficiente nesta rodada - fica para revisão futura,
Lucky Boy,1929,publicdomainmovie.net,lucky-boy-1929,79,DESCARTADO,revisado nesta rodada - não verificado com confiança suficiente nesta rodada - fica para revisão futura,
Redskin,1929,publicdomainmovie.net,Redskin_Blues_1932,6,ADICIONADO,ok (limiar de duração mínima corrigido de 40 para 2 min nesta rodada),tom-and-jerry-redskin-blues-1932
Wild Orchids,1929,publicdomainmovie.net,wild-orchids_1929,99.7,DESCARTADO,revisado nesta rodada - não verificado com confiança suficiente nesta rodada - fica para revisão futura,
The Canary Murder Case,1929,publicdomainmovie.net,CanaryMurderCase,76.9,DESCARTADO,revisado nesta rodada - não verificado com confiança suficiente nesta rodada - fica para revisão futura,
The Younger Generation,1929,publicdomainmovie.net,xsited-JcilQQSqkOF4,1.9,DESCARTADO,"duração incompatível (1.9 min) — provável trailer/clipe, não o filme completo",
The Shakedown,1929,publicdomainmovie.net,the-shakedown_1929,73,DESCARTADO,revisado nesta rodada - não verificado com confiança suficiente nesta rodada - fica para revisão futura,
Why Be Good?,1929,publicdomainmovie.net,why-be-good_1930,81.2,DESCARTADO,revisado nesta rodada - não verificado com confiança suficiente nesta rodada - fica para revisão futura,
Syncopation,1929,publicdomainmovie.net,syncopation,0.1,DESCARTADO,"duração incompatível (0.1 min) — provável trailer/clipe, não o filme completo",
Chinatown Nights,1929,publicdomainmovie.net,ChinatownNights,78.9,DESCARTADO,revisado nesta rodada - não verificado com confiança suficiente nesta rodada - fica para revisão futura,
The Wild Party,1929,publicdomainmovie.net,the-wild-party-1929,77,DESCARTADO,revisado nesta rodada - não verificado com confiança suficiente nesta rodada - fica para revisão futura,
Coquette,1929,publicdomainmovie.net,youtube-jQ8gj7FiVZM,2.1,DESCARTADO,revisado nesta rodada - duração incompatível (2.1 min) - trecho,
The Hole in the Wall,1929,publicdomainmovie.net,youtube-1MpZIHZpIG4,3.5,DESCARTADO,revisado nesta rodada - duração incompatível (3.5 min) - trecho,
Gentlemen of the Press,1929,publicdomainmovie.net,gentlemen-of-the-press_1929,76,DESCARTADO,revisado nesta rodada - não verificado com confiança suficiente nesta rodada - fica para revisão futura,
The Black Watch,1929,publicdomainmovie.net,the-black-watch,91.5,DESCARTADO,revisado nesta rodada - não verificado com confiança suficiente nesta rodada - fica para revisão futura,
The Squall,1929,publicdomainmovie.net,rec-20231111154104,102.3,DESCARTADO,revisado nesta rodada - não verificado com confiança suficiente nesta rodada - fica para revisão futura,
Border Romance,1929,publicdomainmovie.net,border-romance_1929,57.3,DESCARTADO,revisado nesta rodada - não verificado com confiança suficiente nesta rodada - fica para revisão futura,
The Man I Love,1929,publicdomainmovie.net,the-man-i-love_1929,69.3,DESCARTADO,revisado nesta rodada - não verificado com confiança suficiente nesta rodada - fica para revisão futura,
The Trial of Mary Dugan,1929,publicdomainmovie.net,the-trial-of-mary-dugan,5.2,DESCARTADO,revisado nesta rodada - duração incompatível (5.2 min vs ~71 min reais),
Broadway Babies,1929,publicdomainmovie.net,feministelizabeth_gmail_Bb,86.1,DESCARTADO,revisado nesta rodada - não verificado com confiança suficiente nesta rodada - fica para revisão futura,
Behind That Curtain,1929,publicdomainmovie.net,behind-that-curtain_1929,90.9,DESCARTADO,revisado nesta rodada - não verificado com confiança suficiente nesta rodada - fica para revisão futura,
The Man and the Moment,1929,publicdomainmovie.net,the-man-and-the-moment_1929,79,DESCARTADO,revisado nesta rodada - não verificado com confiança suficiente nesta rodada - fica para revisão futura,
Dangerous Curves,1929,publicdomainmovie.net,dangerous-curves_1929,76.8,DESCARTADO,revisado nesta rodada - não verificado com confiança suficiente nesta rodada - fica para revisão futura,
The Flying Fool,1929,publicdomainmovie.net,theflyingfool,73.2,DESCARTADO,revisado nesta rodada - não verificado com confiança suficiente nesta rodada - fica para revisão futura,
The Divine Lady,1929,publicdomainmovie.net,the-divine-lady-1929_202507,97.8,DESCARTADO,revisado nesta rodada - não verificado com confiança suficiente nesta rodada - fica para revisão futura,
Thunderbolt,1929,publicdomainmovie.net,classic-siren-recordings-thunderbolt-1000-t-in-alert-1,1.8,DESCARTADO,"duração incompatível (1.8 min) — provável trailer/clipe, não o filme completo",
Marianne,1929,publicdomainmovie.net,twitter-1205730473311256577,1.7,DESCARTADO,"duração incompatível (1.7 min) — provável trailer/clipe, não o filme completo",
The Greene Murder Case,1929,publicdomainmovie.net,the-greene-murder-case_1929,66.9,DESCARTADO,revisado nesta rodada - não verificado com confiança suficiente nesta rodada - fica para revisão futura,
Salute,1929,publicdomainmovie.net,cocrkfl-Veteran_Sy_Shved_Salute_Coconut_Creek_Florida,0.3,DESCARTADO,"duração incompatível (0.3 min) — provável trailer/clipe, não o filme completo",
The Unholy Night,1929,publicdomainmovie.net,the-unholy-night_1929,92.9,DESCARTADO,revisado nesta rodada - não verificado com confiança suficiente nesta rodada - fica para revisão futura,
The Lady Lies,1929,publicdomainmovie.net,the-lady-lies_1929,73.1,DESCARTADO,revisado nesta rodada - não verificado com confiança suficiente nesta rodada - fica para revisão futura,
Woman Trap,1929,publicdomainmovie.net,woman-trap_1929,65.3,DESCARTADO,revisado nesta rodada - não verificado com confiança suficiente nesta rodada - fica para revisão futura,
The Mysterious Island,1929,publicdomainmovie.net,the-mysterious-island-1929,94.7,DESCARTADO,revisado nesta rodada - não verificado com confiança suficiente nesta rodada - fica para revisão futura,
So Long Letty,1929,publicdomainmovie.net,so-long-letty_1929,64.1,DESCARTADO,revisado nesta rodada - não verificado com confiança suficiente nesta rodada - fica para revisão futura,
The Thirteenth Chair,1929,publicdomainmovie.net,the-thirteenth-chair_1929,72.4,DESCARTADO,revisado nesta rodada - não verificado com confiança suficiente nesta rodada - fica para revisão futura,
The Saturday Night Kid,1929,publicdomainmovie.net,the-saturday-night-kid_1929,63.8,DESCARTADO,revisado nesta rodada - não verificado com confiança suficiente nesta rodada - fica para revisão futura,
Half Marriage,1929,publicdomainmovie.net,HalfMarriage1929_201511,68.5,DESCARTADO,revisado nesta rodada - não verificado com confiança suficiente nesta rodada - fica para revisão futura,
Night Parade,1929,publicdomainmovie.net,colctx-Holiday_In_The_Park_Grand_Night_Parade_2011,3.8,DESCARTADO,"revisado nesta rodada - identifier aponta para um vídeo de parada de parque de 2011, não o filme",
The Locked Door,1929,publicdomainmovie.net,TheLockedDoor1929,73.4,DESCARTADO,revisado nesta rodada - não verificado com confiança suficiente nesta rodada - fica para revisão futura,
Painted Faces,1929,publicdomainmovie.net,Painted_Faces,107.7,DESCARTADO,revisado nesta rodada - não verificado com confiança suficiente nesta rodada - fica para revisão futura,
Hell's Heroes,1929,publicdomainmovie.net,hells-heroes_1930,67.8,DESCARTADO,revisado nesta rodada - não verificado com confiança suficiente nesta rodada - fica para revisão futura,
Dynamite,1929,publicdomainmovie.net,funny_or_die_video_9f8a079486,4,DESCARTADO,"revisado nesta rodada - identifier aponta para conteúdo do site Funny or Die, não o filme",
Half Way to Heaven,1929,publicdomainmovie.net,half-way-to-heaven_1929,66,DESCARTADO,revisado nesta rodada - não verificado com confiança suficiente nesta rodada - fica para revisão futura,
The Marriage Playground,1929,publicdomainmovie.net,the-marriage-playground_1929,75.8,DESCARTADO,revisado nesta rodada - não verificado com confiança suficiente nesta rodada - fica para revisão futura,
Sally,1929,publicdomainmovie.net,youtube-X0Sn4Cu-s3Y,15,DESCARTADO,revisado nesta rodada - duração incompatível (15 min vs ~88 min reais),
Mexicali Rose,1929,publicdomainmovie.net,mexicali-rose_1929,60,DESCARTADO,revisado nesta rodada - não verificado com confiança suficiente nesta rodada - fica para revisão futura,
His First Command,1929,publicdomainmovie.net,202531_His_First_Command_R4,8.4,DESCARTADO,revisado nesta rodada - duração incompatível (8.4 min vs ~62 min reais),
Condemned,1929,publicdomainmovie.net,g4tv.com-video30564,0.4,DESCARTADO,"duração incompatível (0.4 min) — provável trailer/clipe, não o filme completo",
A Lady to Love,1930,publicdomainmovie.net,a-lady-to-love_1930,108.2,DESCARTADO,revisado nesta rodada - não verificado com confiança suficiente nesta rodada - fica para revisão futura,
The Silver Horde,1930,publicdomainmovie.net,SilverHorde1930,74.6,DESCARTADO,revisado nesta rodada - não verificado com confiança suficiente nesta rodada - fica para revisão futura,
Conspiracy,1930,publicdomainmovie.net,youtube-8wW2cNlOjpw,9.9,DESCARTADO,revisado nesta rodada - duração incompatível (9.9 min vs ~72 min reais),
The Royal Bed,1931,publicdomainmovie.net,ClassicRoyalBed31,72.2,DESCARTADO,revisado nesta rodada - não verificado com confiança suficiente nesta rodada - fica para revisão futura,
A Strange Adventure,1932,publicdomainmovie.net,Strange_Adventure_1932,59.9,DESCARTADO,revisado nesta rodada - não verificado com confiança suficiente nesta rodada - fica para revisão futura,
Deluge,1933,publicdomainmovie.net,deluge-eventsASL,0.1,DESCARTADO,"duração incompatível (0.1 min) — provável trailer/clipe, não o filme completo",
Strange People,1933,publicdomainmovie.net,strangepeople,60.5,DESCARTADO,revisado nesta rodada - não verificado com confiança suficiente nesta rodada - fica para revisão futura,
A Girl of the Limberlost,1934,publicdomainmovie.net,agotl112245480,80.7,DESCARTADO,revisado nesta rodada - não verificado com confiança suficiente nesta rodada - fica para revisão futura,
Female Fugitive,1938,publicdomainmovie.net,FemaleFugitive,55.2,DESCARTADO,revisado nesta rodada - não verificado com confiança suficiente nesta rodada - fica para revisão futura,
Midnight Limited,1940,publicdomainmovie.net,Midnight_Limited--1940,61.4,DESCARTADO,revisado nesta rodada - não verificado com confiança suficiente nesta rodada - fica para revisão futura,
The Great Alaskan Mystery,1944,publicdomainmovie.net,great_alaskan_mystery_13l,16.6,DESCARTADO,revisado nesta rodada - não verificado com confiança suficiente nesta rodada - fica para revisão futura,
Big Town After Dark,1947,publicdomainmovie.net,1947-big-town-after-dark-william-c.-thomas-vo,69.8,DESCARTADO,revisado nesta rodada - não verificado com confiança suficiente nesta rodada - fica para revisão futura,
Man of Conflict,1953,publicdomainmovie.net,Man_of_Conflict_1953,70.4,DESCARTADO,revisado nesta rodada - não verificado com confiança suficiente nesta rodada - fica para revisão futura,
A Word to the Wives...,1955,publicdomainmovie.net,a-word-to-the-wives...-1955,13.5,DESCARTADO,revisado nesta rodada - não verificado com confiança suficiente nesta rodada - fica para revisão futura,
God's Little Acre,1958,publicdomainmovie.net,turner_video_15320,1,DESCARTADO,"duração incompatível (1 min) — provável trailer/clipe, não o filme completo",
A Lust To Kill,1958,publicdomainmovie.net,A_Lust_To_Kill--1958,70.5,DESCARTADO,revisado nesta rodada - não verificado com confiança suficiente nesta rodada - fica para revisão futura,
Last Clear Chance,1959,publicdomainmovie.net,79694-the-last-clear-chance,23.8,DESCARTADO,revisado nesta rodada - não verificado com confiança suficiente nesta rodada - fica para revisão futura,
The Strangler,1963,publicdomainmovie.net,The_Strangler_1963,89.1,DESCARTADO,revisado nesta rodada - não verificado com confiança suficiente nesta rodada - fica para revisão futura,
"Bulleteers, The",1942,publicdomainmovie.net,bulleteers,8,ADICIONADO,ok (revisado - Fleischer Superman - well-documented PD set),bulleteers-the-1942
Swiss Trick,1931,publicdomainmovie.net,swiss_trick,7.2,DESCARTADO,revisado nesta rodada - não verificado com confiança suficiente nesta rodada - fica para revisão futura,
Superman The Magnetic Telescope,1942,publicdomainmovie.net,Superman_The_Magnetic_Telescope,7.7,ADICIONADO,ok (revisado - Fleischer Superman - well-documented PD set),superman-the-magnetic-telescope-1942
Private SNAFU - Booby Traps,1943,publicdomainmovie.net,snafu_booby_traps,4.4,ADICIONADO,"ok (revisado - Private Snafu - US Army production, well-documented PD)",private-snafu-booby-traps-1943
Betty Boop: Parade of the Wooden Soldiers,1933,publicdomainmovie.net,bb_parade_of_the_wooden_soldiers,8,ADICIONADO,ok (limiar de duração mínima corrigido de 40 para 2 min nesta rodada),parade-of-the-wooden-soldiers-1933
Customers Wanted,1939,publicdomainmovie.net,customers_wanted,7.2,DESCARTADO,revisado nesta rodada - não verificado com confiança suficiente nesta rodada - fica para revisão futura,
Billion Dollar Limited,1942,publicdomainmovie.net,superman_billion_dollar_limited,8.4,ADICIONADO,ok (limiar de duração mínima corrigido de 40 para 2 min nesta rodada),billion-dollar-limited-1942
Little Lulu: Bargain Counter Attack,1946,publicdomainmovie.net,little_lulu_bargain_counter_attack,7.6,ADICIONADO,ok (limiar de duração mínima corrigido de 40 para 2 min nesta rodada),little-lulu-bargain-counter-attack-1946
Christmas Comes But Once A Year,1936,publicdomainmovie.net,merriemelodieswithgrampycolor1936-1,8.3,DESCARTADO,revisado nesta rodada - não verificado com confiança suficiente nesta rodada - fica para revisão futura,
"Betty Boop: Morning, Noon And Night",1933,publicdomainmovie.net,bb_morning_noon_and_night,7.5,ADICIONADO,ok (revisado - Betty Boop - well-documented PD set),betty-boop-morning-noon-and-night-1933
Betty Boop: Not Now,1935,publicdomainmovie.net,bb_not_now,6.4,ADICIONADO,ok (revisado - Betty Boop - well-documented PD set),betty-boop-not-now-1935
The Friendly Ghost,1945,publicdomainmovie.net,casper-under-the-sea-1950,8.1,DESCARTADO,"revisado nesta rodada - identifier corresponde a um curta diferente do título coletado (""The Friendly Ghost"", 1945) - inconsistência de dados",
Piano Tooners,1932,publicdomainmovie.net,piano_tooners,7.3,ADICIONADO,"ok (revisado - Ub Iwerks Flip the Frog - independent production, well-documented PD)",piano-tooners-1932
Betty Boop: Training Pigeons,1936,publicdomainmovie.net,Betty_Boop_Training_Pigeons_1936,6.5,ADICIONADO,ok (revisado - Betty Boop - well-documented PD set),betty-boop-training-pigeons-1936
Betty Boop: A Language All My Own,1935,publicdomainmovie.net,Betty_Boop_a_Language_All_My_Own_1935,5.6,ADICIONADO,ok (limiar de duração mínima corrigido de 40 para 2 min nesta rodada),a-language-all-my-own-1935
Pencil Mania,1932,publicdomainmovie.net,pencilmania,6.8,ADICIONADO,"ok (revisado - Ub Iwerks Flip the Frog - independent production, well-documented PD)",pencil-mania-1932
Betty Boop: Swat The Fly,1935,publicdomainmovie.net,bb_swat_the_fly,5.5,ADICIONADO,ok (revisado - Betty Boop - well-documented PD set),betty-boop-swat-the-fly-1935
Betty Boop: The Impractical Joker,1937,publicdomainmovie.net,bb_the_impractical_joker,6.2,ADICIONADO,ok (limiar de duração mínima corrigido de 40 para 2 min nesta rodada),the-impractical-joker-1937
Betty Boop: A Song A Day,1936,publicdomainmovie.net,Betty_Boop_A_Song_A_Day_1936_457,6.9,ADICIONADO,ok (revisado - Betty Boop - well-documented PD set),betty-boop-a-song-a-day-1936
Gabby Goes Fishing,1941,publicdomainmovie.net,Gabby_Goes_Fishing_1941,7.4,ADICIONADO,ok (limiar de duração mínima corrigido de 40 para 2 min nesta rodada),gabby-goes-fishing-1941
Betty Boop: Poor Cinderella,1934,publicdomainmovie.net,Betty_Boop_Poor_Cinderella_1934,10.6,ADICIONADO,ok (limiar de duração mínima corrigido de 40 para 2 min nesta rodada),poor-cinderella-1934
Felix the Cat in Neptune Nonsense,1936,publicdomainmovie.net,Felix_NeptuneNonsense,7.1,ADICIONADO,ok (limiar de duração mínima corrigido de 40 para 2 min nesta rodada),felix-the-cat-in-neptune-nonsense-1936
Little Dutch Mill,1934,publicdomainmovie.net,LittleDutchMill1934,8.5,DESCARTADO,revisado nesta rodada - não verificado com confiança suficiente nesta rodada - fica para revisão futura,
Scrub Me Mama With A Boogie Beat,1941,publicdomainmovie.net,youtube-Q7cvsh2iIwQ,6.8,DESCARTADO,revisado nesta rodada - não verificado com confiança suficiente nesta rodada - fica para revisão futura,
Mechanical Monsters,1941,publicdomainmovie.net,mechanical_monsters_1941,10.2,ADICIONADO,ok (revisado - Fleischer Superman - well-documented PD set),mechanical-monsters-1941
Rocketeers,1932,publicdomainmovie.net,DoubleACS_GirlsSoccer0808,93.4,DESCARTADO,"revisado nesta rodada - identifier aponta para um vídeo de futebol feminino, não o filme",
Superman: Terror on the Midway,1942,publicdomainmovie.net,superman_terror_on_the_midway,8,ADICIONADO,ok (limiar de duração mínima corrigido de 40 para 2 min nesta rodada),terror-on-the-midway-1942
"Spanish Twist, A",1932,publicdomainmovie.net,spanish_twist,5.9,DESCARTADO,revisado nesta rodada - não verificado com confiança suficiente nesta rodada - fica para revisão futura,
Tom and Jerry: The Tuba Tooter,1932,publicdomainmovie.net,The_Tuba_Tooter_1932,6.7,ADICIONADO,ok (limiar de duração mínima corrigido de 40 para 2 min nesta rodada),tom-and-jerry-the-tuba-tooter-1932
Tom and Jerry: Redskin Blues,1932,publicdomainmovie.net,Redskin_Blues_1932,6,ADICIONADO,ok (limiar de duração mínima corrigido de 40 para 2 min nesta rodada),tom-and-jerry-redskin-blues-1932
Felix: All Puzzled,1924,publicdomainmovie.net,Felix_AllPuzzled_NoAudio,3.3,ADICIONADO,ok (limiar de duração mínima corrigido de 40 para 2 min nesta rodada),felix-all-puzzled-1924
Felix the Cat in April Maze,1930,publicdomainmovie.net,Felix_AprilMaze_NoAudio,9.6,ADICIONADO,ok (limiar de duração mínima corrigido de 40 para 2 min nesta rodada),felix-the-cat-in-april-maze-1930
Jungle Drums,1943,publicdomainmovie.net,jungle_drums,7.8,DESCARTADO,revisado nesta rodada - não verificado com confiança suficiente nesta rodada - fica para revisão futura,
Little Lulu: Bored of Education,1946,publicdomainmovie.net,LLBoredOfEducation,6.6,ADICIONADO,ok (limiar de duração mínima corrigido de 40 para 2 min nesta rodada),little-lulu-bored-of-education-1946
Dancing On The Moon,1935,publicdomainmovie.net,Dancing_On_The_Moon_1935,7.6,DESCARTADO,revisado nesta rodada - não verificado com confiança suficiente nesta rodada - fica para revisão futura,
Arctic Giant,1942,publicdomainmovie.net,SupermanTheArcticGiant1942YouTube,8.6,ADICIONADO,ok (revisado - Fleischer Superman - well-documented PD set),arctic-giant-1942
Peeping Penguins,1937,publicdomainmovie.net,Peeping_Penguins_1937,7.3,DESCARTADO,revisado nesta rodada - não verificado com confiança suficiente nesta rodada - fica para revisão futura,
Felix the Cat in Two-Lip Time,1926,publicdomainmovie.net,Felix_TwoLipTime_NoAudio,10,ADICIONADO,ok (limiar de duração mínima corrigido de 40 para 2 min nesta rodada),felix-the-cat-in-two-lip-time-1926
Felix Finds Out,1924,publicdomainmovie.net,Felix_FindsOut_NoAudio,11,ADICIONADO,ok (limiar de duração mínima corrigido de 40 para 2 min nesta rodada),felix-finds-out-1924
A Song Of The Birds,1935,publicdomainmovie.net,A_Song_Of_The_Birds_1935,7.3,DESCARTADO,revisado nesta rodada - não verificado com confiança suficiente nesta rodada - fica para revisão futura,
Little Lulu: Cad and Caddy,1947,publicdomainmovie.net,Little_Lulu_Cad_And_Caddy_1947,7.5,ADICIONADO,ok (limiar de duração mínima corrigido de 40 para 2 min nesta rodada),little-lulu-cad-and-caddy-1947
A Car-Tune Portrait,1937,publicdomainmovie.net,A_Car-Tune_Portrait_1937,7,DESCARTADO,revisado nesta rodada - não verificado com confiança suficiente nesta rodada - fica para revisão futura,
Superman: Jungle Drums,1943,publicdomainmovie.net,superman_jungle_drums,7.8,ADICIONADO,ok (limiar de duração mínima corrigido de 40 para 2 min nesta rodada),jungle-drums-1943
"Magnetic Telescope, The",1942,publicdomainmovie.net,magnetic_telescope,7.6,ADICIONADO,ok (limiar de duração mínima corrigido de 40 para 2 min nesta rodada),the-magnetic-telescope-1942
Princess Iron Fan (Tien Shan Gong Zhu),1941,publicdomainmovie.net,Princess_Iron_Fan_1941_divx5_denoised,75.4,DESCARTADO,revisado nesta rodada - não verificado com confiança suficiente nesta rodada - fica para revisão futura,
"Fireman's Life, A",1933,publicdomainmovie.net,firemans_life,6.5,ADICIONADO,"ok (revisado - Ub Iwerks Flip the Frog - independent production, well-documented PD)",fireman-s-life-a-1933
Molly Moo-Cow and the Indians,1935,publicdomainmovie.net,Molly_Moo-Cow_and_the_Indians_1935,7.6,DESCARTADO,revisado nesta rodada - não verificado com confiança suficiente nesta rodada - fica para revisão futura,
Play Safe,1936,publicdomainmovie.net,BillSpragueCollectionChasingChooChoosFinal2ReelsFromPLAYSAFEPUBLICDOMAINFacebookVideo,22.4,DESCARTADO,revisado nesta rodada - não verificado com confiança suficiente nesta rodada - fica para revisão futura,
Superman: The Underground World,1943,publicdomainmovie.net,superman_underground_world,7.9,ADICIONADO,ok (limiar de duração mínima corrigido de 40 para 2 min nesta rodada),the-underground-world-1943
Felix Gets the Can,1924,publicdomainmovie.net,Felix_GetstheCan_NoAudio,10,ADICIONADO,ok (limiar de duração mínima corrigido de 40 para 2 min nesta rodada),felix-gets-the-can-1924
Billion Dollar Limited,1950,publicdomainmovie.net,superman_billion_dollar_limited,8.4,ADICIONADO,ok (limiar de duração mínima corrigido de 40 para 2 min nesta rodada),billion-dollar-limited-1942
Betty Boop: Whoops! I'm a Cowboy,1937,publicdomainmovie.net,Betty_Boop_Whoops_Im_a_Cowboy_1937,6.4,ADICIONADO,ok (limiar de duração mínima corrigido de 40 para 2 min nesta rodada),whoops-im-a-cowboy-1937
Betty Boop: Baby Be Good,1935,publicdomainmovie.net,Betty_Boop_Baby_Be_Good_1935,7.7,ADICIONADO,ok (limiar de duração mínima corrigido de 40 para 2 min nesta rodada),baby-be-good-1935
Toonerville Trolley: Trolley Ahoy,1936,publicdomainmovie.net,Toonerville_Trolley_Trolley_Ahoy_1936,7.5,DESCARTADO,revisado nesta rodada - não verificado com confiança suficiente nesta rodada - fica para revisão futura,
Plane Dumb,1932,publicdomainmovie.net,plane_dumb,7,ADICIONADO,"ok (revisado - Ub Iwerks Flip the Frog - independent production, well-documented PD)",plane-dumb-1932
In The Bag,1932,publicdomainmovie.net,its_in_the_bag,1.5,DESCARTADO,"duração incompatível (1.5 min) — provável trailer/clipe, não o filme completo",
Betty Boop: The Scared Crows,1939,publicdomainmovie.net,Betty_Boop_The_Scared_Crows_1939,5.9,ADICIONADO,ok (revisado - Betty Boop - well-documented PD set),betty-boop-the-scared-crows-1939
Betty Boop: More Pep,1936,publicdomainmovie.net,Betty_Boop_More_Pep_1936,5.6,ADICIONADO,ok (limiar de duração mínima corrigido de 40 para 2 min nesta rodada),more-pep-1936
"Tramp, Tramp, Tramp",1924,publicdomainmovie.net,youtube-AO6SmllpTR8,3.4,DESCARTADO,revisado nesta rodada - não verificado com confiança suficiente nesta rodada - fica para revisão futura,
Betty Boop's Ker-Choo,1932,publicdomainmovie.net,Betty_Boops_Ker-Cho_1932,6.3,ADICIONADO,ok (revisado - Betty Boop - well-documented PD set),betty-boop-s-ker-choo-1932
Pots and Pans,1932,publicdomainmovie.net,funny_or_die_video_f6a1abf00c,1.3,DESCARTADO,"duração incompatível (1.3 min) — provável trailer/clipe, não o filme completo",
Zeppelin vs. Pterodactyls: The Lost Cartoon,1942,publicdomainmovie.net,ZeppelinVs.PterodactylsTheLostCartoon1942,8.7,ADICIONADO,ok (revisado - Fleischer Superman - well-documented PD set),zeppelin-vs-pterodactyls-the-lost-cartoon-1942
Superman: Destruction Inc.,1942,publicdomainmovie.net,superman_destruction_inc,8.3,ADICIONADO,ok (revisado - Fleischer Superman - well-documented PD set),superman-destruction-inc-1942
Betty Boop: Is My Palm Read,1932,publicdomainmovie.net,Betty_Boop_Is_My_Palm_Read_1932,6.6,ADICIONADO,ok (revisado - Betty Boop - well-documented PD set),betty-boop-is-my-palm-read-1932
Betty Boop: The Candid Candidate,1937,publicdomainmovie.net,Betty_Boop_The_Candid_Candidate_1937_944,6.1,ADICIONADO,ok (limiar de duração mínima corrigido de 40 para 2 min nesta rodada),the-candid-candidate-1937
Private Snafu - Gripes,1943,publicdomainmovie.net,Pvt.SNAFU.Gripes,4.1,ADICIONADO,"ok (revisado - Private Snafu - US Army production, well-documented PD)",private-snafu-gripes-1943
The Paneless Window Washer,1937,publicdomainmovie.net,popeyepanelesswindowwasher,6.1,ADICIONADO,ok (limiar de duração mínima corrigido de 40 para 2 min nesta rodada),
Superman - Arctic Giant,1942,publicdomainmovie.net,superman_arctic_giant,8.5,ADICIONADO,ok (limiar de duração mínima corrigido de 40 para 2 min nesta rodada),the-arctic-giant-1942
Sinbad The Sailor,1935,publicdomainmovie.net,SinbadTheSailor,7.1,ADICIONADO,"ok (revisado - Ub Iwerks ComiColor - independent production, well-documented PD)",sinbad-the-sailor-1935
Private Snafu - Fighting Tools,1943,publicdomainmovie.net,Pvt.SNAFU.FightingTools,4.3,ADICIONADO,"ok (revisado - Private Snafu - US Army production, well-documented PD)",private-snafu-fighting-tools-1943
Molly Moo-Cow and the Butterflies,1935,publicdomainmovie.net,Molly_MooCow_and_the_Butterflies_1935,7.7,DESCARTADO,revisado nesta rodada - não verificado com confiança suficiente nesta rodada - fica para revisão futura,
Tulips Shall Grow (Madcap Models No. U1-5),1942,publicdomainmovie.net,,,DESCARTADO,não encontrado no archive.org,
A Car Tune Portrait - 1937,1937,publicdomainmovie.net,ACarTunePortrait-1937,7,DESCARTADO,revisado nesta rodada - não verificado com confiança suficiente nesta rodada - fica para revisão futura,
Private Snafu - Gas,1944,publicdomainmovie.net,Pvt.SNAFU.Gas,4.6,ADICIONADO,"ok (revisado - Private Snafu - US Army production, well-documented PD)",private-snafu-gas-1944
So Does an Automobile,1939,publicdomainmovie.net,SoDoesAnAutomobile,6.4,DESCARTADO,revisado nesta rodada - não verificado com confiança suficiente nesta rodada - fica para revisão futura,
Private Snafu - No Buddy Atoll,1945,publicdomainmovie.net,Pvt.SNAFU.NoBuddyAtoll,4.9,ADICIONADO,"ok (revisado - Private Snafu - US Army production, well-documented PD)",private-snafu-no-buddy-atoll-1945
Private Snafu - It's Murder She Says...,1945,publicdomainmovie.net,Pvt.SNAFU.ItsMurderSheSays,4.7,ADICIONADO,"ok (revisado - Private Snafu - US Army production, well-documented PD)",private-snafu-it-s-murder-she-says-1945
Superman - Volcano,1942,publicdomainmovie.net,superman_the_volcano,7.8,ADICIONADO,ok (limiar de duração mínima corrigido de 40 para 2 min nesta rodada),the-volcano-1942
Private Snafu - In the Aleutians,1945,publicdomainmovie.net,Pvt.SNAFU.IntheAleutians,2.7,ADICIONADO,"ok (revisado - Private Snafu - US Army production, well-documented PD)",private-snafu-in-the-aleutians-1945
Swing Cleaning,1941,publicdomainmovie.net,Swing_Cleaning,6.7,ADICIONADO,ok (revisado - US Navy training/propaganda short),swing-cleaning-1941
Take Heed Mr. Tojo,1943,publicdomainmovie.net,TakeHeedMrTojo,7.2,ADICIONADO,ok (revisado - US war-bond/propaganda short),take-heed-mr-tojo-1943
Superman - Billion Dollar Limited,1942,publicdomainmovie.net,superman_billion_dollar_limited,8.4,ADICIONADO,ok (limiar de duração mínima corrigido de 40 para 2 min nesta rodada),billion-dollar-limited-1942
Mr Hook - Tokyo Woes,1942,publicdomainmovie.net,mr_hook_tokyo_woes,4.2,ADICIONADO,"ok (revisado - US Navy ""Mr. Hook"" series - government-commissioned)",mr-hook-tokyo-woes-1942
The Betty Boop Limited,1932,publicdomainmovie.net,TheBettyBoopLimited,6.6,ADICIONADO,ok (revisado - Betty Boop - well-documented PD set),the-betty-boop-limited-1932
Terror on the Midway,1942,publicdomainmovie.net,superman-terror-on-the-midway,8.1,ADICIONADO,ok mas dropado por duplicata no fechamento final (Fleischer Superman - well-documented PD set),
What Makes us Tick,1952,publicdomainmovie.net,4050_What_Makes_Us_Tick_02_01_18_19,11.6,DESCARTADO,revisado nesta rodada - não verificado com confiança suficiente nesta rodada - fica para revisão futura,
"Superman - Bulleteers, The",1942,publicdomainmovie.net,superman_bulleteers,8,ADICIONADO,ok (revisado - Fleischer Superman - well-documented PD set (dup id)),superman-bulleteers-the-1942
Why Play Leap Frog?,1949,publicdomainmovie.net,why_play_leap_frog,9.7,DESCARTADO,revisado nesta rodada - não verificado com confiança suficiente nesta rodada - fica para revisão futura,
Working Dollars,1957,publicdomainmovie.net,0252_Working_Dollars_23_37_38_11,10.8,DESCARTADO,revisado nesta rodada - não verificado com confiança suficiente nesta rodada - fica para revisão futura,
Merrie Melodies - Bugs Bunny - Case Of The Missing Hare,1942,publicdomainmovie.net,BugsBunnyCaseOfTheMissingHare,8.2,ADICIONADO,ok (revisado - pre-1948 WB cartoon - a.a.p. notice-defect PD category),merrie-melodies-bugs-bunny-case-of-the-missing-hare-1942
Bugs Bunny - All This and Rabbit Stew,1941,publicdomainmovie.net,bugs-bunny-all-this-and-rabbit-stew,6.8,ADICIONADO,ok (revisado - pre-1948 WB cartoon - a.a.p. notice-defect PD category),bugs-bunny-all-this-and-rabbit-stew-1941
Dover Boys at Pimento University,1942,publicdomainmovie.net,the-dover-boys-at-pimento-university-or-the-rivals-of-roquefort-hall,9,ADICIONADO,ok (limiar de duração mínima corrigido de 40 para 2 min nesta rodada),the-dover-boys-at-pimento-university-1942
[Looney Tunes] Daffy - The Commando,1943,publicdomainmovie.net,DaffyTheCommandoRestored,7.4,ADICIONADO,ok (revisado - pre-1948 WB cartoon - a.a.p. notice-defect PD category),looney-tunes-daffy-the-commando-1943
Merrie Melodies - A Corny Concerto,1943,publicdomainmovie.net,ACornyConcerto1943BugsBunny,8,ADICIONADO,ok (revisado - pre-1948 WB cartoon - a.a.p. notice-defect PD category),merrie-melodies-a-corny-concerto-1943
Bosko - Box Car Blues,1930,publicdomainmovie.net,BoskoBoxCarBlues,6.6,ADICIONADO,ok (revisado - pre-1948 WB cartoon - a.a.p. notice-defect PD category),bosko-box-car-blues-1930
Flip The Frog - Little Orphan Willie,1930,publicdomainmovie.net,flip-the-frog-1x-04-little-orphan-willie,6,ADICIONADO,"ok (revisado - Ub Iwerks Flip the Frog - independent production, well-documented PD)",flip-the-frog-little-orphan-willie-1930
Dementia 13 (1963): Coppola's Debut Feature Film,1963,freemoviescinema.com,,,DESCARTADO,não encontrado no archive.org,
Night Tide (1961): B-movie with artistic touch,1961,freemoviescinema.com,,,DESCARTADO,não encontrado no archive.org,
The Fast and The Furious (1955): High-speed Low-budget Classic,1955,freemoviescinema.com,,,DESCARTADO,não encontrado no archive.org,
Namakura Gatana (1917): Oldest Surviving Anime Film,1917,freemoviescinema.com,,,DESCARTADO,não encontrado no archive.org,
Berlin: Symphony of a Great City (1927): Industrial Metropolis Documentary,1927,freemoviescinema.com,,,DESCARTADO,não encontrado no archive.org,
Charade (1963): Ultimate romantic thriller,1963,freemoviescinema.com,,,DESCARTADO,não encontrado no archive.org,
Frankenstein (1910): First-ever film adaptation of Mary ShelleY's novel,1910,freemoviescinema.com,,,DESCARTADO,não encontrado no archive.org,
Detour (1945): Masterpiece of a film noir,1945,freemoviescinema.com,,,DESCARTADO,não encontrado no archive.org,
Story of Television (1956): When the World Shrank into a Box,1956,freemoviescinema.com,,,DESCARTADO,não encontrado no archive.org,
All Quiet On The Western Front (1930): Anti-war masterpiece,1930,freemoviescinema.com,,,DESCARTADO,não encontrado no archive.org,
Blood On The Sun (1945): Spy Thriller in Tokyo,1945,freemoviescinema.com,,,DESCARTADO,não encontrado no archive.org,
Cyrano De Bergerac (1950): Ultimate love triangle,1950,freemoviescinema.com,,,DESCARTADO,não encontrado no archive.org,
The Deadly Companions (1961): Sam Peckinpah's First Film,1961,freemoviescinema.com,,,DESCARTADO,não encontrado no archive.org,
The Great Train Robbery (1903): The Dawn of Cinematic Action,1903,freemoviescinema.com,,,DESCARTADO,não encontrado no archive.org,
Reefer Madness (1936): A Masterclass in Sensationalist Hysteria,1936,freemoviescinema.com,,,DESCARTADO,não encontrado no archive.org,
"Seven Footprints To Satan (1929): Bizarre, Silly Mystery Comedy",1929,freemoviescinema.com,,,DESCARTADO,não encontrado no archive.org,
"Häxan (1922): Grave robbing, witchcraft $ possessed nuns",1922,freemoviescinema.com,,,DESCARTADO,não encontrado no archive.org,
The Cabinet of Dr. Caligari (1920): German Expressionism,1920,freemoviescinema.com,,,DESCARTADO,não encontrado no archive.org,
Rapsodia Satanica (1917): Female Faust Version,1917,freemoviescinema.com,,,DESCARTADO,não encontrado no archive.org,
L'Inferno (1911): First Italian Blockbuster,1911,freemoviescinema.com,,,DESCARTADO,não encontrado no archive.org,
The Last of the Mohicans (1936): Highly influential 1930s action film,1936,freemoviescinema.com,,,DESCARTADO,não encontrado no archive.org,
The Wizard of Oz (1925): Weird Chaotic Adaptation,1925,freemoviescinema.com,,,DESCARTADO,não encontrado no archive.org,
Un Chien Anadlou (1929): Surrealist Masterpiece,1929,freemoviescinema.com,,,DESCARTADO,não encontrado no archive.org,
The Fall of the House of Usher (1928): The Greatest Edgar Allan Poe Adaptation,1928,freemoviescinema.com,,,DESCARTADO,não encontrado no archive.org,
Popeye The Sailor Meets Sindbad The Sailor (1936): Visually Stunning Animated Masterpiece,1936,freemoviescinema.com,,,DESCARTADO,não encontrado no archive.org,
Gulliver’s Travels (1939): Highly Nostalgic Piece of Animation History,1939,freemoviescinema.com,,,DESCARTADO,não encontrado no archive.org,
His Girl Friday (1940): Funny and Smart Comedy,1940,freemoviescinema.com,,,DESCARTADO,não encontrado no archive.org,
My Man Godfrey (1936): Amazing Screwball Comedy,1936,freemoviescinema.com,,,DESCARTADO,não encontrado no archive.org,
International Crime (1938): Incredibly Charming and Highly Entertaining,1938,freemoviescinema.com,,,DESCARTADO,não encontrado no archive.org,
One Millian B.C. (1940): Prehistoric Camp Classic,1940,freemoviescinema.com,,,DESCARTADO,não encontrado no archive.org,
About Bananas,1935,archive.org (prelinger),AboutBan1935,11,ADICIONADO,ok,about-bananas-1935,https://archive.org/details/AboutBan1935
Park Conscious,1938,archive.org (prelinger),ParkCons1938,8,ADICIONADO,ok,park-conscious-1938,https://archive.org/details/ParkCons1938
122 Eyes,1950,archive.org (prelinger),122Eyes1950,10,ADICIONADO,ok,122-eyes-1950,https://archive.org/details/122Eyes1950
Sniffles and Sneezes,1955,archive.org (prelinger),Sniffles1955,10,ADICIONADO,ok,sniffles-and-sneezes-1955,https://archive.org/details/Sniffles1955
Eat for Health,1954,archive.org (prelinger),EatforHe1954,10,ADICIONADO,ok,eat-for-health-1954,https://archive.org/details/EatforHe1954
Automotive Service,1940,archive.org (prelinger),Automoti1940,10,ADICIONADO,ok,automotive-service-1940,https://archive.org/details/Automoti1940
Joan Avoids a Cold,1947,archive.org (prelinger),JoanAvoi1947,10,ADICIONADO,ok,joan-avoids-a-cold-1947,https://archive.org/details/JoanAvoi1947
Health: Your Posture,1953,archive.org (prelinger),HealthYo1953,10,ADICIONADO,ok,health-your-posture-1953,https://archive.org/details/HealthYo1953
Care of the Skin,1949,archive.org (prelinger),Careofth1949,10,ADICIONADO,ok,care-of-the-skin-1949,https://archive.org/details/Careofth1949
Sleep for Health,1950,archive.org (prelinger),Sleepfor1950,11,ADICIONADO,ok,sleep-for-health-1950,https://archive.org/details/Sleepfor1950
From the Ground Up,1954,archive.org (prelinger),FromtheG1954,19,ADICIONADO,ok,from-the-ground-up-1954,https://archive.org/details/FromtheG1954
Have I Told You Lately That I Love You?,1958,archive.org (prelinger),HaveITol1958,14,ADICIONADO,ok,have-i-told-you-lately-that-i-love-you-1958,https://archive.org/details/HaveITol1958
A Case of Spring Fever,1940,archive.org (prelinger),CaseofSp1940,8,ADICIONADO,ok,a-case-of-spring-fever-1940,https://archive.org/details/CaseofSp1940
Spot News,1937,archive.org (prelinger),SpotNews1937,9,ADICIONADO,ok,spot-news-1937,https://archive.org/details/SpotNews1937
Good Eating Habits,1951,archive.org (prelinger),GoodEati1951,10,ADICIONADO,ok,good-eating-habits-1951,https://archive.org/details/GoodEati1951
Wartime Nutrition,1943,archive.org (prelinger),WartimeN1943,10,ADICIONADO,ok,wartime-nutrition-1943,https://archive.org/details/WartimeN1943
Duck and Cover,1951,archive.org (prelinger),DuckandC1951,9,ADICIONADO,ok,duck-and-cover-1951,https://archive.org/details/DuckandC1951
Achievement USA,1955,archive.org (prelinger),Achievem1955,11,ADICIONADO,ok,achievement-usa-1955,https://archive.org/details/Achievem1955
General Health Habits,1928,archive.org (prelinger),GeneralH1928,14,ADICIONADO,ok,general-health-habits-1928,https://archive.org/details/GeneralH1928
Always On Call,,archive.org (prelinger),always_on_call,9,ADICIONADO,ok,always-on-call,https://archive.org/details/always_on_call
How to Go Places,1954,archive.org (prelinger),HowtoGoP1954,11,ADICIONADO,ok,how-to-go-places-1954,https://archive.org/details/HowtoGoP1954
Preventing the Spread of Disease,1940,archive.org (prelinger),Preventi1940,11,ADICIONADO,ok,preventing-the-spread-of-disease-1940,https://archive.org/details/Preventi1940
Exercise and Health,1949,archive.org (prelinger),Exercise1949,10,ADICIONADO,ok,exercise-and-health-1949,https://archive.org/details/Exercise1949
Hindenburg Explodes,1937,archive.org (prelinger),hindenberg_explodes,5,ADICIONADO,ok,hindenburg-explodes-1937,https://archive.org/details/hindenberg_explodes
Private Life of a Cat,1947,archive.org (prelinger),PrivateL1947,22,ADICIONADO,ok,private-life-of-a-cat-1947,https://archive.org/details/PrivateL1947
Japanese Relocation,1943,archive.org (prelinger),Japanese1943,9,ADICIONADO,ok,japanese-relocation-1943,https://archive.org/details/Japanese1943
Don't Be a Sucker,1947,archive.org (prelinger),DontBeaS1947,17,ADICIONADO,ok,don-t-be-a-sucker-1947,https://archive.org/details/DontBeaS1947
The Golden Years,1960,archive.org (prelinger),GoldenYe1960,14,ADICIONADO,ok,the-golden-years-1960,https://archive.org/details/GoldenYe1960
Design for Dreaming,1956,archive.org (prelinger),Designfo1956,9,ADICIONADO,ok,design-for-dreaming-1956,https://archive.org/details/Designfo1956
How to Be Well Groomed,1949,archive.org (prelinger),HowtoBeW1949,10,ADICIONADO,ok,how-to-be-well-groomed-1949,https://archive.org/details/HowtoBeW1949
For Health and Happiness,1941,archive.org (prelinger),ForHealt1941,9,ADICIONADO,ok,for-health-and-happiness-1941,https://archive.org/details/ForHealt1941
My Japan,1945,archive.org (prelinger),MyJapan1945,16,ADICIONADO,ok,my-japan-1945,https://archive.org/details/MyJapan1945
A Ride for Cinderella,1937,archive.org (prelinger),RideforC1937,11,ADICIONADO,ok,a-ride-for-cinderella-1937,https://archive.org/details/RideforC1937
A is for Atom,1953,archive.org (prelinger),isforAto1953,14,ADICIONADO,ok,a-is-for-atom-1953,https://archive.org/details/isforAto1953
Television Commercials (1950s-1960s),1950,archive.org (prelinger),Televisi1960,25,ADICIONADO,ok,television-commercials-1950s-1960s-1950,https://archive.org/details/Televisi1960
Going Places,1948,archive.org (prelinger),GoingPla1948,9,ADICIONADO,ok,going-places-1948,https://archive.org/details/GoingPla1948
Atom Bomb [Joe Bonica's Movie of the Month],1955,archive.org (prelinger),AtomBomb1946,7,ADICIONADO,ok,atom-bomb-joe-bonica-s-movie-of-the-month-1955,https://archive.org/details/AtomBomb1946
Dating: Do's and Don'ts,1949,archive.org (prelinger),DatingDo1949,12,ADICIONADO,ok,dating-do-s-and-don-ts-1949,https://archive.org/details/DatingDo1949
One Got Fat: Bicycle Safety,1963,archive.org (prelinger),OneGotFa1963,15,ADICIONADO,ok,one-got-fat-bicycle-safety-1963,https://archive.org/details/OneGotFa1963
Communism,1952,archive.org (prelinger),Communis1952,10,ADICIONADO,ok,communism-1952,https://archive.org/details/Communis1952
Why Play Leap Frog?,1949,archive.org (prelinger),WhyPlayL1949,10,ADICIONADO,ok,why-play-leap-frog-1949,https://archive.org/details/WhyPlayL1949
Physical Aspects of Puberty,1953,archive.org (prelinger),Physical1953,17,ADICIONADO,ok,physical-aspects-of-puberty-1953,https://archive.org/details/Physical1953
A Day of Thanksgiving,1951,archive.org (prelinger),DayofTha1951,12,ADICIONADO,ok,a-day-of-thanksgiving-1951,https://archive.org/details/DayofTha1951
A Date With Your Family,1950,archive.org (prelinger),DateWith1950,10,ADICIONADO,ok,a-date-with-your-family-1950,https://archive.org/details/DateWith1950
Social-Sex Attitudes in Adolescence,1953,archive.org (prelinger),SocialSe1953,23,ADICIONADO,ok,social-sex-attitudes-in-adolescence-1953,https://archive.org/details/SocialSe1953
Despotism,1946,archive.org (prelinger),Despotis1946,11,ADICIONADO,ok,despotism-1946,https://archive.org/details/Despotis1946
Miracle on the Delaware,1955,archive.org (prelinger),Miracleo1955,10,ADICIONADO,ok,miracle-on-the-delaware-1955,https://archive.org/details/Miracleo1955
Survival Under Atomic Attack,1951,archive.org (prelinger),Survival1951,9,ADICIONADO,ok,survival-under-atomic-attack-1951,https://archive.org/details/Survival1951
How the Eye Functions,1941,archive.org (prelinger),HowtheEy1941,11,ADICIONADO,ok,how-the-eye-functions-1941,https://archive.org/details/HowtheEy1941
How to Use the Dial Phone,1927,archive.org (prelinger),HowtoUse1927,7,ADICIONADO,ok,how-to-use-the-dial-phone-1927,https://archive.org/details/HowtoUse1927
Look to the Land,1953,archive.org (prelinger),Looktoth1953,20,ADICIONADO,ok,look-to-the-land-1953,https://archive.org/details/Looktoth1953
Molly Grows Up,1953,archive.org (prelinger),MollyGro1953,14,ADICIONADO,ok,molly-grows-up-1953,https://archive.org/details/MollyGro1953
Foundation Foods,1951,archive.org (prelinger),Foundati1951,11,ADICIONADO,ok,foundation-foods-1951,https://archive.org/details/Foundati1951
Century 21 Calling,1964,archive.org (prelinger),Century21964,14,ADICIONADO,ok,century-21-calling-1964,https://archive.org/details/Century21964
1955 Chevrolet Screen Ads,1955,archive.org (prelinger),1955Chev1955,9,ADICIONADO,ok,1955-chevrolet-screen-ads-1955,https://archive.org/details/1955Chev1955
To New Horizons,1940,archive.org (prelinger),ToNewHor1940,23,ADICIONADO,ok,to-new-horizons-1940,https://archive.org/details/ToNewHor1940
The Corvair in Action,1960,archive.org (prelinger),Corvairi1960,6,ADICIONADO,ok,the-corvair-in-action-1960,https://archive.org/details/Corvairi1960
Your Name Here,1960,archive.org (prelinger),YourName1960,10,ADICIONADO,ok,your-name-here-1960,https://archive.org/details/YourName1960
"Wonderful New World of Fords, A (1960 Ford Spot)",1960,archive.org (prelinger),Wonderfu1960,3,ADICIONADO,ok,wonderful-new-world-of-fords-a-1960-ford-spot-1960,https://archive.org/details/Wonderfu1960
17 Days: The Story of Newspaper History in the Making,1945,archive.org (prelinger),17DaysTh1945,17,ADICIONADO,ok,17-days-the-story-of-newspaper-history-in-the-making-1945,https://archive.org/details/17DaysTh1945
Human Reproduction,1947,archive.org (prelinger),HumanRep1947,21,ADICIONADO,ok,human-reproduction-1947,https://archive.org/details/HumanRep1947
Shake Hands With Danger,1970,archive.org (prelinger),ShakeHan1970,23,ADICIONADO,ok,shake-hands-with-danger-1970,https://archive.org/details/ShakeHan1970
Making Books,1947,archive.org (prelinger),MakingBo1947,10,ADICIONADO,ok,making-books-1947,https://archive.org/details/MakingBo1947
News Parade: Bombing of Pearl Harbor,1942,archive.org (prelinger),NewsPara1942,10,ADICIONADO,ok,news-parade-bombing-of-pearl-harbor-1942,https://archive.org/details/NewsPara1942
Styling and the Experimental Car,1964,archive.org (prelinger),styling_and_the_experimental_car,17,ADICIONADO,ok,styling-and-the-experimental-car-1964,https://archive.org/details/styling_and_the_experimental_car
Operation Cue (1955),1955,archive.org (prelinger),Operatio1955,15,ADICIONADO,ok,operation-cue-1955-1955,https://archive.org/details/Operatio1955
Good Table Manners,1951,archive.org (prelinger),GoodTabl1951,10,ADICIONADO,ok,good-table-manners-1951,https://archive.org/details/GoodTabl1951
The Relaxed Wife,1957,archive.org (prelinger),RelaxedW1957,13,ADICIONADO,ok,the-relaxed-wife-1957,https://archive.org/details/RelaxedW1957
Belo Horizonte,1949,archive.org (prelinger),BeloHori1949,17,ADICIONADO,ok,belo-horizonte-1949,https://archive.org/details/BeloHori1949
In My Merry Oldsmobile,1932,archive.org (prelinger),InMyMerr1932,6,ADICIONADO,ok,in-my-merry-oldsmobile-1932,https://archive.org/details/InMyMerr1932
How a Watch Works,1949,archive.org (prelinger),HowaWatc1949,19,ADICIONADO,ok,how-a-watch-works-1949,https://archive.org/details/HowaWatc1949
Out of This World,1964,archive.org (prelinger),out_of_this_world,13,ADICIONADO,ok,out-of-this-world-1964,https://archive.org/details/out_of_this_world
It's Everybody's Business,1954,archive.org (prelinger),ItsEvery1954,20,ADICIONADO,ok,it-s-everybody-s-business-1954,https://archive.org/details/ItsEvery1954
This is Coffee,1961,archive.org (prelinger),ThisisCo1961,12,ADICIONADO,ok,this-is-coffee-1961,https://archive.org/details/ThisisCo1961
Arranging The Tea Table,,archive.org (prelinger),ArrangingThe,5,ADICIONADO,ok,arranging-the-tea-table,https://archive.org/details/ArrangingThe
World Trade Center,,archive.org (prelinger),world_trade_center,4,ADICIONADO,ok,world-trade-center,https://archive.org/details/world_trade_center
How Much Affection?,1958,archive.org (prelinger),HowMuchA1958,20,ADICIONADO,ok,how-much-affection-1958,https://archive.org/details/HowMuchA1958
A Tale of Two Cities,1946,archive.org (prelinger),TaleofTw1946,12,ADICIONADO,ok,a-tale-of-two-cities-1946,https://archive.org/details/TaleofTw1946
A Touch of Magic,1961,archive.org (prelinger),TouchofM1961,11,ADICIONADO,ok,a-touch-of-magic-1961,https://archive.org/details/TouchofM1961
Command Performance,1942,archive.org (prelinger),CommandP1942,19,ADICIONADO,ok,command-performance-1942,https://archive.org/details/CommandP1942
Victory Gardens,,archive.org (prelinger),victory_garden,20,ADICIONADO,ok,victory-gardens,https://archive.org/details/victory_garden
Match Your Mood,1968,archive.org (prelinger),match_your_mood,6,ADICIONADO,ok,match-your-mood-1968,https://archive.org/details/match_your_mood
On Guard! The Story of SAGE,1956,archive.org (prelinger),OnGuard1956,12,ADICIONADO,ok,on-guard-the-story-of-sage-1956,https://archive.org/details/OnGuard1956
Cindy Goes to a Party,1955,archive.org (prelinger),CindyGoe1955,9,ADICIONADO,ok,cindy-goes-to-a-party-1955,https://archive.org/details/CindyGoe1955
This Charming Couple,1950,archive.org (prelinger),ThisChar1950,19,ADICIONADO,ok,this-charming-couple-1950,https://archive.org/details/ThisChar1950
The Terrible Truth,1951,archive.org (prelinger),Terrible1951,10,ADICIONADO,ok,the-terrible-truth-1951,https://archive.org/details/Terrible1951
Once Upon a Honeymoon,1956,archive.org (prelinger),OnceUpon1956,14,ADICIONADO,ok,once-upon-a-honeymoon-1956,https://archive.org/details/OnceUpon1956
"Ask Me, Don't Tell Me",1961,archive.org (prelinger),AskMeDon1961,21,ADICIONADO,ok,ask-me-don-t-tell-me-1961,https://archive.org/details/AskMeDon1961
Symptoms in Schizophrenia,1940,archive.org (prelinger),Symptoms1940,13,ADICIONADO,ok,symptoms-in-schizophrenia-1940,https://archive.org/details/Symptoms1940
Around the Corner,1937,archive.org (prelinger),Aroundth1937,9,ADICIONADO,ok,around-the-corner-1937,https://archive.org/details/Aroundth1937
Care of the Hair and Nails,1951,archive.org (prelinger),Careofth1951,10,ADICIONADO,ok,care-of-the-hair-and-nails-1951,https://archive.org/details/Careofth1951
A Communications Primer,,archive.org (prelinger),communications_primer,21,ADICIONADO,ok,a-communications-primer,https://archive.org/details/communications_primer
Atomic Alert (Elementary version),1951,archive.org (prelinger),AtomicAl1951,10,ADICIONADO,ok,atomic-alert-elementary-version-1951,https://archive.org/details/AtomicAl1951
6 1/2 Magic Hours,1958,archive.org (prelinger),612Magic1958,12,ADICIONADO,ok,6-1-2-magic-hours-1958,https://archive.org/details/612Magic1958
Finding his voice : an animated cartoon synchronized to voice & sound,1929,archive.org (prelinger),FindingH1929,11,ADICIONADO,ok,finding-his-voice-an-animated-cartoon-synchronized-to-voice-sound-1929,https://archive.org/details/FindingH1929
The Chicken of Tomorrow,1948,archive.org (prelinger),Chickeno1948,17,ADICIONADO,ok,the-chicken-of-tomorrow-1948,https://archive.org/details/Chickeno1948
Mental Hospital,1953,archive.org (prelinger),mental_hospital,20,ADICIONADO,ok,mental-hospital-1953,https://archive.org/details/mental_hospital
Just Imagine,1947,archive.org (prelinger),JustImag1947,10,ADICIONADO,ok,just-imagine-1947,https://archive.org/details/JustImag1947
Living Stereo,1958,archive.org (prelinger),LivingSt1958,8,ADICIONADO,ok,living-stereo-1958,https://archive.org/details/LivingSt1958
Classic Television Commercials (Part VIII),1948,archive.org (prelinger),ClassicT1948_8,10,ADICIONADO,ok,classic-television-commercials-part-viii-1948,https://archive.org/details/ClassicT1948_8
Television Remote Control (Tuner),1961,archive.org (prelinger),Televisi1961,6,ADICIONADO,ok,television-remote-control-tuner-1961,https://archive.org/details/Televisi1961
Consuming Women (Women as Consumers),1967,archive.org (prelinger),Consumin1967,3,ADICIONADO,ok,consuming-women-women-as-consumers-1967,https://archive.org/details/Consumin1967
Swingin' Six,,archive.org (prelinger),swingin_six,15,ADICIONADO,ok,swingin-six,https://archive.org/details/swingin_six
Third Avenue El,1950,archive.org (prelinger),ThirdAve1950,11,ADICIONADO,ok,third-avenue-el-1950,https://archive.org/details/ThirdAve1950
Are You Ready for Marriage?,1950,archive.org (prelinger),AreYouRe1950,16,ADICIONADO,ok,are-you-ready-for-marriage-1950,https://archive.org/details/AreYouRe1950
Food for Fighters,1943,archive.org (prelinger),FoodforF1943,10,ADICIONADO,ok,food-for-fighters-1943,https://archive.org/details/FoodforF1943
Shy Guy,1947,archive.org (prelinger),ShyGuy1947,13,ADICIONADO,ok,shy-guy-1947,https://archive.org/details/ShyGuy1947
Act Your Age,1949,archive.org (prelinger),ActYourA1949,13,ADICIONADO,ok,act-your-age-1949,https://archive.org/details/ActYourA1949
A Challenge to Democracy,1944,archive.org (prelinger),Challeng1944,17,ADICIONADO,ok,a-challenge-to-democracy-1944,https://archive.org/details/Challeng1944
A Great New Star,1952,archive.org (prelinger),GreatNew1952,12,ADICIONADO,ok,a-great-new-star-1952,https://archive.org/details/GreatNew1952
Stop Driving Us Crazy!,1959,archive.org (prelinger),StopDriv1959,10,ADICIONADO,ok,stop-driving-us-crazy-1959,https://archive.org/details/StopDriv1959
Our Enemy: The Japanese,1943,archive.org (prelinger),OurEnemy1943,20,ADICIONADO,ok,our-enemy-the-japanese-1943,https://archive.org/details/OurEnemy1943
Habit Patterns,1954,archive.org (prelinger),HabitPat1954,13,ADICIONADO,ok,habit-patterns-1954,https://archive.org/details/HabitPat1954
Bridging San Francisco Bay,1937,archive.org (prelinger),Bridging1937,17,ADICIONADO,ok,bridging-san-francisco-bay-1937,https://archive.org/details/Bridging1937
All About Polymorphics,1959,archive.org (prelinger),AllAboutPolymorphics,7,ADICIONADO,ok,all-about-polymorphics-1959,https://archive.org/details/AllAboutPolymorphics
Drug Addiction,1951,archive.org (prelinger),DrugAddi1951,21,ADICIONADO,ok,drug-addiction-1951,https://archive.org/details/DrugAddi1951
Seeing London,1920,archive.org (prelinger),SeeingLo1920,13,ADICIONADO,ok,seeing-london-1920,https://archive.org/details/SeeingLo1920
Hear and Now,1958,archive.org (prelinger),HearandN1958,18,ADICIONADO,ok,hear-and-now-1958,https://archive.org/details/HearandN1958
The Librarian,1947,archive.org (prelinger),Libraria1947,10,ADICIONADO,ok,the-librarian-1947,https://archive.org/details/Libraria1947
What to Do on a Date,1950,archive.org (prelinger),WhattoDo1950,11,ADICIONADO,ok,what-to-do-on-a-date-1950,https://archive.org/details/WhattoDo1950
Death to Weeds,1947,archive.org (prelinger),DeathtoW1947,21,ADICIONADO,ok,death-to-weeds-1947,https://archive.org/details/DeathtoW1947
Everyday Courtesy,1948,archive.org (prelinger),Everyday1948,9,ADICIONADO,ok,everyday-courtesy-1948,https://archive.org/details/Everyday1948
Classic Television Commercials (Part VI),1948,archive.org (prelinger),ClassicT1948_6,10,ADICIONADO,ok,classic-television-commercials-part-vi-1948,https://archive.org/details/ClassicT1948_6
Classic Television Commercials (Part VII),1948,archive.org (prelinger),ClassicT1948_7,10,ADICIONADO,ok,classic-television-commercials-part-vii-1948,https://archive.org/details/ClassicT1948_7
How the Ear Functions,1940,archive.org (prelinger),HowtheEa1940,11,ADICIONADO,ok,how-the-ear-functions-1940,https://archive.org/details/HowtheEa1940
Girls Beware,1961,archive.org (prelinger),girls_beware,10,ADICIONADO,ok,girls-beware-1961,https://archive.org/details/girls_beware
Social Class in America,1957,archive.org (prelinger),SocialCl1957,15,ADICIONADO,ok,social-class-in-america-1957,https://archive.org/details/SocialCl1957
What About Prejudice?,1959,archive.org (prelinger),WhatAbou1959,11,ADICIONADO,ok,what-about-prejudice-1959,https://archive.org/details/WhatAbou1959
"News Magazine of the Screen, The (Vol. 7, Issue 3)",1956,archive.org (prelinger),NewsMaga00_7,22,ADICIONADO,ok,news-magazine-of-the-screen-the-vol-7-issue-3-1956,https://archive.org/details/NewsMaga00_7
Maintaining Classroom Discipline,1947,archive.org (prelinger),Maintain1947,13,ADICIONADO,ok,maintaining-classroom-discipline-1947,https://archive.org/details/Maintain1947
Red Chinese Battle Plan,1964,archive.org (prelinger),RedChine1964,25,ADICIONADO,ok,red-chinese-battle-plan-1964,https://archive.org/details/RedChine1964
"Stay Safe, Stay Strong: The Facts About Nuclear Weapons",1960,archive.org (prelinger),StaySafe1960,23,ADICIONADO,ok,stay-safe-stay-strong-the-facts-about-nuclear-weapons-1960,https://archive.org/details/StaySafe1960
What Makes A Good Party?,1950,archive.org (prelinger),WhatMake1950,10,ADICIONADO,ok,what-makes-a-good-party-1950,https://archive.org/details/WhatMake1950
This Is Hormel,1965,archive.org (prelinger),this_is_hormel,30,ADICIONADO,ok,this-is-hormel-1965,https://archive.org/details/this_is_hormel
Greenwich Village Sunday,1960,archive.org (prelinger),Greenwic1960,12,ADICIONADO,ok,greenwich-village-sunday-1960,https://archive.org/details/Greenwic1960
Big Trains Rolling,1955,archive.org (prelinger),BigTrain1955,24,ADICIONADO,ok,big-trains-rolling-1955,https://archive.org/details/BigTrain1955
Supervising Women Workers,1944,archive.org (prelinger),Supervis1944,10,ADICIONADO,ok,supervising-women-workers-1944,https://archive.org/details/Supervis1944
Leave It to Roll-Oh,1940,archive.org (prelinger),LeaveItt1940,9,ADICIONADO,ok,leave-it-to-roll-oh-1940,https://archive.org/details/LeaveItt1940
"Report on Puerto Rico, U.S.A.",1955,archive.org (prelinger),Reporton1955,11,ADICIONADO,ok,report-on-puerto-rico-u-s-a-1955,https://archive.org/details/Reporton1955
Printing,1947,archive.org (prelinger),Printing1947,11,ADICIONADO,ok,printing-1947,https://archive.org/details/Printing1947
The Wonderful World of Wash 'n' Wear,1958,archive.org (prelinger),Wonderfu1958,23,ADICIONADO,ok,the-wonderful-world-of-wash-n-wear-1958,https://archive.org/details/Wonderfu1958
Beginning to Date,1953,archive.org (prelinger),Beginnin1953,11,ADICIONADO,ok,beginning-to-date-1953,https://archive.org/details/Beginnin1953
Road Runners,1952,archive.org (prelinger),RoadRunn1952,12,ADICIONADO,ok,road-runners-1952,https://archive.org/details/RoadRunn1952
How Do You Know It's Love?,1950,archive.org (prelinger),HowDoYou1950,13,ADICIONADO,ok,how-do-you-know-it-s-love-1950,https://archive.org/details/HowDoYou1950
Sound Recording and Reproduction (Sound on Film),1943,archive.org (prelinger),SoundRec1943,10,ADICIONADO,ok,sound-recording-and-reproduction-sound-on-film-1943,https://archive.org/details/SoundRec1943
Going Steady?,1951,archive.org (prelinger),GoingSte1951,11,ADICIONADO,ok,going-steady-1951,https://archive.org/details/GoingSte1951
The Prom: It's A Pleasure!,1961,archive.org (prelinger),PromItsA1961,17,ADICIONADO,ok,the-prom-it-s-a-pleasure-1961,https://archive.org/details/PromItsA1961
The Nature of Sound,1948,archive.org (prelinger),Natureof1948,11,ADICIONADO,ok,the-nature-of-sound-1948,https://archive.org/details/Natureof1948
White Magic,1940,archive.org (prelinger),WhiteMag1940,8,ADICIONADO,ok,white-magic-1940,https://archive.org/details/WhiteMag1940
Control Your Emotions,1950,archive.org (prelinger),ControlY1950,13,ADICIONADO,ok,control-your-emotions-1950,https://archive.org/details/ControlY1950
Autobiography of a Jeep,1943,archive.org (prelinger),autobiography_of_a_jeep,10,ADICIONADO,ok,autobiography-of-a-jeep-1943,https://archive.org/details/autobiography_of_a_jeep
Technicolor for Industrial Films,1949,archive.org (prelinger),Technico1949,8,ADICIONADO,ok,technicolor-for-industrial-films-1949,https://archive.org/details/Technico1949
Marriage Is a Partnership,1951,archive.org (prelinger),Marriage1951,15,ADICIONADO,ok,marriage-is-a-partnership-1951,https://archive.org/details/Marriage1951
Volcanoes,,archive.org (prelinger),volcanoes,17,ADICIONADO,ok,volcanoes,https://archive.org/details/volcanoes
Behind the Bright Lights,1935,archive.org (prelinger),Behindth1935,7,ADICIONADO,ok,behind-the-bright-lights-1935,https://archive.org/details/Behindth1935
Labor and Childbirth,1950,archive.org (prelinger),Laborand1950,16,ADICIONADO,ok,labor-and-childbirth-1950,https://archive.org/details/Laborand1950
Television Tomorrow,,archive.org (prelinger),tomorrow_television,12,ADICIONADO,ok,television-tomorrow,https://archive.org/details/tomorrow_television
Radio and Television,1940,archive.org (prelinger),Radioand1940,11,ADICIONADO,ok,radio-and-television-1940,https://archive.org/details/Radioand1940
The 16mm Motion Picture Projector: Care and Maintenance,1961,archive.org (prelinger),16mmMoti1961,21,ADICIONADO,ok,the-16mm-motion-picture-projector-care-and-maintenance-1961,https://archive.org/details/16mmMoti1961
More Power to You,1930,archive.org (prelinger),MorePowe1930,9,ADICIONADO,ok,more-power-to-you-1930,https://archive.org/details/MorePowe1930
Office Etiquette,1950,archive.org (prelinger),OfficeEt1950,14,ADICIONADO,ok,office-etiquette-1950,https://archive.org/details/OfficeEt1950
The Town and the Telephone,1950,archive.org (prelinger),Townandt1950,27,ADICIONADO,ok,the-town-and-the-telephone-1950,https://archive.org/details/Townandt1950
Plane Talk,1965,archive.org (prelinger),PlaneTal1965,21,ADICIONADO,ok,plane-talk-1965,https://archive.org/details/PlaneTal1965
In the Beginning,1935,archive.org (prelinger),IntheBeg1937,16,ADICIONADO,ok,in-the-beginning-1935,https://archive.org/details/IntheBeg1937
Conquer by the Clock,1943,archive.org (prelinger),Conquerb1943,11,ADICIONADO,ok,conquer-by-the-clock-1943,https://archive.org/details/Conquerb1943
The Nation at Your Fingertips,1951,archive.org (prelinger),Nationat1951,10,ADICIONADO,ok,the-nation-at-your-fingertips-1951,https://archive.org/details/Nationat1951
How You See It,1936,archive.org (prelinger),HowYouSe1936,8,ADICIONADO,ok,how-you-see-it-1936,https://archive.org/details/HowYouSe1936
White Wonder,1958,archive.org (prelinger),WhiteWon1958,28,ADICIONADO,ok,white-wonder-1958,https://archive.org/details/WhiteWon1958
Down the Gasoline Trail,1935,archive.org (prelinger),DowntheG1935,8,ADICIONADO,ok,down-the-gasoline-trail-1935,https://archive.org/details/DowntheG1935
How to Listen To... New Dimensions in Sound,1957,archive.org (prelinger),HowtoLis1957,18,ADICIONADO,ok,how-to-listen-to-new-dimensions-in-sound-1957,https://archive.org/details/HowtoLis1957
Psychogenic Disease in Infancy,1952,archive.org (prelinger),PsychogenicD,19,ADICIONADO,ok,psychogenic-disease-in-infancy-1952,https://archive.org/details/PsychogenicD
About Fallout (1955),1955,archive.org (prelinger),AboutFal1955,8,ADICIONADO,ok,about-fallout-1955-1955,https://archive.org/details/AboutFal1955
The Army Nurse,1945,archive.org (prelinger),ArmyNurs1945,16,ADICIONADO,ok,the-army-nurse-1945,https://archive.org/details/ArmyNurs1945
Around the World in New York,1940,archive.org (prelinger),Aroundth1940,13,ADICIONADO,ok,around-the-world-in-new-york-1940,https://archive.org/details/Aroundth1940
Birth of the B-29,1945,archive.org (prelinger),Birthoft1945,20,ADICIONADO,ok,birth-of-the-b-29-1945,https://archive.org/details/Birthoft1945
Heart and Circulation,1937,archive.org (prelinger),Heartand1937,10,ADICIONADO,ok,heart-and-circulation-1937,https://archive.org/details/Heartand1937
"News Magazine of the Screen, The (1957)",1957,archive.org (prelinger),NewsMaga1957,21,ADICIONADO,ok,news-magazine-of-the-screen-the-1957-1957,https://archive.org/details/NewsMaga1957
Back of the Mike,1938,archive.org (prelinger),Backofth1938,9,ADICIONADO,ok,back-of-the-mike-1938,https://archive.org/details/Backofth1938
Combat Fatigue: Insomnia,1945,archive.org (prelinger),CombatFa1945,19,ADICIONADO,ok,combat-fatigue-insomnia-1945,https://archive.org/details/CombatFa1945
Peg-Leg Pedro,1938,archive.org (prelinger),PegLegPe1938,9,ADICIONADO,ok,peg-leg-pedro-1938,https://archive.org/details/PegLegPe1938
The Helicopter,1953,archive.org (prelinger),Helicopt1953,11,ADICIONADO,ok,the-helicopter-1953,https://archive.org/details/Helicopt1953
Arteries of New York City,1941,archive.org (prelinger),Arteries1941,9,ADICIONADO,ok,arteries-of-new-york-city-1941,https://archive.org/details/Arteries1941
Wheels of Progress,1950,archive.org (prelinger),Wheelsof1950,19,ADICIONADO,ok,wheels-of-progress-1950,https://archive.org/details/Wheelsof1950
Pearl Harbor (short version),1942,archive.org (prelinger),PearlHar1942,3,ADICIONADO,ok,pearl-harbor-short-version-1942,https://archive.org/details/PearlHar1942
Give Yourself the Green Light,1954,archive.org (prelinger),GiveYour1954,24,ADICIONADO,ok,give-yourself-the-green-light-1954,https://archive.org/details/GiveYour1954
A Coach for Cinderella,1936,archive.org (prelinger),Coachfor1936,9,ADICIONADO,ok,a-coach-for-cinderella-1936,https://archive.org/details/Coachfor1936
Medical Aspects of Nuclear Radiation,1950,archive.org (prelinger),MedicalA1950,20,ADICIONADO,ok,medical-aspects-of-nuclear-radiation-1950,https://archive.org/details/MedicalA1950
Behind Your Radio Dial: The Story of NBC,1947,archive.org (prelinger),BehindYo1947,24,ADICIONADO,ok,behind-your-radio-dial-the-story-of-nbc-1947,https://archive.org/details/BehindYo1947
Easy Does It,1940,archive.org (prelinger),EasyDoes1940,9,ADICIONADO,ok,easy-does-it-1940,https://archive.org/details/EasyDoes1940
The Children Must Learn,1940,archive.org (prelinger),Children1940,13,ADICIONADO,ok,the-children-must-learn-1940,https://archive.org/details/Children1940
Choosing for Happiness,1950,archive.org (prelinger),Choosing1950,13,ADICIONADO,ok,choosing-for-happiness-1950,https://archive.org/details/Choosing1950
We Drivers (1935 edition),1936,archive.org (prelinger),WeDriver1936,11,ADICIONADO,ok,we-drivers-1935-edition-1936,https://archive.org/details/WeDriver1936
I Want to Be a Secretary,1941,archive.org (prelinger),IWanttoB1941,16,ADICIONADO,ok,i-want-to-be-a-secretary-1941,https://archive.org/details/IWanttoB1941
The Inside Story of Modern Gasoline,1946,archive.org (prelinger),InsideSt1946,23,ADICIONADO,ok,the-inside-story-of-modern-gasoline-1946,https://archive.org/details/InsideSt1946
"San Francisco Earthquake Aftermath, Part 6",1906,archive.org (prelinger),SanFranc1906_6,3,ADICIONADO,ok,san-francisco-earthquake-aftermath-part-6-1906,https://archive.org/details/SanFranc1906_6
Telegram for America,1956,archive.org (prelinger),Telegram1956,20,ADICIONADO,ok,telegram-for-america-1956,https://archive.org/details/Telegram1956
America's Distribution of Wealth,1955,archive.org (prelinger),Americas1955,12,ADICIONADO,ok,america-s-distribution-of-wealth-1955,https://archive.org/details/Americas1955
Why Not Live?,,archive.org (prelinger),why_not_live,10,ADICIONADO,ok,why-not-live,https://archive.org/details/why_not_live
Steel: A Symphony of Industry,1936,archive.org (prelinger),SteelASy1936,18,ADICIONADO,ok,steel-a-symphony-of-industry-1936,https://archive.org/details/SteelASy1936
Liberty,,archive.org (prelinger),Liberty_2,10,ADICIONADO,ok,liberty,https://archive.org/details/Liberty_2
Don't Talk to Strangers,1950,archive.org (prelinger),DontTalk1950,13,ADICIONADO,ok,don-t-talk-to-strangers-1950,https://archive.org/details/DontTalk1950
The Story of a Star,1956,archive.org (prelinger),Storyofa1956,8,ADICIONADO,ok,the-story-of-a-star-1956,https://archive.org/details/Storyofa1956
The Door to Heaven,1941,archive.org (prelinger),DoortoHe1941,10,ADICIONADO,ok,the-door-to-heaven-1941,https://archive.org/details/DoortoHe1941
Meet King Joe,1949,archive.org (prelinger),MeetKing1949,9,ADICIONADO,ok,meet-king-joe-1949,https://archive.org/details/MeetKing1949
They Grow Up So Fast,1956,archive.org (prelinger),they_grow_up_so_fast,25,ADICIONADO,ok,they-grow-up-so-fast-1956,https://archive.org/details/they_grow_up_so_fast
The RCA 16mm Sound Projector,1958,archive.org (prelinger),RCA16mmS1958,6,ADICIONADO,ok,the-rca-16mm-sound-projector-1958,https://archive.org/details/RCA16mmS1958
Tomorrow's Drivers,1954,archive.org (prelinger),Tomorrow1954,11,ADICIONADO,ok,tomorrow-s-drivers-1954,https://archive.org/details/Tomorrow1954
Man of Action,1955,archive.org (prelinger),ManofAct1955,13,ADICIONADO,ok,man-of-action-1955,https://archive.org/details/ManofAct1955
Conquering Roads,1937,archive.org (prelinger),Conqueri1937,9,ADICIONADO,ok,conquering-roads-1937,https://archive.org/details/Conqueri1937
Subject: Narcotics,1951,archive.org (prelinger),SubjectN1951,21,ADICIONADO,ok,subject-narcotics-1951,https://archive.org/details/SubjectN1951
We Learn About the Telephone I,1965,archive.org (prelinger),WeLearnA1965,23,ADICIONADO,ok,we-learn-about-the-telephone-i-1965,https://archive.org/details/WeLearnA1965
Family Life,1949,archive.org (prelinger),FamilyLi1949,10,ADICIONADO,ok,family-life-1949,https://archive.org/details/FamilyLi1949
Who's Boss?,1950,archive.org (prelinger),WhosBoss1950,16,ADICIONADO,ok,who-s-boss-1950,https://archive.org/details/WhosBoss1950
Long Distance,1941,archive.org (prelinger),long_distance,15,ADICIONADO,ok,long-distance-1941,https://archive.org/details/long_distance
Palmour Street,1957,archive.org (prelinger),PalmourS1957,22,ADICIONADO,ok,palmour-street-1957,https://archive.org/details/PalmourS1957
Wastage of Human Resources,1947,archive.org (prelinger),Wastageo1947,10,ADICIONADO,ok,wastage-of-human-resources-1947,https://archive.org/details/Wastageo1947
Operation Cue (1964 revision),1964,archive.org (prelinger),Operatio1964,14,ADICIONADO,ok,operation-cue-1964-revision-1964,https://archive.org/details/Operatio1964
Something for Nothing,1940,archive.org (prelinger),Somethin1940,9,ADICIONADO,ok,something-for-nothing-1940,https://archive.org/details/Somethin1940
On the Air,1937,archive.org (prelinger),OntheAir1937,10,ADICIONADO,ok,on-the-air-1937,https://archive.org/details/OntheAir1937
The Power to Serve,1957,archive.org (prelinger),PowertoS1957,21,ADICIONADO,ok,the-power-to-serve-1957,https://archive.org/details/PowertoS1957
Bookbinders,1961,archive.org (prelinger),Bookbind1961,13,ADICIONADO,ok,bookbinders-1961,https://archive.org/details/Bookbind1961
Principles of Electricity,1945,archive.org (prelinger),principles_of_electricity,20,ADICIONADO,ok,principles-of-electricity-1945,https://archive.org/details/principles_of_electricity
What Makes Us Tick,1952,archive.org (prelinger),WhatMake1952,12,ADICIONADO,ok,what-makes-us-tick-1952,https://archive.org/details/WhatMake1952
The Bully,1952,archive.org (prelinger),BullyThe1952,10,ADICIONADO,ok,the-bully-1952,https://archive.org/details/BullyThe1952
Tough Friends,1938,archive.org (prelinger),ToughFri1938,11,ADICIONADO,ok,tough-friends-1938,https://archive.org/details/ToughFri1938
Tuesday in November,1945,archive.org (prelinger),Tuesdayi1945,17,ADICIONADO,ok,tuesday-in-november-1945,https://archive.org/details/Tuesdayi1945
This Is Your Police Department,1951,archive.org (prelinger),ThisIsYo1951,23,ADICIONADO,ok,this-is-your-police-department-1951,https://archive.org/details/ThisIsYo1951
Inside Information,1941,archive.org (prelinger),InsideIn1941,8,ADICIONADO,ok,inside-information-1941,https://archive.org/details/InsideIn1941
The Plantation System in Southern Life,1950,archive.org (prelinger),Plantati1950,10,ADICIONADO,ok,the-plantation-system-in-southern-life-1950,https://archive.org/details/Plantati1950
Olds Minute Movies [Futuramic 1948],1948,archive.org (prelinger),OldsMinu1948,3,ADICIONADO,ok,olds-minute-movies-futuramic-1948-1948,https://archive.org/details/OldsMinu1948
Going Places,1948,archive.org (prelinger),GoingPlaces,11,ADICIONADO,ok,going-places-goingp-1948,https://archive.org/details/GoingPlaces
Test Tube Tale,1941,archive.org (prelinger),TestTube1941,9,ADICIONADO,ok,test-tube-tale-1941,https://archive.org/details/TestTube1941
Days of Our Years,1955,archive.org (prelinger),DaysofOu1955,20,ADICIONADO,ok,days-of-our-years-1955,https://archive.org/details/DaysofOu1955
Your Chance to Live: Technological Failures,,archive.org (prelinger),your_chance_to_live_tech,12,ADICIONADO,ok,your-chance-to-live-technological-failures,https://archive.org/details/your_chance_to_live_tech
Cheating,1952,archive.org (prelinger),Cheating1952,11,ADICIONADO,ok,cheating-1952,https://archive.org/details/Cheating1952
Don't Be Afraid,1953,archive.org (prelinger),DontBeAf1953,12,ADICIONADO,ok,don-t-be-afraid-1953,https://archive.org/details/DontBeAf1953
Junior Prom,1946,archive.org (prelinger),JuniorPr1946,20,ADICIONADO,ok,junior-prom-1946,https://archive.org/details/JuniorPr1946
Pattern for Smartness,1948,archive.org (prelinger),Patternf1948,18,ADICIONADO,ok,pattern-for-smartness-1948,https://archive.org/details/Patternf1948
Tribune-American Dream Picture,1924,archive.org (prelinger),TribuneA1924,7,ADICIONADO,ok,tribune-american-dream-picture-1924,https://archive.org/details/TribuneA1924
How to Say No: Moral Maturity,1951,archive.org (prelinger),HowtoSay1951,11,ADICIONADO,ok,how-to-say-no-moral-maturity-1951,https://archive.org/details/HowtoSay1951
The Towers,1957,archive.org (prelinger),TowersTh1957,12,ADICIONADO,ok,the-towers-1957,https://archive.org/details/TowersTh1957
Working Dollars,1957,archive.org (prelinger),WorkingD1957,11,ADICIONADO,ok,working-dollars-1957,https://archive.org/details/WorkingD1957
When You Grow Up,1973,archive.org (prelinger),WhenYouG1973,11,ADICIONADO,ok,when-you-grow-up-1973,https://archive.org/details/WhenYouG1973
The Front Line,1965,archive.org (prelinger),FrontLin1965,15,ADICIONADO,ok,the-front-line-1965,https://archive.org/details/FrontLin1965
Photography,1946,archive.org (prelinger),Photogra1946,10,ADICIONADO,ok,photography-1946,https://archive.org/details/Photogra1946
What You Should Know About Biological Warfare,1952,archive.org (prelinger),WhatYouS1952,7,ADICIONADO,ok,what-you-should-know-about-biological-warfare-1952,https://archive.org/details/WhatYouS1952
Mental Health: Keeping Mentally Fit,1952,archive.org (prelinger),MentalHe1952,12,ADICIONADO,ok,mental-health-keeping-mentally-fit-1952,https://archive.org/details/MentalHe1952
Sentinel in the Sky,1955,archive.org (prelinger),Sentinel1955,15,ADICIONADO,ok,sentinel-in-the-sky-1955,https://archive.org/details/Sentinel1955
Special Delivery,1946,archive.org (prelinger),SpecialD1946,12,ADICIONADO,ok,special-delivery-1946,https://archive.org/details/SpecialD1946
As Others See Us,1953,archive.org (prelinger),AsOthers1953,10,ADICIONADO,ok,as-others-see-us-1953,https://archive.org/details/AsOthers1953
"Taking the ""X"" out of X-Rays",1940,archive.org (prelinger),Takingth1940,9,ADICIONADO,ok,taking-the-x-out-of-x-rays-1940,https://archive.org/details/Takingth1940
Behind the Lens,1940,archive.org (prelinger),Behindth1940,8,ADICIONADO,ok,behind-the-lens-1940,https://archive.org/details/Behindth1940
Hair Dress Through the Ages,1950,archive.org (prelinger),HairDres1950,10,ADICIONADO,ok,hair-dress-through-the-ages-1950,https://archive.org/details/HairDres1950
Teddy,1971,archive.org (prelinger),Teddy1971,16,ADICIONADO,ok,teddy-1971,https://archive.org/details/Teddy1971
Auto-Lite on Parade,1940,archive.org (prelinger),AutoLite1940,23,ADICIONADO,ok,auto-lite-on-parade-1940,https://archive.org/details/AutoLite1940
Valley Town,1940,archive.org (prelinger),ValleyTo1940,25,ADICIONADO,ok,valley-town-1940,https://archive.org/details/ValleyTo1940
ABCs of Walking Wisely,1959,archive.org (prelinger),abcs_of_walking_wisely,10,ADICIONADO,ok,abcs-of-walking-wisely-1959,https://archive.org/details/abcs_of_walking_wisely
D-Day Minus One,1945,archive.org (prelinger),DDayMinu1945,17,ADICIONADO,ok,d-day-minus-one-1945,https://archive.org/details/DDayMinu1945
Machine : Master or Slave?,1941,archive.org (prelinger),machine-master_or_slave,16,ADICIONADO,ok,machine-master-or-slave-1941,https://archive.org/details/machine-master_or_slave
The Girl on the Magazine Cover,1940,archive.org (prelinger),Girlonth1940,9,ADICIONADO,ok,the-girl-on-the-magazine-cover-1940,https://archive.org/details/Girlonth1940
Far Speaking,1935,archive.org (prelinger),FarSpeak1935,11,ADICIONADO,ok,far-speaking-1935,https://archive.org/details/FarSpeak1935
Brazil at War,1943,archive.org (prelinger),Brazilat1943,10,ADICIONADO,ok,brazil-at-war-1943,https://archive.org/details/Brazilat1943
Man and His Culture,1954,archive.org (prelinger),ManandHi1954,14,ADICIONADO,ok,man-and-his-culture-1954,https://archive.org/details/ManandHi1954
Distant Drummer: Flowers of Darkness,1972,archive.org (prelinger),DistantD1972,22,ADICIONADO,ok,distant-drummer-flowers-of-darkness-1972,https://archive.org/details/DistantD1972
The Strange Ones,,archive.org (prelinger),strange_ones,10,ADICIONADO,ok,the-strange-ones,https://archive.org/details/strange_ones
Pathe News Christmas with Their Cameramen and Crews 'Round the World,1950,archive.org (prelinger),PatheNew1950,5,ADICIONADO,ok,pathe-news-christmas-with-their-cameramen-and-crews-round-the-world-1950,https://archive.org/details/PatheNew1950
Three to Get Ready: A Progress Report from BART,1967,archive.org (prelinger),ThreetoG1967,14,ADICIONADO,ok,three-to-get-ready-a-progress-report-from-bart-1967,https://archive.org/details/ThreetoG1967
Dinner Party,1945,archive.org (prelinger),DinnerPa1945,16,ADICIONADO,ok,dinner-party-1945,https://archive.org/details/DinnerPa1945
Up In Smoke,1960,archive.org (prelinger),UpInSmok1960,21,ADICIONADO,ok,up-in-smoke-1960,https://archive.org/details/UpInSmok1960
Caught Mapping,1940,archive.org (prelinger),CaughtMa1940,9,ADICIONADO,ok,caught-mapping-1940,https://archive.org/details/CaughtMa1940
Why Study Science?,1955,archive.org (prelinger),WhyStudy1955_2,11,ADICIONADO,ok,why-study-science-1955,https://archive.org/details/WhyStudy1955_2
Your Body During Adolescence,1955,archive.org (prelinger),your_body_during_adolescence,10,ADICIONADO,ok,your-body-during-adolescence-1955,https://archive.org/details/your_body_during_adolescence
Gossip,1953,archive.org (prelinger),Gossip1953,10,ADICIONADO,ok,gossip-1953,https://archive.org/details/Gossip1953
"Chevrolet Leader News (Vol. 2, No. 3)",1936,archive.org (prelinger),Chevrole1936_3,9,ADICIONADO,ok,chevrolet-leader-news-vol-2-no-3-1936,https://archive.org/details/Chevrole1936_3
Ant City,1949,archive.org (prelinger),ant_city,10,ADICIONADO,ok,ant-city-1949,https://archive.org/details/ant_city
Drugs In Our Culture,1970,archive.org (prelinger),drugs_in_our_culture,29,ADICIONADO,ok,drugs-in-our-culture-1970,https://archive.org/details/drugs_in_our_culture
Alaska: A Modern Frontier (Revised edition),1948,archive.org (prelinger),AlaskaAM1948,10,ADICIONADO,ok,alaska-a-modern-frontier-revised-edition-1948,https://archive.org/details/AlaskaAM1948
Boy in Court,1940,archive.org (prelinger),BoyinCou1940,10,ADICIONADO,ok,boy-in-court-1940,https://archive.org/details/BoyinCou1940
Frontiers of the Future (A Screen Editorial With Lowell Thomas),1937,archive.org (prelinger),Frontier1937,10,ADICIONADO,ok,frontiers-of-the-future-a-screen-editorial-with-lowell-thomas-1937,https://archive.org/details/Frontier1937
Troop Train,1943,archive.org (prelinger),TroopTra1943,13,ADICIONADO,ok,troop-train-1943,https://archive.org/details/TroopTra1943
It's Everybody's War,1945,archive.org (prelinger),ItsEvery1945,15,ADICIONADO,ok,it-s-everybody-s-war-1945,https://archive.org/details/ItsEvery1945
What Is Money?,1947,archive.org (prelinger),WhatIsMo1947,10,ADICIONADO,ok,what-is-money-1947,https://archive.org/details/WhatIsMo1947
The March of Progress,1945,archive.org (prelinger),MarchofP1945,20,ADICIONADO,ok,the-march-of-progress-1945,https://archive.org/details/MarchofP1945
Over the Waves,1938,archive.org (prelinger),OvertheW1938,9,ADICIONADO,ok,over-the-waves-1938,https://archive.org/details/OvertheW1938
Jealousy,1954,archive.org (prelinger),Jealousy1954,16,ADICIONADO,ok,jealousy-1954,https://archive.org/details/Jealousy1954
Mother Goose Stories,1946,archive.org (prelinger),MotherGooseS,10,ADICIONADO,ok,mother-goose-stories-1946,https://archive.org/details/MotherGooseS
The Snob,1958,archive.org (prelinger),SnobThe1958,13,ADICIONADO,ok,the-snob-1958,https://archive.org/details/SnobThe1958
Radiological Defense,1961,archive.org (prelinger),Radiolog1961,26,ADICIONADO,ok,radiological-defense-1961,https://archive.org/details/Radiolog1961
Safety: Harm Hides at Home,,archive.org (prelinger),safety_harm_hides,16,ADICIONADO,ok,safety-harm-hides-at-home,https://archive.org/details/safety_harm_hides
Birds of Prey,1938,archive.org (prelinger),BirdsofP1938,10,ADICIONADO,ok,birds-of-prey-1938,https://archive.org/details/BirdsofP1938
Story Without End,1950,archive.org (prelinger),StoryWit1950,18,ADICIONADO,ok,story-without-end-1950,https://archive.org/details/StoryWit1950
Your Chance to Live: Earthwatch,1972,archive.org (prelinger),YourChan1972,12,ADICIONADO,ok,your-chance-to-live-earthwatch-1972,https://archive.org/details/YourChan1972
Children of Japan,1941,archive.org (prelinger),Children1941,10,ADICIONADO,ok,children-of-japan-1941,https://archive.org/details/Children1941
Social Seminar: Tom,1972,archive.org (prelinger),social_seminar_tom,19,ADICIONADO,ok,social-seminar-tom-1972,https://archive.org/details/social_seminar_tom
Pearl of the Orient,1955,archive.org (prelinger),Pearloft1955,21,ADICIONADO,ok,pearl-of-the-orient-1955,https://archive.org/details/Pearloft1955
According to Plan: The Story of Modern Sidewalls for the Homes of America,1952,archive.org (prelinger),Accordin1952,17,ADICIONADO,ok,according-to-plan-the-story-of-modern-sidewalls-for-the-homes-of-america-1952,https://archive.org/details/Accordin1952
Color it Clean,1966,archive.org (prelinger),ColoritC1966,19,ADICIONADO,ok,color-it-clean-1966,https://archive.org/details/ColoritC1966
All-American Soap Box Derby (1936),1936,archive.org (prelinger),AllAmeri1934,10,ADICIONADO,ok,all-american-soap-box-derby-1936-1936,https://archive.org/details/AllAmeri1934
The Crime of Korea,1950,archive.org (prelinger),CrimeofK1950,15,ADICIONADO,ok,the-crime-of-korea-1950,https://archive.org/details/CrimeofK1950
Earthquake,1973,archive.org (prelinger),Earthqua1973,27,ADICIONADO,ok,earthquake-1973,https://archive.org/details/Earthqua1973
Green Pastures,1926,archive.org (prelinger),GreenPas1926,5,ADICIONADO,ok,green-pastures-1926,https://archive.org/details/GreenPas1926
Radio at War,1944,archive.org (prelinger),RadioatW1944,21,ADICIONADO,ok,radio-at-war-1944,https://archive.org/details/RadioatW1944
The Electrician,1942,archive.org (prelinger),Electric1942,10,ADICIONADO,ok,the-electrician-1942,https://archive.org/details/Electric1942
Social Seminar: Changing,1971,archive.org (prelinger),SocialSe1971,28,ADICIONADO,ok,social-seminar-changing-1971,https://archive.org/details/SocialSe1971
Speech: Stage Fright and What to Do About It,1949,archive.org (prelinger),SpeechSt1949,10,ADICIONADO,ok,speech-stage-fright-and-what-to-do-about-it-1949,https://archive.org/details/SpeechSt1949
Big Man On Campus,1958,archive.org (prelinger),BigManOnCamp,10,ADICIONADO,ok,big-man-on-campus-1958,https://archive.org/details/BigManOnCamp
Communication,1928,archive.org (prelinger),history_of_communication,19,ADICIONADO,ok,communication-1928,https://archive.org/details/history_of_communication
Hired!,1940,archive.org (prelinger),Hired1940,18,ADICIONADO,ok,hired-1940,https://archive.org/details/Hired1940
"Date With Your Family, A (outtakes)",1950,archive.org (prelinger),DateWith1950_2,10,ADICIONADO,ok,date-with-your-family-a-outtakes-1950,https://archive.org/details/DateWith1950_2
Age of Turmoil,1953,archive.org (prelinger),AgeofTur1953,19,ADICIONADO,ok,age-of-turmoil-1953,https://archive.org/details/AgeofTur1953
The Civil War,1954,archive.org (prelinger),CivilWar1954,15,ADICIONADO,ok,the-civil-war-1954,https://archive.org/details/CivilWar1954
Tragedy or Hope,1972,archive.org (prelinger),Tragedyo1972,24,ADICIONADO,ok,tragedy-or-hope-1972,https://archive.org/details/Tragedyo1972
The Benefits of Looking Ahead,1950,archive.org (prelinger),Benefits1950,10,ADICIONADO,ok,the-benefits-of-looking-ahead-1950,https://archive.org/details/Benefits1950
Capitalism,1948,archive.org (prelinger),Capitali1948,9,ADICIONADO,ok,capitalism-1948,https://archive.org/details/Capitali1948
Getting Ready Physically,1951,archive.org (prelinger),GettingR1951,10,ADICIONADO,ok,getting-ready-physically-1951,https://archive.org/details/GettingR1951
Free Air,1937,archive.org (prelinger),FreeAir1937,10,ADICIONADO,ok,free-air-1937,https://archive.org/details/FreeAir1937
The Powers of Congress,1947,archive.org (prelinger),Powersof1947,10,ADICIONADO,ok,the-powers-of-congress-1947,https://archive.org/details/Powersof1947
Your Safety First,,archive.org (prelinger),your_safety_first,13,ADICIONADO,ok,your-safety-first,https://archive.org/details/your_safety_first
The Tip-Tops in Peppyland,1934,archive.org (prelinger),TipTopsi1934,11,ADICIONADO,ok,the-tip-tops-in-peppyland-1934,https://archive.org/details/TipTopsi1934
Our Cities Must Fight,1951,archive.org (prelinger),OurCitie1951,9,ADICIONADO,ok,our-cities-must-fight-1951,https://archive.org/details/OurCitie1951
Operator Toll Dialing: Dialing,1949,archive.org (prelinger),Operator1949_2,6,ADICIONADO,ok,operator-toll-dialing-dialing-1949,https://archive.org/details/Operator1949_2
Mind Your Manners,1953,archive.org (prelinger),MindYour1953,11,ADICIONADO,ok,mind-your-manners-1953,https://archive.org/details/MindYour1953
Toward Emotional Maturity,1954,archive.org (prelinger),TowardEm1954,10,ADICIONADO,ok,toward-emotional-maturity-1954,https://archive.org/details/TowardEm1954
Magic in the Air (1955),1955,archive.org (prelinger),Magicint1955,8,ADICIONADO,ok,magic-in-the-air-1955-1955,https://archive.org/details/Magicint1955
Johnny Learns His Manners,1946,archive.org (prelinger),JohnnyLe1946,17,ADICIONADO,ok,johnny-learns-his-manners-1946,https://archive.org/details/JohnnyLe1946
Facts on Friction,1934,archive.org (prelinger),facts_on_friction,9,ADICIONADO,ok,facts-on-friction-1934,https://archive.org/details/facts_on_friction
Target Invisible,1945,archive.org (prelinger),TargetIn1945,8,ADICIONADO,ok,target-invisible-1945,https://archive.org/details/TargetIn1945
Your Permit to Drive,1951,archive.org (prelinger),YourPerm1951,10,ADICIONADO,ok,your-permit-to-drive-1951,https://archive.org/details/YourPerm1951
The Airport,1948,archive.org (prelinger),AirportT1948,10,ADICIONADO,ok,the-airport-1948,https://archive.org/details/AirportT1948
Let's Be Good Citizens at School,1953,archive.org (prelinger),LetsBeGo1953,9,ADICIONADO,ok,let-s-be-good-citizens-at-school-1953,https://archive.org/details/LetsBeGo1953
Modes of the Moment,1917,archive.org (prelinger),Modesoft1917,4,ADICIONADO,ok,modes-of-the-moment-1917,https://archive.org/details/Modesoft1917
The Hillsborough with New Hideaway Styling,1959,archive.org (prelinger),Hillsbor1959,3,ADICIONADO,ok,the-hillsborough-with-new-hideaway-styling-1959,https://archive.org/details/Hillsbor1959
Bee City,1951,archive.org (prelinger),BeeCity1951,11,ADICIONADO,ok,bee-city-1951,https://archive.org/details/BeeCity1951
The Passenger Train,1940,archive.org (prelinger),passenger_train,11,ADICIONADO,ok,the-passenger-train-1940,https://archive.org/details/passenger_train
Assignment: Venezuela,1956,archive.org (prelinger),Assignme1956,24,ADICIONADO,ok,assignment-venezuela-1956,https://archive.org/details/Assignme1956
Tobacco and the Human Body,1954,archive.org (prelinger),Tobaccoa1954,14,ADICIONADO,ok,tobacco-and-the-human-body-1954,https://archive.org/details/Tobaccoa1954
Carving Magic,,archive.org (prelinger),carving_magic,21,ADICIONADO,ok,carving-magic,https://archive.org/details/carving_magic
Preparation of Foods: Stone Age to Space Age,,archive.org (prelinger),preparation_of_foods,10,ADICIONADO,ok,preparation-of-foods-stone-age-to-space-age,https://archive.org/details/preparation_of_foods
Fashion Horizons,1940,archive.org (prelinger),FashionH1940,19,ADICIONADO,ok,fashion-horizons-1940,https://archive.org/details/FashionH1940
Safety: In Danger Out of Doors,,archive.org (prelinger),safety_in_danger,15,ADICIONADO,ok,safety-in-danger-out-of-doors,https://archive.org/details/safety_in_danger
Speeding Speech,1950,archive.org (prelinger),Speeding1950,10,ADICIONADO,ok,speeding-speech-1950,https://archive.org/details/Speeding1950
Self-Conscious Guy,1951,archive.org (prelinger),SelfCons1951,10,ADICIONADO,ok,self-conscious-guy-1951,https://archive.org/details/SelfCons1951
The Penwiper,1926,archive.org (prelinger),Penwiper1926,4,ADICIONADO,ok,the-penwiper-1926,https://archive.org/details/Penwiper1926
Ways to Settle Disputes,1950,archive.org (prelinger),WaystoSe1950,10,ADICIONADO,ok,ways-to-settle-disputes-1950,https://archive.org/details/WaystoSe1950
Ulcer at Work,1957,archive.org (prelinger),ulcer_at_work,29,ADICIONADO,ok,ulcer-at-work-1957,https://archive.org/details/ulcer_at_work
Shock Troops of Disaster: The Story of the New England Hurricane,1938,archive.org (prelinger),ShockTro1938,11,ADICIONADO,ok,shock-troops-of-disaster-the-story-of-the-new-england-hurricane-1938,https://archive.org/details/ShockTro1938
Who Are the People of America?,1953,archive.org (prelinger),WhoAreth1953,10,ADICIONADO,ok,who-are-the-people-of-america-1953,https://archive.org/details/WhoAreth1953
Operator Toll Dialing: Cord Signals,1949,archive.org (prelinger),Operator1949,3,ADICIONADO,ok,operator-toll-dialing-cord-signals-1949,https://archive.org/details/Operator1949
Wheels of Progress,1927,archive.org (prelinger),Wheelsof1927,14,ADICIONADO,ok,wheels-of-progress-1927,https://archive.org/details/Wheelsof1927
Hands,1944,archive.org (prelinger),Hands1944,2,ADICIONADO,ok,hands-1944,https://archive.org/details/Hands1944
The Fun of Being Thoughtful,1950,archive.org (prelinger),FunofBei1950,10,ADICIONADO,ok,the-fun-of-being-thoughtful-1950,https://archive.org/details/FunofBei1950
"The Island of Yesterday: Sumatra, Dutch West Indies",1920,archive.org (prelinger),Islandof1920,10,ADICIONADO,ok,the-island-of-yesterday-sumatra-dutch-west-indies-1920,https://archive.org/details/Islandof1920
Right or Wrong? (Making Moral Decisions),1951,archive.org (prelinger),RightorW1951,10,ADICIONADO,ok,right-or-wrong-making-moral-decisions-1951,https://archive.org/details/RightorW1951
New Seven-Function Remote Control for Color,1959,archive.org (prelinger),NewSeven1959,3,ADICIONADO,ok,new-seven-function-remote-control-for-color-1959,https://archive.org/details/NewSeven1959
Communication: A Film Lesson in General Science / Development of Communication,1927,archive.org (prelinger),Communic1927,13,ADICIONADO,ok,communication-a-film-lesson-in-general-science-development-of-communication-1927,https://archive.org/details/Communic1927
Motivation and Reward in Learning,1948,archive.org (prelinger),Motivati1948,13,ADICIONADO,ok,motivation-and-reward-in-learning-1948,https://archive.org/details/Motivati1948
Why Braceros?,1959,archive.org (prelinger),WhyBrace1959,19,ADICIONADO,ok,why-braceros-1959,https://archive.org/details/WhyBrace1959
Understand Your Emotions,1950,archive.org (prelinger),Understa1950,13,ADICIONADO,ok,understand-your-emotions-1950,https://archive.org/details/Understa1950
"Our Home Town: Levittown, Pa.",1954,archive.org (prelinger),OurHomeT1954_2,22,ADICIONADO,ok,our-home-town-levittown-pa-1954,https://archive.org/details/OurHomeT1954_2
Am I Trustworthy?,1950,archive.org (prelinger),AmITrust1950,10,ADICIONADO,ok,am-i-trustworthy-1950,https://archive.org/details/AmITrust1950
The Best Made Plans,1956,archive.org (prelinger),BestMade1956,21,ADICIONADO,ok,the-best-made-plans-1956,https://archive.org/details/BestMade1956
The World Through Stamps: The Stories Behind Postage Stamps,1957,archive.org (prelinger),WorldThr1957,13,ADICIONADO,ok,the-world-through-stamps-the-stories-behind-postage-stamps-1957,https://archive.org/details/WorldThr1957
Vision in the Forest,1957,archive.org (prelinger),Visionin1957,5,ADICIONADO,ok,vision-in-the-forest-1957,https://archive.org/details/Visionin1957
Mainline U.S.A.,1957,archive.org (prelinger),Mainline1957,19,ADICIONADO,ok,mainline-u-s-a-1957,https://archive.org/details/Mainline1957
Sky Billboards,1935,archive.org (prelinger),SkyBillb1935,8,ADICIONADO,ok,sky-billboards-1935,https://archive.org/details/SkyBillb1935
Mission Accomplished: The Story of the Flying Fortress,1942,archive.org (prelinger),MissionA1942,11,ADICIONADO,ok,mission-accomplished-the-story-of-the-flying-fortress-1942,https://archive.org/details/MissionA1942
The Responsibilities of American Citizenship,1955,archive.org (prelinger),Responsi1955,10,ADICIONADO,ok,the-responsibilities-of-american-citizenship-1955,https://archive.org/details/Responsi1955
The Mullinaires,1953,archive.org (prelinger),Mullinai1953,10,ADICIONADO,ok,the-mullinaires-1953,https://archive.org/details/Mullinai1953
All in One,1938,archive.org (prelinger),AllinOne1938,11,ADICIONADO,ok,all-in-one-1938,https://archive.org/details/AllinOne1938
How to Use Classroom Films,1963,archive.org (prelinger),HowtoUse1963,14,ADICIONADO,ok,how-to-use-classroom-films-1963,https://archive.org/details/HowtoUse1963
Facing Reality,1954,archive.org (prelinger),FacingRe1954,11,ADICIONADO,ok,facing-reality-1954,https://archive.org/details/FacingRe1954
Behind the Freedom Curtain,1957,archive.org (prelinger),Behindth1957,18,ADICIONADO,ok,behind-the-freedom-curtain-1957,https://archive.org/details/Behindth1957
An Old Chinese Proverb: One Picture Is Worth Ten Thousand Words,1946,archive.org (prelinger),OldChine1946,22,ADICIONADO,ok,an-old-chinese-proverb-one-picture-is-worth-ten-thousand-words-1946,https://archive.org/details/OldChine1946
Round and Round (Widgets),1939,archive.org (prelinger),Roundand1939,6,ADICIONADO,ok,round-and-round-widgets-1939,https://archive.org/details/Roundand1939
Law and Social Controls,1949,archive.org (prelinger),LawandSo1949,10,ADICIONADO,ok,law-and-social-controls-1949,https://archive.org/details/LawandSo1949
Holiday from Rules?,1959,archive.org (prelinger),Holidayf1959,10,ADICIONADO,ok,holiday-from-rules-1959,https://archive.org/details/Holidayf1959
What Makes a Fine Watch Fine?,1947,archive.org (prelinger),WhatMake1947,20,ADICIONADO,ok,what-makes-a-fine-watch-fine-1947,https://archive.org/details/WhatMake1947
News Magazine of the Screen: Atomic Energy,1950,archive.org (prelinger),NewsMaga1950_2,21,ADICIONADO,ok,news-magazine-of-the-screen-atomic-energy-1950,https://archive.org/details/NewsMaga1950_2
Beginning Responsibility: Taking Care of Things,1951,archive.org (prelinger),Beginnin1951,9,ADICIONADO,ok,beginning-responsibility-taking-care-of-things-1951,https://archive.org/details/Beginnin1951
Development of a Salamander,1920,archive.org (prelinger),Developm1920,14,ADICIONADO,ok,development-of-a-salamander-1920,https://archive.org/details/Developm1920
Roads to Romance: Coral Gables,1950,archive.org (prelinger),RoadstoR1950,3,ADICIONADO,ok,roads-to-romance-coral-gables-1950,https://archive.org/details/RoadstoR1950
Soundie - Hollywood Boogie,1946,archive.org (prelinger),soundie_12,3,ADICIONADO,ok,soundie-hollywood-boogie-1946,https://archive.org/details/soundie_12
Electromagnetism,,archive.org (prelinger),electromagnetism,10,ADICIONADO,ok,electromagnetism,https://archive.org/details/electromagnetism
A Welcome Guest in the House,1957,archive.org (prelinger),WelcomeG1957,24,ADICIONADO,ok,a-welcome-guest-in-the-house-1957,https://archive.org/details/WelcomeG1957
#Bfl O {ggGX  = STwWcfl x 2s4 (Calvin Workshop),1963,archive.org (prelinger),BflOggGX1963,7,ADICIONADO,ok,bfl-o-gggx-stwwcfl-x-2s4-calvin-workshop-1963,https://archive.org/details/BflOggGX1963
English Children: Life in the City,1949,archive.org (prelinger),EnglishC1949,11,ADICIONADO,ok,english-children-life-in-the-city-1949,https://archive.org/details/EnglishC1949
Time Out for Trouble,1961,archive.org (prelinger),time_out_for_trouble,19,ADICIONADO,ok,time-out-for-trouble-1961,https://archive.org/details/time_out_for_trouble
Office Courtesy: Meeting the Public,1952,archive.org (prelinger),OfficeCo1952,11,ADICIONADO,ok,office-courtesy-meeting-the-public-1952,https://archive.org/details/OfficeCo1952
Color Harmony for Your Home,1956,archive.org (prelinger),ColorHar1956,20,ADICIONADO,ok,color-harmony-for-your-home-1956,https://archive.org/details/ColorHar1956
The Pharmacist,1946,archive.org (prelinger),Pharmaci1946,10,ADICIONADO,ok,the-pharmacist-1946,https://archive.org/details/Pharmaci1946
Last Word In Automatic Dishwashing,1950,archive.org (prelinger),LastWordInAu,27,ADICIONADO,ok,last-word-in-automatic-dishwashing-1950,https://archive.org/details/LastWordInAu
You and Your Bicycle,1948,archive.org (prelinger),YouandYo1948,9,ADICIONADO,ok,you-and-your-bicycle-1948,https://archive.org/details/YouandYo1948
Roads to Romance: The Santa Cruz Trail and Land of the Giant Cactus,1950,archive.org (prelinger),RoadstoR1950_2,3,ADICIONADO,ok,roads-to-romance-the-santa-cruz-trail-and-land-of-the-giant-cactus-1950,https://archive.org/details/RoadstoR1950_2
Campus on the March,1942,archive.org (prelinger),Campuson1942,18,ADICIONADO,ok,campus-on-the-march-1942,https://archive.org/details/Campuson1942
Developing Self-Reliance,1951,archive.org (prelinger),Developi1951,10,ADICIONADO,ok,developing-self-reliance-1951,https://archive.org/details/Developi1951
The Heart,1950,archive.org (prelinger),HeartThe1950,10,ADICIONADO,ok,the-heart-1950,https://archive.org/details/HeartThe1950
The Town,1945,archive.org (prelinger),TownThe1945,10,ADICIONADO,ok,the-town-1945,https://archive.org/details/TownThe1945
Told By a Tooth,1939,archive.org (prelinger),ToldByaT1939,10,ADICIONADO,ok,told-by-a-tooth-1939,https://archive.org/details/ToldByaT1939
American Women: Partners in Research,1960,archive.org (prelinger),American1960_2,13,ADICIONADO,ok,american-women-partners-in-research-1960,https://archive.org/details/American1960_2
Man to Man,1947,archive.org (prelinger),MantoMan1947,24,ADICIONADO,ok,man-to-man-1947,https://archive.org/details/MantoMan1947
Color Keying in Art and Living,1950,archive.org (prelinger),ColorKey1950,10,ADICIONADO,ok,color-keying-in-art-and-living-1950,https://archive.org/details/ColorKey1950
How Do You Do?,1946,archive.org (prelinger),HowDoYou1946,14,ADICIONADO,ok,how-do-you-do-1946,https://archive.org/details/HowDoYou1946
Animals in Modern Life,1937,archive.org (prelinger),Animalsi1937,11,ADICIONADO,ok,animals-in-modern-life-1937,https://archive.org/details/Animalsi1937
None for the Road: Teenage Drinking and Driving,1957,archive.org (prelinger),Nonefort1957,14,ADICIONADO,ok,none-for-the-road-teenage-drinking-and-driving-1957,https://archive.org/details/Nonefort1957
Journalism,1940,archive.org (prelinger),Journali1940,11,ADICIONADO,ok,journalism-1940,https://archive.org/details/Journali1940
Your Police,1953,archive.org (prelinger),your_police,15,ADICIONADO,ok,your-police-1953,https://archive.org/details/your_police
The Secretary's Day,1947,archive.org (prelinger),Secretar1947,11,ADICIONADO,ok,the-secretary-s-day-1947,https://archive.org/details/Secretar1947
Attitudes and Health,1949,archive.org (prelinger),Attitude1949,10,ADICIONADO,ok,attitudes-and-health-1949,https://archive.org/details/Attitude1949
"Henry Browne, Farmer",1942,archive.org (prelinger),HenryBro1942,11,ADICIONADO,ok,henry-browne-farmer-1942,https://archive.org/details/HenryBro1942
Water,1953,archive.org (prelinger),Water1953,10,ADICIONADO,ok,water-1953,https://archive.org/details/Water1953
The Bright Young Newcomer,1958,archive.org (prelinger),BrightYo1958,7,ADICIONADO,ok,the-bright-young-newcomer-1958,https://archive.org/details/BrightYo1958
Boats,1938,archive.org (prelinger),Boats1938,10,ADICIONADO,ok,boats-1938,https://archive.org/details/Boats1938
Saint Paul Police Detectives and Their Work: A Color Chartoon,1941,archive.org (prelinger),SaintPau1941,8,ADICIONADO,ok,saint-paul-police-detectives-and-their-work-a-color-chartoon-1941,https://archive.org/details/SaintPau1941
The Outsider,1951,archive.org (prelinger),Outsider1951,12,ADICIONADO,ok,the-outsider-1951,https://archive.org/details/Outsider1951
The Bottle and the Throttle,1961,archive.org (prelinger),bottle_and_the_throttle,10,ADICIONADO,ok,the-bottle-and-the-throttle-1961,https://archive.org/details/bottle_and_the_throttle
"Goodbye, Mrs. Ant",1959,archive.org (prelinger),GoodbyeM1959_2,13,ADICIONADO,ok,goodbye-mrs-ant-1959,https://archive.org/details/GoodbyeM1959_2
Here's Looking,1939,archive.org (prelinger),HeresLoo1939,9,ADICIONADO,ok,here-s-looking-1939,https://archive.org/details/HeresLoo1939
Overs and Outs,1964,archive.org (prelinger),Oversand1964,10,ADICIONADO,ok,overs-and-outs-1964,https://archive.org/details/Oversand1964
Nursing,1942,archive.org (prelinger),Nursing1942,11,ADICIONADO,ok,nursing-1942,https://archive.org/details/Nursing1942
Lewis and Clark,1950,archive.org (prelinger),Lewisand1950,16,ADICIONADO,ok,lewis-and-clark-1950,https://archive.org/details/Lewisand1950
About Faces,1941,archive.org (prelinger),AboutFac1941,10,ADICIONADO,ok,about-faces-1941,https://archive.org/details/AboutFac1941
Lucky Strike Means Fine Tobacco,1950,archive.org (prelinger),lucky_strike_means_fine_tobacco,9,ADICIONADO,ok,lucky-strike-means-fine-tobacco-1950,https://archive.org/details/lucky_strike_means_fine_tobacco
Flatboatmen of the Frontier,1941,archive.org (prelinger),flatboatmen_of_the_frontier,10,ADICIONADO,ok,flatboatmen-of-the-frontier-1941,https://archive.org/details/flatboatmen_of_the_frontier
Who's Right?,1954,archive.org (prelinger),WhosRigh1954,18,ADICIONADO,ok,who-s-right-1954,https://archive.org/details/WhosRigh1954
Seeing Green,1937,archive.org (prelinger),SeeingGr1937,9,ADICIONADO,ok,seeing-green-1937,https://archive.org/details/SeeingGr1937
Detroit News Newsreel (1917),1917,archive.org (prelinger),DetroitN1917,8,ADICIONADO,ok,detroit-news-newsreel-1917-1917,https://archive.org/details/DetroitN1917
Friendship Begins At Home,1949,archive.org (prelinger),Friendsh1949,15,ADICIONADO,ok,friendship-begins-at-home-1949,https://archive.org/details/Friendsh1949
Special Delivery,1963,archive.org (prelinger),SpecialD1963,25,ADICIONADO,ok,special-delivery-1963,https://archive.org/details/SpecialD1963
Redwood Saga,1940,archive.org (prelinger),RedwoodS1940,10,ADICIONADO,ok,redwood-saga-1940,https://archive.org/details/RedwoodS1940
Parade in New York,,archive.org (prelinger),parade_in_new_york,22,ADICIONADO,ok,parade-in-new-york,https://archive.org/details/parade_in_new_york
"Management of Mass Casualties, Part X: Management of Psychological Casualties",1958,archive.org (prelinger),Manageme1958,23,ADICIONADO,ok,management-of-mass-casualties-part-x-management-of-psychological-casualties-1958,https://archive.org/details/Manageme1958
"Chevrolet Leader News (Vol. 3, No. 1)",1937,archive.org (prelinger),Chevrole1937,9,ADICIONADO,ok,chevrolet-leader-news-vol-3-no-1-1937,https://archive.org/details/Chevrole1937
The Human Bridge,1949,archive.org (prelinger),HumanBri1949,27,ADICIONADO,ok,the-human-bridge-1949,https://archive.org/details/HumanBri1949
"Passenger Train, The (Second Edition)",1955,archive.org (prelinger),Passenge1955,10,ADICIONADO,ok,passenger-train-the-second-edition-1955,https://archive.org/details/Passenge1955
"News Magazine of the Screen, The (Vol. 2, Issue 6)",1952,archive.org (prelinger),NewsMaga_3,23,ADICIONADO,ok,news-magazine-of-the-screen-the-vol-2-issue-6-1952,https://archive.org/details/NewsMaga_3
Early Settlers of New England (Salem 1626-1629),1940,archive.org (prelinger),EarlySet1940,10,ADICIONADO,ok,early-settlers-of-new-england-salem-1626-1629-1940,https://archive.org/details/EarlySet1940
Building a Highway,1948,archive.org (prelinger),Building1948,10,ADICIONADO,ok,building-a-highway-1948,https://archive.org/details/Building1948
Introduction to Foreign Trade,1951,archive.org (prelinger),Introduc1951,10,ADICIONADO,ok,introduction-to-foreign-trade-1951,https://archive.org/details/Introduc1951
Table Manners,1947,archive.org (prelinger),TableMan1947,10,ADICIONADO,ok,table-manners-1947,https://archive.org/details/TableMan1947
Emotional Maturity,1957,archive.org (prelinger),Emotiona1957,20,ADICIONADO,ok,emotional-maturity-1957,https://archive.org/details/Emotiona1957
It Happened in Mayfair,1937,archive.org (prelinger),ItHappen1937,17,ADICIONADO,ok,it-happened-in-mayfair-1937,https://archive.org/details/ItHappen1937
Why Vandalism?,1955,archive.org (prelinger),WhyVanda1955,16,ADICIONADO,ok,why-vandalism-1955,https://archive.org/details/WhyVanda1955
Democracy at Work in Rural Puerto Rico,1940,archive.org (prelinger),Democrac1940,19,ADICIONADO,ok,democracy-at-work-in-rural-puerto-rico-1940,https://archive.org/details/Democrac1940
Journey through a Day,1967,archive.org (prelinger),Journeyt1967,17,ADICIONADO,ok,journey-through-a-day-1967,https://archive.org/details/Journeyt1967
Poultry on the Farm,1937,archive.org (prelinger),Poultryo1937,10,ADICIONADO,ok,poultry-on-the-farm-1937,https://archive.org/details/Poultryo1937
Something New From Something Old,1958,archive.org (prelinger),Somethin1958,12,ADICIONADO,ok,something-new-from-something-old-1958,https://archive.org/details/Somethin1958
Jay Can Do It,1965,archive.org (prelinger),JayCanDoIt,13,ADICIONADO,ok,jay-can-do-it-1965,https://archive.org/details/JayCanDoIt
The Big Delivery Wagon,1951,archive.org (prelinger),BigDeliv1951,12,ADICIONADO,ok,the-big-delivery-wagon-1951,https://archive.org/details/BigDeliv1951
Rest and Health,1949,archive.org (prelinger),RestandH1949,10,ADICIONADO,ok,rest-and-health-1949,https://archive.org/details/RestandH1949
On the Firing Line,1936,archive.org (prelinger),OntheFir1936,19,ADICIONADO,ok,on-the-firing-line-1936,https://archive.org/details/OntheFir1936
"Goodbye, Mr. Roach",1959,archive.org (prelinger),GoodbyeM1959,10,ADICIONADO,ok,goodbye-mr-roach-1959,https://archive.org/details/GoodbyeM1959
The Welding Operator,1942,archive.org (prelinger),WeldingO1942,10,ADICIONADO,ok,the-welding-operator-1942,https://archive.org/details/WeldingO1942
The Machinist and Tool Maker,1942,archive.org (prelinger),Machinis1942,11,ADICIONADO,ok,the-machinist-and-tool-maker-1942,https://archive.org/details/Machinis1942
Censorship: A Question of Judgment?,1963,archive.org (prelinger),Censorsh1963,5,ADICIONADO,ok,censorship-a-question-of-judgment-1963,https://archive.org/details/Censorsh1963
So They Tell Me,1916,archive.org (prelinger),SoTheyTe1916,5,ADICIONADO,ok,so-they-tell-me-1916,https://archive.org/details/SoTheyTe1916
Photographic Studies in Hypnosis,,archive.org (prelinger),hypnosis,9,ADICIONADO,ok,photographic-studies-in-hypnosis,https://archive.org/details/hypnosis
Safe Roads,1935,archive.org (prelinger),SafeRoad1935,8,ADICIONADO,ok,safe-roads-1935,https://archive.org/details/SafeRoad1935
Your Social Security,1940,archive.org (prelinger),YourSoci1940,17,ADICIONADO,ok,your-social-security-1940,https://archive.org/details/YourSoci1940
What to Do in a Gas Attack,1942,archive.org (prelinger),WhattoDo1943,14,ADICIONADO,ok,what-to-do-in-a-gas-attack-1942,https://archive.org/details/WhattoDo1943
The Twenty-Six Old Characters,1947,archive.org (prelinger),TwentySi1947,21,ADICIONADO,ok,the-twenty-six-old-characters-1947,https://archive.org/details/TwentySi1947
Air Transportation,1947,archive.org (prelinger),AirTrans1947,10,ADICIONADO,ok,air-transportation-1947,https://archive.org/details/AirTrans1947
Birth of a City,,archive.org (prelinger),birth_of_a_city,15,ADICIONADO,ok,birth-of-a-city,https://archive.org/details/birth_of_a_city
Pioneers of the Plains,1942,archive.org (prelinger),Pioneers1942,10,ADICIONADO,ok,pioneers-of-the-plains-1942,https://archive.org/details/Pioneers1942
Max Fleischer News Sketches,1944,archive.org (prelinger),max_fleischer_news_sketches,7,ADICIONADO,ok,max-fleischer-news-sketches-1944,https://archive.org/details/max_fleischer_news_sketches
"Pathe News Digest (1937, No. 3)",1937,archive.org (prelinger),PatheNew1937,13,ADICIONADO,ok,pathe-news-digest-1937-no-3-1937,https://archive.org/details/PatheNew1937
WJR: One of a Kind,1966,archive.org (prelinger),WjrOneOfAKin,15,ADICIONADO,ok,wjr-one-of-a-kind-1966,https://archive.org/details/WjrOneOfAKin
Safety Through Seat Belts,,archive.org (prelinger),safety_through_seat_belts,13,ADICIONADO,ok,safety-through-seat-belts,https://archive.org/details/safety_through_seat_belts
Eskimos: Winter in Western Alaska,1950,archive.org (prelinger),EskimosW1950,8,ADICIONADO,ok,eskimos-winter-in-western-alaska-1950,https://archive.org/details/EskimosW1950
ADT: When Every Minute Counts,1958,archive.org (prelinger),ADTWhenE1958,21,ADICIONADO,ok,adt-when-every-minute-counts-1958,https://archive.org/details/ADTWhenE1958
A Mark of Wholesome Meat,1964,archive.org (prelinger),MarkofWh1964,18,ADICIONADO,ok,a-mark-of-wholesome-meat-1964,https://archive.org/details/MarkofWh1964
Soundie - A Jazz Etude,1941,archive.org (prelinger),soundie_10,3,ADICIONADO,ok,soundie-a-jazz-etude-1941,https://archive.org/details/soundie_10
The Way You Want It,1950,archive.org (prelinger),way_you_want_it,8,ADICIONADO,ok,the-way-you-want-it-1950,https://archive.org/details/way_you_want_it
Measure of a Man,1962,archive.org (prelinger),Measureo1962,22,ADICIONADO,ok,measure-of-a-man-1962,https://archive.org/details/Measureo1962
Key to Our Horizons,1952,archive.org (prelinger),KeytoOur1952,11,ADICIONADO,ok,key-to-our-horizons-1952,https://archive.org/details/KeytoOur1952
From Dreams to Reality - A Tribute to Minority Inventors,1986,archive.org (usgovfilms),gov.ntis.AVA16247VNB1,27,ADICIONADO,ok,from-dreams-to-reality-a-tribute-to-minority-inventors-1986,https://archive.org/details/gov.ntis.AVA16247VNB1
Paradise Express,1937,novos-filmes-encontrados.csv (backlog reavaliado),paradise_express,53,ADICIONADO,ok - reavaliado por estúdio/produtora nesta rodada,paradise-express-1937,https://archive.org/details/paradise_express
Bank Alarm,1937,novos-filmes-encontrados.csv (backlog reavaliado),bank_alarm_ipod,61,ADICIONADO,ok - reavaliado por estúdio/produtora nesta rodada,bank-alarm-1937,https://archive.org/details/bank_alarm_ipod
Dr. Christian Meets the Women,1940,novos-filmes-encontrados.csv (backlog reavaliado),dr_christian_meets_the_women,66,ADICIONADO,ok - reavaliado por estúdio/produtora nesta rodada,dr-christian-meets-the-women-1940,https://archive.org/details/dr_christian_meets_the_women
Jesse James Meets Frankenstein's Daughter,1966,novos-filmes-encontrados.csv (backlog reavaliado),jesse-james-meets-frankensteins-daughter-1966,83,ADICIONADO,ok - reavaliado por estúdio/produtora nesta rodada,jesse-james-meets-frankensteins-daughter-1966,https://archive.org/details/jesse-james-meets-frankensteins-daughter-1966
Grave of the Vampire,1974,novos-filmes-encontrados.csv (backlog reavaliado),Grave_of_the_Vampire_movie,90,ADICIONADO,ok - reavaliado por estúdio/produtora nesta rodada,grave-of-the-vampire-1974,https://archive.org/details/Grave_of_the_Vampire_movie
Santa and the Three Bears,1970,novos-filmes-encontrados.csv (backlog reavaliado),SantaandtheThreeBears,46,ADICIONADO,ok - reavaliado por estúdio/produtora nesta rodada,santa-and-the-three-bears-1970,https://archive.org/details/SantaandtheThreeBears
"Apollo 13: Houston, We've Got a Problem",1972,novos-filmes-encontrados.csv (backlog reavaliado),HoustonWeveGotAProblem,28,ADICIONADO,ok - reavaliado por estúdio/produtora nesta rodada,apollo-13-houston-weve-got-a-problem-1972,https://archive.org/details/HoustonWeveGotAProblem
Within This Decade: America in Space,1969,novos-filmes-encontrados.csv (backlog reavaliado),WithinThisDecade,28,ADICIONADO,ok - reavaliado por estúdio/produtora nesta rodada,within-this-decade-america-in-space-1969,https://archive.org/details/WithinThisDecade
Bacteria: Friend and Foe,,archive.org (prelinger/usgovfilms),bacteria_friend_and_foe,,DESCARTADO,duração ausente ou abaixo do mínimo aceitável no archive.org/metadata,,https://archive.org/details/bacteria_friend_and_foe
Experiments in the Revival of Organisms,,archive.org (prelinger/usgovfilms),Experime1940,,DESCARTADO,"produção estrangeira (URSS) - risco de restauração de copyright pela URAA/GATT 1996, rejeitado por cautela",,https://archive.org/details/Experime1940
Time Savers for House Makers,,archive.org (prelinger/usgovfilms),TimeSave1936,,DESCARTADO,duração ausente ou abaixo do mínimo aceitável no archive.org/metadata,,https://archive.org/details/TimeSave1936
Boys Beware,,archive.org (prelinger/usgovfilms),boys_beware,,DESCARTADO,"conteúdo de pânico moral antigay (""beware""/molestação) - excluído por adequação de conteúdo, apesar de tecnicamente domínio público",,https://archive.org/details/boys_beware
Stripper - Variety Girls,,archive.org (prelinger/usgovfilms),stripper_variety_girls,,DESCARTADO,"conteúdo adulto (striptease/""stag film"") - fora do escopo do catálogo independentemente do status de domínio público",,https://archive.org/details/stripper_variety_girls
As Boys Grow,,archive.org (prelinger/usgovfilms),AsBoysGr1957,,DESCARTADO,timeout ao consultar archive.org/metadata nesta rodada - pode ser reprocessado numa próxima leva (não é rejeição por mérito),,https://archive.org/details/AsBoysGr1957
Cherry Knight,,archive.org (prelinger/usgovfilms),CherryKnight,,DESCARTADO,duração ausente ou abaixo do mínimo aceitável no archive.org/metadata,,https://archive.org/details/CherryKnight
[Amateur film: Texas Farm Family],,archive.org (prelinger/usgovfilms),TexasFar1952,,DESCARTADO,título entre colchetes atribuído pelo catalogador (filmagem doméstica/amadora ou newsreel bruto sem título original) - não é um filme produzido de verdade,,https://archive.org/details/TexasFar1952
Malibu Mermaid,,archive.org (prelinger/usgovfilms),MalibuMermai,,DESCARTADO,"conteúdo adulto (striptease/""stag film"") - fora do escopo do catálogo independentemente do status de domínio público",,https://archive.org/details/MalibuMermai
"[Amateur film: New Orleans Carnival Week, February 22, 1941]",,archive.org (prelinger/usgovfilms),NewOrlea1941,,DESCARTADO,título entre colchetes atribuído pelo catalogador (filmagem doméstica/amadora ou newsreel bruto sem título original) - não é um filme produzido de verdade,,https://archive.org/details/NewOrlea1941
Breakfast Pals,,archive.org (prelinger/usgovfilms),Breakfas1939,,DESCARTADO,duração ausente ou abaixo do mínimo aceitável no archive.org/metadata,,https://archive.org/details/Breakfas1939
Lucky Strike Cigarette Commercial: Square Dance,,archive.org (prelinger/usgovfilms),LuckyStr1948_2,,DESCARTADO,duração ausente ou abaixo do mínimo aceitável no archive.org/metadata,,https://archive.org/details/LuckyStr1948_2
Indian Love Burlesque,,archive.org (prelinger/usgovfilms),IndianLove,,DESCARTADO,duração ausente ou abaixo do mínimo aceitável no archive.org/metadata,,https://archive.org/details/IndianLove
[Amateur film: Dog Cart],,archive.org (prelinger/usgovfilms),DogCart1947,,DESCARTADO,duração ausente ou abaixo do mínimo aceitável no archive.org/metadata,,https://archive.org/details/DogCart1947
[Countdown Leader: Technicolor Corporation],,archive.org (prelinger/usgovfilms),Countdow1960,,DESCARTADO,duração ausente ou abaixo do mínimo aceitável no archive.org/metadata,,https://archive.org/details/Countdow1960
Afro Mood Burlesque,,archive.org (prelinger/usgovfilms),AfroMood,,DESCARTADO,"conteúdo adulto (striptease/""stag film"") - fora do escopo do catálogo independentemente do status de domínio público",,https://archive.org/details/AfroMood
Stripper - Betty Rowland,,archive.org (prelinger/usgovfilms),stripper_betty_rowland,,DESCARTADO,"conteúdo adulto (striptease/""stag film"") - fora do escopo do catálogo independentemente do status de domínio público",,https://archive.org/details/stripper_betty_rowland
[A-Bomb Blast Effects],,archive.org (prelinger/usgovfilms),a-bomb_blast_effects,,DESCARTADO,título entre colchetes atribuído pelo catalogador (filmagem doméstica/amadora ou newsreel bruto sem título original) - não é um filme produzido de verdade,,https://archive.org/details/a-bomb_blast_effects
Stripper #1,,archive.org (prelinger/usgovfilms),stripper_1,,DESCARTADO,"conteúdo adulto (striptease/""stag film"") - fora do escopo do catálogo independentemente do status de domínio público",,https://archive.org/details/stripper_1
"[Trip Down Market Street Before the Fire, A]",,archive.org (prelinger/usgovfilms),TripDown1905,,DESCARTADO,título entre colchetes atribuído pelo catalogador (filmagem doméstica/amadora ou newsreel bruto sem título original) - não é um filme produzido de verdade,,https://archive.org/details/TripDown1905
Build Your Vocabulary,,archive.org (prelinger/usgovfilms),BuildYou1948,,DESCARTADO,timeout ao consultar archive.org/metadata nesta rodada - pode ser reprocessado numa próxima leva (não é rejeição por mérito),,https://archive.org/details/BuildYou1948
Lucky Strike Cigarette Commercial: Marching Cigarettes,,archive.org (prelinger/usgovfilms),LuckyStr1948,,DESCARTADO,duração ausente ou abaixo do mínimo aceitável no archive.org/metadata,,https://archive.org/details/LuckyStr1948
Soundie - Reg Kehoe and his Marimba Queens,,archive.org (prelinger/usgovfilms),SoundieF,,DESCARTADO,duração ausente ou abaixo do mínimo aceitável no archive.org/metadata,,https://archive.org/details/SoundieF
Cancer,,archive.org (prelinger/usgovfilms),Cancer_2,,DESCARTADO,duração ausente ou abaixo do mínimo aceitável no archive.org/metadata,,https://archive.org/details/Cancer_2
Cheerios/V-8,,archive.org (prelinger/usgovfilms),Cheerios1960,,DESCARTADO,duração ausente ou abaixo do mínimo aceitável no archive.org/metadata,,https://archive.org/details/Cheerios1960
Skateboard Sense,,archive.org (prelinger/usgovfilms),skateboard_sense,,DESCARTADO,duração ausente ou abaixo do mínimo aceitável no archive.org/metadata,,https://archive.org/details/skateboard_sense
[Knife-Thrower and Children],,archive.org (prelinger/usgovfilms),KnifeThr1950,,DESCARTADO,duração ausente ou abaixo do mínimo aceitável no archive.org/metadata,,https://archive.org/details/KnifeThr1950
Detroit: City on the Move,,archive.org (prelinger/usgovfilms),DetroitC1965,,DESCARTADO,timeout ao consultar archive.org/metadata nesta rodada - pode ser reprocessado numa próxima leva (não é rejeição por mérito),,https://archive.org/details/DetroitC1965
Alcohol and the Human Body,,archive.org (prelinger/usgovfilms),Alcohola1949,,DESCARTADO,timeout ao consultar archive.org/metadata nesta rodada - pode ser reprocessado numa próxima leva (não é rejeição por mérito),,https://archive.org/details/Alcohola1949
Boulder Dam,,archive.org (prelinger/usgovfilms),tmp_BoulderD_2,,DESCARTADO,duração ausente ou abaixo do mínimo aceitável no archive.org/metadata,,https://archive.org/details/tmp_BoulderD_2
[National Recovery Administration (NRA) Promo],,archive.org (prelinger/usgovfilms),National1933,,DESCARTADO,título entre colchetes atribuído pelo catalogador (filmagem doméstica/amadora ou newsreel bruto sem título original) - não é um filme produzido de verdade,,https://archive.org/details/National1933
More Dangerous Than Dynamite,,archive.org (prelinger/usgovfilms),more_dangerous_then_dynamite,,DESCARTADO,duração ausente ou abaixo do mínimo aceitável no archive.org/metadata,,https://archive.org/details/more_dangerous_then_dynamite
Stripper - Georgia Sothern,,archive.org (prelinger/usgovfilms),stripper_georgia_sothern,,DESCARTADO,"conteúdo adulto (striptease/""stag film"") - fora do escopo do catálogo independentemente do status de domínio público",,https://archive.org/details/stripper_georgia_sothern
"Atom and Biological Science, The",,archive.org (prelinger/usgovfilms),atom_and_biological_science,,DESCARTADO,timeout ao consultar archive.org/metadata nesta rodada - pode ser reprocessado numa próxima leva (não é rejeição por mérito),,https://archive.org/details/atom_and_biological_science
Stripper Betty Howard,,archive.org (prelinger/usgovfilms),stripper_betty_howard,,DESCARTADO,"conteúdo adulto (striptease/""stag film"") - fora do escopo do catálogo independentemente do status de domínio público",,https://archive.org/details/stripper_betty_howard
"Movie Trailers: ""Doomsday"" Horror Animation",,archive.org (prelinger/usgovfilms),MovieTra1950_2,,DESCARTADO,duração ausente ou abaixo do mínimo aceitável no archive.org/metadata,,https://archive.org/details/MovieTra1950_2
Stripper - Chinese Joy Dance,,archive.org (prelinger/usgovfilms),stripper_chinese_joy_dance,,DESCARTADO,"conteúdo adulto (striptease/""stag film"") - fora do escopo do catálogo independentemente do status de domínio público",,https://archive.org/details/stripper_chinese_joy_dance
Stripper - Red-headed Riot,,archive.org (prelinger/usgovfilms),stripper_red-headed_riot,,DESCARTADO,"conteúdo adulto (striptease/""stag film"") - fora do escopo do catálogo independentemente do status de domínio público",,https://archive.org/details/stripper_red-headed_riot
Two Girl Hitchhikers,,archive.org (prelinger/usgovfilms),TwoGirlHitch,,DESCARTADO,duração ausente ou abaixo do mínimo aceitável no archive.org/metadata,,https://archive.org/details/TwoGirlHitch
Gags and Gals,,archive.org (prelinger/usgovfilms),gags_and_gals,,DESCARTADO,"conteúdo adulto (striptease/""stag film"") - fora do escopo do catálogo independentemente do status de domínio público",,https://archive.org/details/gags_and_gals
"Word to the Wives, A",,archive.org (prelinger/usgovfilms),Wordtoth1955,,DESCARTADO,timeout ao consultar archive.org/metadata nesta rodada - pode ser reprocessado numa próxima leva (não é rejeição por mérito),,https://archive.org/details/Wordtoth1955
Ideal Doll Commercial #3,,archive.org (prelinger/usgovfilms),ideal_dolls_3,,DESCARTADO,duração ausente ou abaixo do mínimo aceitável no archive.org/metadata,,https://archive.org/details/ideal_dolls_3
Kodak Instamatic Commercial,,archive.org (prelinger/usgovfilms),kodak_instamatic,,DESCARTADO,duração ausente ou abaixo do mínimo aceitável no archive.org/metadata,,https://archive.org/details/kodak_instamatic
Swing Wing Toy Commercial,,archive.org (prelinger/usgovfilms),swing_wing,,DESCARTADO,duração ausente ou abaixo do mínimo aceitável no archive.org/metadata,,https://archive.org/details/swing_wing
About Fallout (1963),,archive.org (prelinger/usgovfilms),AboutFal1963,,DESCARTADO,timeout ao consultar archive.org/metadata nesta rodada - pode ser reprocessado numa próxima leva (não é rejeição por mérito),,https://archive.org/details/AboutFal1963
Pearl Harbor,,archive.org (prelinger/usgovfilms),PearlHarbor,,DESCARTADO,duração ausente ou abaixo do mínimo aceitável no archive.org/metadata,,https://archive.org/details/PearlHarbor
Stripper - Nora,,archive.org (prelinger/usgovfilms),stripper_nora,,DESCARTADO,duração ausente ou abaixo do mínimo aceitável no archive.org/metadata,,https://archive.org/details/stripper_nora
Sound And The Story,,archive.org (prelinger/usgovfilms),SoundAndTheS,,DESCARTADO,duração ausente ou abaixo do mínimo aceitável no archive.org/metadata,,https://archive.org/details/SoundAndTheS
Stripper - Dance of Desire,,archive.org (prelinger/usgovfilms),stripper_dance_of_desire,,DESCARTADO,"conteúdo adulto (striptease/""stag film"") - fora do escopo do catálogo independentemente do status de domínio público",,https://archive.org/details/stripper_dance_of_desire
"[Eisenhower Campaign Spots, 1952 Presidential Campaign]",,archive.org (prelinger/usgovfilms),Eisenhow1952,,DESCARTADO,duração ausente ou abaixo do mínimo aceitável no archive.org/metadata,,https://archive.org/details/Eisenhow1952
Chevrolet Commercial,,archive.org (prelinger/usgovfilms),chevrolet,,DESCARTADO,duração ausente ou abaixo do mínimo aceitável no archive.org/metadata,,https://archive.org/details/chevrolet
"Woodworker, The",,archive.org (prelinger/usgovfilms),Woodwork1940,,DESCARTADO,timeout ao consultar archive.org/metadata nesta rodada - pode ser reprocessado numa próxima leva (não é rejeição por mérito),,https://archive.org/details/Woodwork1940
Sailing Along,,archive.org (prelinger/usgovfilms),SailingAlong,,DESCARTADO,duração ausente ou abaixo do mínimo aceitável no archive.org/metadata,,https://archive.org/details/SailingAlong
"Information Machine, The",,archive.org (prelinger/usgovfilms),InformationM,,DESCARTADO,timeout ao consultar archive.org/metadata nesta rodada - pode ser reprocessado numa próxima leva (não é rejeição por mérito),,https://archive.org/details/InformationM
Folgers Coffee Commercial 2,,archive.org (prelinger/usgovfilms),FolgersCoffe_2,,DESCARTADO,duração ausente ou abaixo do mínimo aceitável no archive.org/metadata,,https://archive.org/details/FolgersCoffe_2
AMC Jeep Commercial,,archive.org (prelinger/usgovfilms),amc_jeep,,DESCARTADO,duração ausente ou abaixo do mínimo aceitável no archive.org/metadata,,https://archive.org/details/amc_jeep
Mexican Hat Dance,,archive.org (prelinger/usgovfilms),MexicanHatDa,,DESCARTADO,duração ausente ou abaixo do mínimo aceitável no archive.org/metadata,,https://archive.org/details/MexicanHatDa
Stripper - Yvonne Marthay,,archive.org (prelinger/usgovfilms),stripper_yvonne_marthay,,DESCARTADO,duração ausente ou abaixo do mínimo aceitável no archive.org/metadata,,https://archive.org/details/stripper_yvonne_marthay
Aurora Stunt and Drag Race Set Commercial,,archive.org (prelinger/usgovfilms),aurora_drag_race_set,,DESCARTADO,duração ausente ou abaixo do mínimo aceitável no archive.org/metadata,,https://archive.org/details/aurora_drag_race_set
Amateur Film - Supervisor's Picnic,,archive.org (prelinger/usgovfilms),supervisors_picnic,,DESCARTADO,duração ausente ou abaixo do mínimo aceitável no archive.org/metadata,,https://archive.org/details/supervisors_picnic
[Amateur Film: Golden Gate International Exposition],,archive.org (prelinger/usgovfilms),GoldenGa1939_3,,DESCARTADO,título entre colchetes atribuído pelo catalogador (filmagem doméstica/amadora ou newsreel bruto sem título original) - não é um filme produzido de verdade,,https://archive.org/details/GoldenGa1939_3
Extra (Esso Screen Ad),,archive.org (prelinger/usgovfilms),ExtraEss1938,,DESCARTADO,duração ausente ou abaixo do mínimo aceitável no archive.org/metadata,,https://archive.org/details/ExtraEss1938
City of Hope,,archive.org (prelinger/usgovfilms),city_of_hope,,DESCARTADO,timeout ao consultar archive.org/metadata nesta rodada - pode ser reprocessado numa próxima leva (não é rejeição por mérito),,https://archive.org/details/city_of_hope
Newport Cigarette Commercial #4,,archive.org (prelinger/usgovfilms),newport_4,,DESCARTADO,duração ausente ou abaixo do mínimo aceitável no archive.org/metadata,,https://archive.org/details/newport_4
Body Care and Grooming,,archive.org (prelinger/usgovfilms),BodyCare1948,,DESCARTADO,timeout ao consultar archive.org/metadata nesta rodada - pode ser reprocessado numa próxima leva (não é rejeição por mérito),,https://archive.org/details/BodyCare1948
"[Opium Destruction, San Francisco 1914]",,archive.org (prelinger/usgovfilms),OpiumDes1914,,DESCARTADO,título entre colchetes atribuído pelo catalogador (filmagem doméstica/amadora ou newsreel bruto sem título original) - não é um filme produzido de verdade,,https://archive.org/details/OpiumDes1914
This Is Prelinger Archives,,archive.org (prelinger/usgovfilms),ThisIsPr2001,,DESCARTADO,"vídeo promocional sobre o próprio acervo Prelinger Archives, não é um filme",,https://archive.org/details/ThisIsPr2001
Soundie - Lamp Of Memory,,archive.org (prelinger/usgovfilms),LampOfMemory,,DESCARTADO,duração ausente ou abaixo do mínimo aceitável no archive.org/metadata,,https://archive.org/details/LampOfMemory
[First Private Atom Power Plant Opens],,archive.org (prelinger/usgovfilms),FirstPri1957,,DESCARTADO,duração ausente ou abaixo do mínimo aceitável no archive.org/metadata,,https://archive.org/details/FirstPri1957
Boy with a Knife,,archive.org (prelinger/usgovfilms),Boywitha1956,,DESCARTADO,timeout ao consultar archive.org/metadata nesta rodada - pode ser reprocessado numa próxima leva (não é rejeição por mérito),,https://archive.org/details/Boywitha1956
Aristocrats of Fashion,,archive.org (prelinger/usgovfilms),Aristocr1940,,DESCARTADO,duração ausente ou abaixo do mínimo aceitável no archive.org/metadata,,https://archive.org/details/Aristocr1940
Stripper - Roxie,,archive.org (prelinger/usgovfilms),stripper_roxie,,DESCARTADO,duração ausente ou abaixo do mínimo aceitável no archive.org/metadata,,https://archive.org/details/stripper_roxie
Blasting Cap Danger,,archive.org (prelinger/usgovfilms),blasting_cap_danger,,DESCARTADO,timeout ao consultar archive.org/metadata nesta rodada - pode ser reprocessado numa próxima leva (não é rejeição por mérito),,https://archive.org/details/blasting_cap_danger
Amateur Film Amusement Park,,archive.org (prelinger/usgovfilms),tmp_AmateurF,,DESCARTADO,duração ausente ou abaixo do mínimo aceitável no archive.org/metadata,,https://archive.org/details/tmp_AmateurF
"Story of Television, The",,archive.org (prelinger/usgovfilms),StoryofT1956,,DESCARTADO,timeout ao consultar archive.org/metadata nesta rodada - pode ser reprocessado numa próxima leva (não é rejeição por mérito),,https://archive.org/details/StoryofT1956
[Twin Peaks Tunnel Construction and Opening],,archive.org (prelinger/usgovfilms),TwinPeak1917,,DESCARTADO,título entre colchetes atribuído pelo catalogador (filmagem doméstica/amadora ou newsreel bruto sem título original) - não é um filme produzido de verdade,,https://archive.org/details/TwinPeak1917
"Oldsmobile Presents the ""Seventy"" B-44 (1942 Oldsmobile Playlets)",,archive.org (prelinger/usgovfilms),Oldsmobi1941_4,,DESCARTADO,duração ausente ou abaixo do mínimo aceitável no archive.org/metadata,,https://archive.org/details/Oldsmobi1941_4
Telephone and Telegraph,,archive.org (prelinger/usgovfilms),Telephon1946,,DESCARTADO,timeout ao consultar archive.org/metadata nesta rodada - pode ser reprocessado numa próxima leva (não é rejeição por mérito),,https://archive.org/details/Telephon1946
"Film Mystery, A (Dreft Screen Ad)",,archive.org (prelinger/usgovfilms),FilmMyst1937,,DESCARTADO,duração ausente ou abaixo do mínimo aceitável no archive.org/metadata,,https://archive.org/details/FilmMyst1937
Stripper - Sandra Storm,,archive.org (prelinger/usgovfilms),stripper_sandra_storm,,DESCARTADO,"conteúdo adulto (striptease/""stag film"") - fora do escopo do catálogo independentemente do status de domínio público",,https://archive.org/details/stripper_sandra_storm
"Big Bounce, The",,archive.org (prelinger/usgovfilms),BigBounc1960,,DESCARTADO,timeout ao consultar archive.org/metadata nesta rodada - pode ser reprocessado numa próxima leva (não é rejeição por mérito),,https://archive.org/details/BigBounc1960
"[Amateur film: Wathen collection: Greenwich Village, New York Snowstorm, and Coney Island]",,archive.org (prelinger/usgovfilms),Wathenco1944,,DESCARTADO,título entre colchetes atribuído pelo catalogador (filmagem doméstica/amadora ou newsreel bruto sem título original) - não é um filme produzido de verdade,,https://archive.org/details/Wathenco1944
Three Little Kittens,,archive.org (prelinger/usgovfilms),ThreeLit1938,,DESCARTADO,timeout ao consultar archive.org/metadata nesta rodada - pode ser reprocessado numa próxima leva (não é rejeição por mérito),,https://archive.org/details/ThreeLit1938
Dollar Store,,archive.org (prelinger/usgovfilms),dollar_store,,DESCARTADO,duração ausente ou abaixo do mínimo aceitável no archive.org/metadata,,https://archive.org/details/dollar_store
Stripper - Scarlett Knight,,archive.org (prelinger/usgovfilms),stripper_scarlett_knight,,DESCARTADO,duração ausente ou abaixo do mínimo aceitável no archive.org/metadata,,https://archive.org/details/stripper_scarlett_knight
Safety in Offices,,archive.org (prelinger/usgovfilms),safety_in_offices,,DESCARTADO,timeout ao consultar archive.org/metadata nesta rodada - pode ser reprocessado numa próxima leva (não é rejeição por mérito),,https://archive.org/details/safety_in_offices
"Movie Trailers: ""Marathon of Fright""",,archive.org (prelinger/usgovfilms),MovieTra1950_3,,DESCARTADO,duração ausente ou abaixo do mínimo aceitável no archive.org/metadata,,https://archive.org/details/MovieTra1950_3
"RCA Presentation: Television, An",,archive.org (prelinger/usgovfilms),RCAPrese1939,,DESCARTADO,timeout ao consultar archive.org/metadata nesta rodada - pode ser reprocessado numa próxima leva (não é rejeição por mérito),,https://archive.org/details/RCAPrese1939
Heavenly Bodies,,archive.org (prelinger/usgovfilms),Heavenly1920,,DESCARTADO,timeout ao consultar archive.org/metadata nesta rodada - pode ser reprocessado numa próxima leva (não é rejeição por mérito),,https://archive.org/details/Heavenly1920
Avenge December 7 (Pearl Harbor),,archive.org (prelinger/usgovfilms),AvengeDe1942,,DESCARTADO,duração ausente ou abaixo do mínimo aceitável no archive.org/metadata,,https://archive.org/details/AvengeDe1942
Accidents Don't Just Happen,,archive.org (prelinger/usgovfilms),accidents_dont_just_happen,,DESCARTADO,duração ausente ou abaixo do mínimo aceitável no archive.org/metadata,,https://archive.org/details/accidents_dont_just_happen
Movie Trailers:,,archive.org (prelinger/usgovfilms),MovieTra1950,,DESCARTADO,duração ausente ou abaixo do mínimo aceitável no archive.org/metadata,,https://archive.org/details/MovieTra1950
RCA Victor Commercial,,archive.org (prelinger/usgovfilms),rca_victor,,DESCARTADO,duração ausente ou abaixo do mínimo aceitável no archive.org/metadata,,https://archive.org/details/rca_victor
Bounty Paper Towels Commercial,,archive.org (prelinger/usgovfilms),BountyPaperT,,DESCARTADO,duração ausente ou abaixo do mínimo aceitável no archive.org/metadata,,https://archive.org/details/BountyPaperT
[Petaluma Chicken Promotional Film],,archive.org (prelinger/usgovfilms),Petaluma1932,,DESCARTADO,título entre colchetes atribuído pelo catalogador (filmagem doméstica/amadora ou newsreel bruto sem título original) - não é um filme produzido de verdade,,https://archive.org/details/Petaluma1932
[Largest Radio Transmitter Is Dedicated],,archive.org (prelinger/usgovfilms),LargestR1950,,DESCARTADO,duração ausente ou abaixo do mínimo aceitável no archive.org/metadata,,https://archive.org/details/LargestR1950
School Rules: How They Help Us,,archive.org (prelinger/usgovfilms),SchoolRules,,DESCARTADO,duração ausente ou abaixo do mínimo aceitável no archive.org/metadata,,https://archive.org/details/SchoolRules
Shopping Can Be Fun: A New Concept in Merchandising,,archive.org (prelinger/usgovfilms),Shopping1957,,DESCARTADO,timeout ao consultar archive.org/metadata nesta rodada - pode ser reprocessado numa próxima leva (não é rejeição por mérito),,https://archive.org/details/Shopping1957
"All-American Soap Box Derby, The (1936)",,archive.org (prelinger/usgovfilms),AllAmeri1936,,DESCARTADO,timeout ao consultar archive.org/metadata nesta rodada - pode ser reprocessado numa próxima leva (não é rejeição por mérito),,https://archive.org/details/AllAmeri1936
"Star-Spangled Banner, The (Version II)",,archive.org (prelinger/usgovfilms),StarSpan1940,,DESCARTADO,duração ausente ou abaixo do mínimo aceitável no archive.org/metadata,,https://archive.org/details/StarSpan1940
Tornado,,archive.org (prelinger/usgovfilms),tornado,,DESCARTADO,duração ausente ou abaixo do mínimo aceitável no archive.org/metadata,,https://archive.org/details/tornado
How Textile Mills Are Modernizing,,archive.org (prelinger/usgovfilms),HowTexti1948,,DESCARTADO,timeout ao consultar archive.org/metadata nesta rodada - pode ser reprocessado numa próxima leva (não é rejeição por mérito),,https://archive.org/details/HowTexti1948
Newport Cigarette Commercial #1,,archive.org (prelinger/usgovfilms),newport_1,,DESCARTADO,duração ausente ou abaixo do mínimo aceitável no archive.org/metadata,,https://archive.org/details/newport_1
Three Smart Daughters (Singer Screen Ad),,archive.org (prelinger/usgovfilms),ThreeSma1940,,DESCARTADO,duração ausente ou abaixo do mínimo aceitável no archive.org/metadata,,https://archive.org/details/ThreeSma1940
Jet National Commercial,,archive.org (prelinger/usgovfilms),jet_national,,DESCARTADO,duração ausente ou abaixo do mínimo aceitável no archive.org/metadata,,https://archive.org/details/jet_national
"Hare and the Tortoise, The",,archive.org (prelinger/usgovfilms),Hareandt1947,,DESCARTADO,timeout ao consultar archive.org/metadata nesta rodada - pode ser reprocessado numa próxima leva (não é rejeição por mérito),,https://archive.org/details/Hareandt1947
[Lindbergh's Flight and Return],,archive.org (prelinger/usgovfilms),Lindberg1927,,DESCARTADO,título entre colchetes atribuído pelo catalogador (filmagem doméstica/amadora ou newsreel bruto sem título original) - não é um filme produzido de verdade,,https://archive.org/details/Lindberg1927
Beech-Nut Baby Food Commercial,,archive.org (prelinger/usgovfilms),Beech-NutBab,,DESCARTADO,duração ausente ou abaixo do mínimo aceitável no archive.org/metadata,,https://archive.org/details/Beech-NutBab
Cool Hot Rod A,,archive.org (prelinger/usgovfilms),CoolHotRodA,,DESCARTADO,duração ausente ou abaixo do mínimo aceitável no archive.org/metadata,,https://archive.org/details/CoolHotRodA
Opportunities Unlimited,,archive.org (prelinger/usgovfilms),opportunities_unlimited,,DESCARTADO,duração ausente ou abaixo do mínimo aceitável no archive.org/metadata,,https://archive.org/details/opportunities_unlimited
Labatts Beer Commercial,,archive.org (prelinger/usgovfilms),labatts_beer,,DESCARTADO,duração ausente ou abaixo do mínimo aceitável no archive.org/metadata,,https://archive.org/details/labatts_beer
County Fair Bread Commercial,,archive.org (prelinger/usgovfilms),CountyFairBa,,DESCARTADO,duração ausente ou abaixo do mínimo aceitável no archive.org/metadata,,https://archive.org/details/CountyFairBa
Stripper - Dance of the Doves,,archive.org (prelinger/usgovfilms),stripper_dance_of_the_doves,,DESCARTADO,"conteúdo adulto (striptease/""stag film"") - fora do escopo do catálogo independentemente do status de domínio público",,https://archive.org/details/stripper_dance_of_the_doves
How Quiet Helps at School,,archive.org (prelinger/usgovfilms),HowQuiet1953,,DESCARTADO,timeout ao consultar archive.org/metadata nesta rodada - pode ser reprocessado numa próxima leva (não é rejeição por mérito),,https://archive.org/details/HowQuiet1953
Ivory Soap Commercial,,archive.org (prelinger/usgovfilms),ivory_soap,,DESCARTADO,duração ausente ou abaixo do mínimo aceitável no archive.org/metadata,,https://archive.org/details/ivory_soap
Baggies Food Wrap Commercial,,archive.org (prelinger/usgovfilms),BaggiesFoodW,,DESCARTADO,duração ausente ou abaixo do mínimo aceitável no archive.org/metadata,,https://archive.org/details/BaggiesFoodW
Crimes of Carelessness,,archive.org (prelinger/usgovfilms),crimes_of_carelessness,,DESCARTADO,duração ausente ou abaixo do mínimo aceitável no archive.org/metadata,,https://archive.org/details/crimes_of_carelessness
"Story of Selecting Kosher Meat Products for Their Stores, The",,archive.org (prelinger/usgovfilms),StoryofS1930,,DESCARTADO,ano nos metadados do archive.org é inconsistente/implausível (provável erro de catalogação): 2026,,https://archive.org/details/StoryofS1930
Sunbeam Bread Commercial #1,,archive.org (prelinger/usgovfilms),sunbeam_commercial_1,,DESCARTADO,duração ausente ou abaixo do mínimo aceitável no archive.org/metadata,,https://archive.org/details/sunbeam_commercial_1
"[Amateur film: ""Saga of the Happy Wanderers""]",,archive.org (prelinger/usgovfilms),Sagaofth1957,,DESCARTADO,título entre colchetes atribuído pelo catalogador (filmagem doméstica/amadora ou newsreel bruto sem título original) - não é um filme produzido de verdade,,https://archive.org/details/Sagaofth1957
[Babies on Parade],,archive.org (prelinger/usgovfilms),Babieson1950,,DESCARTADO,duração ausente ou abaixo do mínimo aceitável no archive.org/metadata,,https://archive.org/details/Babieson1950
Sharp Calculator Commercial,,archive.org (prelinger/usgovfilms),sharp_calculator,,DESCARTADO,duração ausente ou abaixo do mínimo aceitável no archive.org/metadata,,https://archive.org/details/sharp_calculator
Our Shrinking World,,archive.org (prelinger/usgovfilms),OurShrin1946,,DESCARTADO,timeout ao consultar archive.org/metadata nesta rodada - pode ser reprocessado numa próxima leva (não é rejeição por mérito),,https://archive.org/details/OurShrin1946
[Amateur film: Chicago World's Fair],,archive.org (prelinger/usgovfilms),ChicagoW1933,,DESCARTADO,título entre colchetes atribuído pelo catalogador (filmagem doméstica/amadora ou newsreel bruto sem título original) - não é um filme produzido de verdade,,https://archive.org/details/ChicagoW1933
"Party Magic (Beich Screen Ad--""Whiz"" Bar)",,archive.org (prelinger/usgovfilms),PartyMag1938,,DESCARTADO,duração ausente ou abaixo do mínimo aceitável no archive.org/metadata,,https://archive.org/details/PartyMag1938
A Report To Home Builders,,archive.org (prelinger/usgovfilms),ReportToHome,,DESCARTADO,duração ausente ou abaixo do mínimo aceitável no archive.org/metadata,,https://archive.org/details/ReportToHome
Ideal Doll Commercial,,archive.org (prelinger/usgovfilms),ideal_dolls,,DESCARTADO,duração ausente ou abaixo do mínimo aceitável no archive.org/metadata,,https://archive.org/details/ideal_dolls
Soundie - The Hut Sut Song,,archive.org (prelinger/usgovfilms),soundie_1,,DESCARTADO,timeout ao consultar archive.org/metadata nesta rodada - pode ser reprocessado numa próxima leva (não é rejeição por mérito),,https://archive.org/details/soundie_1
Loop-A-Lot Toy Commercial,,archive.org (prelinger/usgovfilms),loop_a_lot,,DESCARTADO,duração ausente ou abaixo do mínimo aceitável no archive.org/metadata,,https://archive.org/details/loop_a_lot
Live and Let Live,,archive.org (prelinger/usgovfilms),LiveandL1947,,DESCARTADO,timeout ao consultar archive.org/metadata nesta rodada - pode ser reprocessado numa próxima leva (não é rejeição por mérito),,https://archive.org/details/LiveandL1947
"Movietone News: ""The Star-Spangled Banner"" (Version I)",,archive.org (prelinger/usgovfilms),Movieton1942,,DESCARTADO,duração ausente ou abaixo do mínimo aceitável no archive.org/metadata,,https://archive.org/details/Movieton1942
Joy Dishwashing Liquid Commercial,,archive.org (prelinger/usgovfilms),Joy_2,,DESCARTADO,duração ausente ou abaixo do mínimo aceitável no archive.org/metadata,,https://archive.org/details/Joy_2
Dial D For Design (Pt 1),,archive.org (prelinger/usgovfilms),DialDForDesi,,DESCARTADO,duração ausente ou abaixo do mínimo aceitável no archive.org/metadata,,https://archive.org/details/DialDForDesi
"Chevrolet Leader News (Vol. 3, No. 2)",,archive.org (prelinger/usgovfilms),Chevrole1937_2,,DESCARTADO,duração ausente ou abaixo do mínimo aceitável no archive.org/metadata,,https://archive.org/details/Chevrole1937_2
[Stunt Compilation],,archive.org (prelinger/usgovfilms),StuntCom1918,,DESCARTADO,título entre colchetes atribuído pelo catalogador (filmagem doméstica/amadora ou newsreel bruto sem título original) - não é um filme produzido de verdade,,https://archive.org/details/StuntCom1918
As We Like It,,archive.org (prelinger/usgovfilms),AsWeLikeIt,,DESCARTADO,duração ausente ou abaixo do mínimo aceitável no archive.org/metadata,,https://archive.org/details/AsWeLikeIt
"[Amateur film: ""Frisco Fair / Pacific Northwest""]",,archive.org (prelinger/usgovfilms),FriscoFa1939,,DESCARTADO,título entre colchetes atribuído pelo catalogador (filmagem doméstica/amadora ou newsreel bruto sem título original) - não é um filme produzido de verdade,,https://archive.org/details/FriscoFa1939
Every Minute Counts,,archive.org (prelinger/usgovfilms),EveryMin1944,,DESCARTADO,timeout ao consultar archive.org/metadata nesta rodada - pode ser reprocessado numa próxima leva (não é rejeição por mérito),,https://archive.org/details/EveryMin1944
Delicious Dishes,,archive.org (prelinger/usgovfilms),delicious_dishes,,DESCARTADO,duração ausente ou abaixo do mínimo aceitável no archive.org/metadata,,https://archive.org/details/delicious_dishes
Open Road A,,archive.org (prelinger/usgovfilms),OpenRoadA,,DESCARTADO,duração ausente ou abaixo do mínimo aceitável no archive.org/metadata,,https://archive.org/details/OpenRoadA
[Soldier With Big Feet],,archive.org (prelinger/usgovfilms),SoldierW1950,,DESCARTADO,duração ausente ou abaixo do mínimo aceitável no archive.org/metadata,,https://archive.org/details/SoldierW1950
Sharp ELSI-8 Calculator Commercial,,archive.org (prelinger/usgovfilms),sharp_calculator_2,,DESCARTADO,duração ausente ou abaixo do mínimo aceitável no archive.org/metadata,,https://archive.org/details/sharp_calculator_2
Folgers Coffee Commercial #6,,archive.org (prelinger/usgovfilms),folgers_6,,DESCARTADO,duração ausente ou abaixo do mínimo aceitável no archive.org/metadata,,https://archive.org/details/folgers_6
Vacuum Control,,archive.org (prelinger/usgovfilms),vacuum_control,,DESCARTADO,duração ausente ou abaixo do mínimo aceitável no archive.org/metadata,,https://archive.org/details/vacuum_control
Anatomy of an Accident,,archive.org (prelinger/usgovfilms),anatomy_of_an_accident,,DESCARTADO,timeout ao consultar archive.org/metadata nesta rodada - pode ser reprocessado numa próxima leva (não é rejeição por mérito),,https://archive.org/details/anatomy_of_an_accident
San Francisco World's Fair,,archive.org (prelinger/usgovfilms),san_francisco_worlds_fair,,DESCARTADO,duração ausente ou abaixo do mínimo aceitável no archive.org/metadata,,https://archive.org/details/san_francisco_worlds_fair
Sanka Coffee Commercial,,archive.org (prelinger/usgovfilms),sanka_coffee,,DESCARTADO,duração ausente ou abaixo do mínimo aceitável no archive.org/metadata,,https://archive.org/details/sanka_coffee
Dial D For Design (Pt 2),,archive.org (prelinger/usgovfilms),DialDForDesi_2,,DESCARTADO,duração ausente ou abaixo do mínimo aceitável no archive.org/metadata,,https://archive.org/details/DialDForDesi_2
Open Road B,,archive.org (prelinger/usgovfilms),OpenRoadB,,DESCARTADO,duração ausente ou abaixo do mínimo aceitável no archive.org/metadata,,https://archive.org/details/OpenRoadB
Folgers Coffee Commercial,,archive.org (prelinger/usgovfilms),folgers,,DESCARTADO,duração ausente ou abaixo do mínimo aceitável no archive.org/metadata,,https://archive.org/details/folgers
Helping Johnny Remember,,archive.org (prelinger/usgovfilms),HelpingJ1956,,DESCARTADO,timeout ao consultar archive.org/metadata nesta rodada - pode ser reprocessado numa próxima leva (não é rejeição por mérito),,https://archive.org/details/HelpingJ1956
[Previews of Coming Attractions trailer],,archive.org (prelinger/usgovfilms),Previews1940,,DESCARTADO,duração ausente ou abaixo do mínimo aceitável no archive.org/metadata,,https://archive.org/details/Previews1940
Social Courtesy,,archive.org (prelinger/usgovfilms),SocialCo1951,,DESCARTADO,timeout ao consultar archive.org/metadata nesta rodada - pode ser reprocessado numa próxima leva (não é rejeição por mérito),,https://archive.org/details/SocialCo1951
Vicks Nyquil Commercial,,archive.org (prelinger/usgovfilms),VicksNyquil,,DESCARTADO,duração ausente ou abaixo do mínimo aceitável no archive.org/metadata,,https://archive.org/details/VicksNyquil
1964 New York World's Fair Report,,archive.org (prelinger/usgovfilms),1964NewY1961,,DESCARTADO,timeout ao consultar archive.org/metadata nesta rodada - pode ser reprocessado numa próxima leva (não é rejeição por mérito),,https://archive.org/details/1964NewY1961
Scotties Tissue Commercial,,archive.org (prelinger/usgovfilms),ScottiesTiss,,DESCARTADO,duração ausente ou abaixo do mínimo aceitável no archive.org/metadata,,https://archive.org/details/ScottiesTiss
[Chevrolet Sales Convention Musical],,archive.org (prelinger/usgovfilms),Chevrole1954,,DESCARTADO,título entre colchetes atribuído pelo catalogador (filmagem doméstica/amadora ou newsreel bruto sem título original) - não é um filme produzido de verdade,,https://archive.org/details/Chevrole1954
Much Better,,archive.org (prelinger/usgovfilms),MuchBetter,,DESCARTADO,duração ausente ou abaixo do mínimo aceitável no archive.org/metadata,,https://archive.org/details/MuchBetter
Crest Toothpaste Commercial 1,,archive.org (prelinger/usgovfilms),CrestToothpa,,DESCARTADO,duração ausente ou abaixo do mínimo aceitável no archive.org/metadata,,https://archive.org/details/CrestToothpa
Understanding Your Ideals,,archive.org (prelinger/usgovfilms),Understa1950_2,,DESCARTADO,timeout ao consultar archive.org/metadata nesta rodada - pode ser reprocessado numa próxima leva (não é rejeição por mérito),,https://archive.org/details/Understa1950_2
Folgers Coffee Commercial #12,,archive.org (prelinger/usgovfilms),folgers_12,,DESCARTADO,duração ausente ou abaixo do mínimo aceitável no archive.org/metadata,,https://archive.org/details/folgers_12
[Dream Hospital],,archive.org (prelinger/usgovfilms),DreamHos1950,,DESCARTADO,duração ausente ou abaixo do mínimo aceitável no archive.org/metadata,,https://archive.org/details/DreamHos1950
[Lincoln Highway Dedication],,archive.org (prelinger/usgovfilms),LincolnH1915,,DESCARTADO,duração ausente ou abaixo do mínimo aceitável no archive.org/metadata,,https://archive.org/details/LincolnH1915
[Pan American Clipper],,archive.org (prelinger/usgovfilms),ChinaCli1935,,DESCARTADO,título entre colchetes atribuído pelo catalogador (filmagem doméstica/amadora ou newsreel bruto sem título original) - não é um filme produzido de verdade,,https://archive.org/details/ChinaCli1935
Tuberculosis (Third Edition),,archive.org (prelinger/usgovfilms),Tubercul1955,,DESCARTADO,timeout ao consultar archive.org/metadata nesta rodada - pode ser reprocessado numa próxima leva (não é rejeição por mérito),,https://archive.org/details/Tubercul1955
Let's Go To The Movies,,archive.org (prelinger/usgovfilms),LetsGoToTheM,,DESCARTADO,timeout ao consultar archive.org/metadata nesta rodada - pode ser reprocessado numa próxima leva (não é rejeição por mérito),,https://archive.org/details/LetsGoToTheM
Montclair Cigarettes Commercial,,archive.org (prelinger/usgovfilms),MontclairCig,,DESCARTADO,duração ausente ou abaixo do mínimo aceitável no archive.org/metadata,,https://archive.org/details/MontclairCig
Manhattan Waterfront,,archive.org (prelinger/usgovfilms),ManhattanWat,,DESCARTADO,duração ausente ou abaixo do mínimo aceitável no archive.org/metadata,,https://archive.org/details/ManhattanWat
"Amateur: Old West, Cowboys and Indians, Arizona and New Mexico",,archive.org (prelinger/usgovfilms),amateur_old_west,,DESCARTADO,"filmagem amadora/doméstica sem título original, catalogada só como ""Amateur: ..."" - fora do escopo de filme",,https://archive.org/details/amateur_old_west
Bounty Paper Towels Commercials 2,,archive.org (prelinger/usgovfilms),BountyPaperT_2,,DESCARTADO,duração ausente ou abaixo do mínimo aceitável no archive.org/metadata,,https://archive.org/details/BountyPaperT_2
Unconscious Motivation,,archive.org (prelinger/usgovfilms),unconscious_motivation,,DESCARTADO,timeout ao consultar archive.org/metadata nesta rodada - pode ser reprocessado numa próxima leva (não é rejeição por mérito),,https://archive.org/details/unconscious_motivation
Dangerous Stranger,,archive.org (prelinger/usgovfilms),dangerous_stranger,,DESCARTADO,duração ausente ou abaixo do mínimo aceitável no archive.org/metadata,,https://archive.org/details/dangerous_stranger
[San Francisco: V-J Day],,archive.org (prelinger/usgovfilms),tmp_38822,,DESCARTADO,título entre colchetes atribuído pelo catalogador (filmagem doméstica/amadora ou newsreel bruto sem título original) - não é um filme produzido de verdade,,https://archive.org/details/tmp_38822
Overcoming Fear,,archive.org (prelinger/usgovfilms),Overcomi1950,,DESCARTADO,timeout ao consultar archive.org/metadata nesta rodada - pode ser reprocessado numa próxima leva (não é rejeição por mérito),,https://archive.org/details/Overcomi1950
"[Amateur film: Parade of Krewe of Rex,  New Orleans, February 25, 1941]",,archive.org (prelinger/usgovfilms),Paradeof1941,,DESCARTADO,título entre colchetes atribuído pelo catalogador (filmagem doméstica/amadora ou newsreel bruto sem título original) - não é um filme produzido de verdade,,https://archive.org/details/Paradeof1941
Heritage For Victory A,,archive.org (prelinger/usgovfilms),HeritageForV,,DESCARTADO,duração ausente ou abaixo do mínimo aceitável no archive.org/metadata,,https://archive.org/details/HeritageForV
You and Your Parents,,archive.org (prelinger/usgovfilms),YouandYo1950,,DESCARTADO,duração ausente ou abaixo do mínimo aceitável no archive.org/metadata,,https://archive.org/details/YouandYo1950
Roads To Romance,,archive.org (prelinger/usgovfilms),RoadsToRoman,,DESCARTADO,duração ausente ou abaixo do mínimo aceitável no archive.org/metadata,,https://archive.org/details/RoadsToRoman
To The Fair (Pt 2),,archive.org (prelinger/usgovfilms),ToTheFairB,,DESCARTADO,duração ausente ou abaixo do mínimo aceitável no archive.org/metadata,,https://archive.org/details/ToTheFairB
Post Grape-Nuts Cereal Commercial,,archive.org (prelinger/usgovfilms),post_grape-nuts_flakes,,DESCARTADO,duração ausente ou abaixo do mínimo aceitável no archive.org/metadata,,https://archive.org/details/post_grape-nuts_flakes
"Trip, The",,archive.org (prelinger/usgovfilms),TripThe1939,,DESCARTADO,duração ausente ou abaixo do mínimo aceitável no archive.org/metadata,,https://archive.org/details/TripThe1939
Negro Colleges in Wartime,,archive.org (prelinger/usgovfilms),NegroCol1944,,DESCARTADO,timeout ao consultar archive.org/metadata nesta rodada - pode ser reprocessado numa próxima leva (não é rejeição por mérito),,https://archive.org/details/NegroCol1944
Monkeys Uncle Toy Commercial,,archive.org (prelinger/usgovfilms),monkeys_uncle,,DESCARTADO,duração ausente ou abaixo do mínimo aceitável no archive.org/metadata,,https://archive.org/details/monkeys_uncle
Cool Hot Rod B,,archive.org (prelinger/usgovfilms),CoolHotRodB,,DESCARTADO,duração ausente ou abaixo do mínimo aceitável no archive.org/metadata,,https://archive.org/details/CoolHotRodB
Gang Boy,,archive.org (prelinger/usgovfilms),gang_boy,,DESCARTADO,duração ausente ou abaixo do mínimo aceitável no archive.org/metadata,,https://archive.org/details/gang_boy
Kings Mountain Airplane Crash,,archive.org (prelinger/usgovfilms),KingsMou1950,,DESCARTADO,duração ausente ou abaixo do mínimo aceitável no archive.org/metadata,,https://archive.org/details/KingsMou1950
Universal-International Newsreel,,archive.org (prelinger/usgovfilms),tmp_05001,,DESCARTADO,duração ausente ou abaixo do mínimo aceitável no archive.org/metadata,,https://archive.org/details/tmp_05001
[Golden Gate Bridge Opening],,archive.org (prelinger/usgovfilms),GoldenGa1936,,DESCARTADO,título entre colchetes atribuído pelo catalogador (filmagem doméstica/amadora ou newsreel bruto sem título original) - não é um filme produzido de verdade,,https://archive.org/details/GoldenGa1936
What About Drinking?,,archive.org (prelinger/usgovfilms),WhatAbou1954,,DESCARTADO,timeout ao consultar archive.org/metadata nesta rodada - pode ser reprocessado numa próxima leva (não é rejeição por mérito),,https://archive.org/details/WhatAbou1954
[Anatomy of a Murder Premiere Story],,archive.org (prelinger/usgovfilms),Anatomyo1959,,DESCARTADO,título entre colchetes atribuído pelo catalogador (filmagem doméstica/amadora ou newsreel bruto sem título original) - não é um filme produzido de verdade,,https://archive.org/details/Anatomyo1959
Newspaper Story,,archive.org (prelinger/usgovfilms),NewspaperSto,,DESCARTADO,duração ausente ou abaixo do mínimo aceitável no archive.org/metadata,,https://archive.org/details/NewspaperSto
[Kinograms Newsreel],,archive.org (prelinger/usgovfilms),Kinogramca.,,DESCARTADO,título entre colchetes atribuído pelo catalogador (filmagem doméstica/amadora ou newsreel bruto sem título original) - não é um filme produzido de verdade,,https://archive.org/details/Kinogramca.
Aqua Frolics,,archive.org (prelinger/usgovfilms),aqua_frolics,,DESCARTADO,"conteúdo adulto (striptease/""stag film"") - fora do escopo do catálogo independentemente do status de domínio público",,https://archive.org/details/aqua_frolics
[Frigidaire Imperial Line],,archive.org (prelinger/usgovfilms),Frigidai1956,,DESCARTADO,título entre colchetes atribuído pelo catalogador (filmagem doméstica/amadora ou newsreel bruto sem título original) - não é um filme produzido de verdade,,https://archive.org/details/Frigidai1956
"Party's Over, The",,archive.org (prelinger/usgovfilms),partys_over,,DESCARTADO,timeout ao consultar archive.org/metadata nesta rodada - pode ser reprocessado numa próxima leva (não é rejeição por mérito),,https://archive.org/details/partys_over
Electronics At Work,,archive.org (prelinger/usgovfilms),electronics_at_work,,DESCARTADO,timeout ao consultar archive.org/metadata nesta rodada - pode ser reprocessado numa próxima leva (não é rejeição por mérito),,https://archive.org/details/electronics_at_work
Miracles From Agriculture,,archive.org (prelinger/usgovfilms),Miracles1960,,DESCARTADO,timeout ao consultar archive.org/metadata nesta rodada - pode ser reprocessado numa próxima leva (não é rejeição por mérito),,https://archive.org/details/Miracles1960
JC Penneys Toy Commercial,,archive.org (prelinger/usgovfilms),penneys_toys,,DESCARTADO,duração ausente ou abaixo do mínimo aceitável no archive.org/metadata,,https://archive.org/details/penneys_toys
[California State Fair Highlights],,archive.org (prelinger/usgovfilms),Californ1913,,DESCARTADO,título entre colchetes atribuído pelo catalogador (filmagem doméstica/amadora ou newsreel bruto sem título original) - não é um filme produzido de verdade,,https://archive.org/details/Californ1913
[Much Ado About Hair-Dos],,archive.org (prelinger/usgovfilms),MuchAdoA1950,,DESCARTADO,duração ausente ou abaixo do mínimo aceitável no archive.org/metadata,,https://archive.org/details/MuchAdoA1950
World's Fair Night Aerials,,archive.org (prelinger/usgovfilms),tmp_1964Worl,,DESCARTADO,duração ausente ou abaixo do mínimo aceitável no archive.org/metadata,,https://archive.org/details/tmp_1964Worl
Diesel Story,,archive.org (prelinger/usgovfilms),diesel_story,,DESCARTADO,timeout ao consultar archive.org/metadata nesta rodada - pode ser reprocessado numa próxima leva (não é rejeição por mérito),,https://archive.org/details/diesel_story
Marriage Today,,archive.org (prelinger/usgovfilms),Marriage1950,,DESCARTADO,timeout ao consultar archive.org/metadata nesta rodada - pode ser reprocessado numa próxima leva (não é rejeição por mérito),,https://archive.org/details/Marriage1950
"Chance to Play, A",,archive.org (prelinger/usgovfilms),Chanceto1950,,DESCARTADO,timeout ao consultar archive.org/metadata nesta rodada - pode ser reprocessado numa próxima leva (não é rejeição por mérito),,https://archive.org/details/Chanceto1950
Good Wrinkles,,archive.org (prelinger/usgovfilms),GoodWrin1951,,DESCARTADO,timeout ao consultar archive.org/metadata nesta rodada - pode ser reprocessado numa próxima leva (não é rejeição por mérito),,https://archive.org/details/GoodWrin1951
To the People of the United States,,archive.org (prelinger/usgovfilms),TothePeo1944,,DESCARTADO,timeout ao consultar archive.org/metadata nesta rodada - pode ser reprocessado numa próxima leva (não é rejeição por mérito),,https://archive.org/details/TothePeo1944
You Can Tell by the Teller,,archive.org (prelinger/usgovfilms),YouCanTe1945,,DESCARTADO,timeout ao consultar archive.org/metadata nesta rodada - pode ser reprocessado numa próxima leva (não é rejeição por mérito),,https://archive.org/details/YouCanTe1945
[Amateur film: San Francisco],,archive.org (prelinger/usgovfilms),SanFranc1940,,DESCARTADO,título entre colchetes atribuído pelo catalogador (filmagem doméstica/amadora ou newsreel bruto sem título original) - não é um filme produzido de verdade,,https://archive.org/details/SanFranc1940
Soundie - Beyond The Blue Horizon,,archive.org (prelinger/usgovfilms),SoundieH,,DESCARTADO,duração ausente ou abaixo do mínimo aceitável no archive.org/metadata,,https://archive.org/details/SoundieH
Coffee Break,,archive.org (prelinger/usgovfilms),CoffeeBreak,,DESCARTADO,duração ausente ou abaixo do mínimo aceitável no archive.org/metadata,,https://archive.org/details/CoffeeBreak
Alexis Lichine Wine Commercial,,archive.org (prelinger/usgovfilms),alexis_lichine_wine,,DESCARTADO,duração ausente ou abaixo do mínimo aceitável no archive.org/metadata,,https://archive.org/details/alexis_lichine_wine
409 Bathroom Cleaner Commercial,,archive.org (prelinger/usgovfilms),409_bathroom_cleaner,,DESCARTADO,duração ausente ou abaixo do mínimo aceitável no archive.org/metadata,,https://archive.org/details/409_bathroom_cleaner
Good Luck Margarine Commercial,,archive.org (prelinger/usgovfilms),lucky_margarine,,DESCARTADO,duração ausente ou abaixo do mínimo aceitável no archive.org/metadata,,https://archive.org/details/lucky_margarine
"[Martinez, California Scenes]",,archive.org (prelinger/usgovfilms),Martinez1927,,DESCARTADO,título entre colchetes atribuído pelo catalogador (filmagem doméstica/amadora ou newsreel bruto sem título original) - não é um filme produzido de verdade,,https://archive.org/details/Martinez1927
Ozon Hairspray Commercial,,archive.org (prelinger/usgovfilms),OzonHairspra,,DESCARTADO,duração ausente ou abaixo do mínimo aceitável no archive.org/metadata,,https://archive.org/details/OzonHairspra
"[Caroll's Beauty Salon, Hamtramck, Michigan]",,archive.org (prelinger/usgovfilms),CarollsB1941,,DESCARTADO,título entre colchetes atribuído pelo catalogador (filmagem doméstica/amadora ou newsreel bruto sem título original) - não é um filme produzido de verdade,,https://archive.org/details/CarollsB1941
Learning to Set Type,,archive.org (prelinger/usgovfilms),Learning1959,,DESCARTADO,timeout ao consultar archive.org/metadata nesta rodada - pode ser reprocessado numa próxima leva (não é rejeição por mérito),,https://archive.org/details/Learning1959
Your Thrift Habits,,archive.org (prelinger/usgovfilms),YourThri1948,,DESCARTADO,timeout ao consultar archive.org/metadata nesta rodada - pode ser reprocessado numa próxima leva (não é rejeição por mérito),,https://archive.org/details/YourThri1948
Writing Better Social Letters,,archive.org (prelinger/usgovfilms),WritingB1950,,DESCARTADO,timeout ao consultar archive.org/metadata nesta rodada - pode ser reprocessado numa próxima leva (não é rejeição por mérito),,https://archive.org/details/WritingB1950
"Gossip, The",,archive.org (prelinger/usgovfilms),GossipTh1955,,DESCARTADO,timeout ao consultar archive.org/metadata nesta rodada - pode ser reprocessado numa próxima leva (não é rejeição por mérito),,https://archive.org/details/GossipTh1955
Practical Dreamer,,archive.org (prelinger/usgovfilms),Practica1957,,DESCARTADO,timeout ao consultar archive.org/metadata nesta rodada - pode ser reprocessado numa próxima leva (não é rejeição por mérito),,https://archive.org/details/Practica1957
Victory Is Our Business,,archive.org (prelinger/usgovfilms),VictoryI1942,,DESCARTADO,timeout ao consultar archive.org/metadata nesta rodada - pode ser reprocessado numa próxima leva (não é rejeição por mérito),,https://archive.org/details/VictoryI1942
One Bad Knight,,archive.org (prelinger/usgovfilms),one_bad_knight,,DESCARTADO,timeout ao consultar archive.org/metadata nesta rodada - pode ser reprocessado numa próxima leva (não é rejeição por mérito),,https://archive.org/details/one_bad_knight
Financing the American Family,,archive.org (prelinger/usgovfilms),Financin1935,,DESCARTADO,timeout ao consultar archive.org/metadata nesta rodada - pode ser reprocessado numa próxima leva (não é rejeição por mérito),,https://archive.org/details/Financin1935
Growth study of Johnny and Jimmy,,archive.org (prelinger/usgovfilms),growth_study,,DESCARTADO,timeout ao consultar archive.org/metadata nesta rodada - pode ser reprocessado numa próxima leva (não é rejeição por mérito),,https://archive.org/details/growth_study
Discipline During Adolescence,,archive.org (prelinger/usgovfilms),discipline_during_adolescence,,DESCARTADO,timeout ao consultar archive.org/metadata nesta rodada - pode ser reprocessado numa próxima leva (não é rejeição por mérito),,https://archive.org/details/discipline_during_adolescence
"News Magazine of the Screen, The (Vol. 4, Issue 2)",,archive.org (prelinger/usgovfilms),NewsMaga00_3,,DESCARTADO,timeout ao consultar archive.org/metadata nesta rodada - pode ser reprocessado numa próxima leva (não é rejeição por mérito),,https://archive.org/details/NewsMaga00_3
November 22nd and The Warren Report,,archive.org (prelinger/usgovfilms),gov.archives.arc.50248,,DESCARTADO,duração ausente ou abaixo do mínimo aceitável no archive.org/metadata,,https://archive.org/details/gov.archives.arc.50248
Air Army Invades Germany,,archive.org (prelinger/usgovfilms),gov.fdr.6,,DESCARTADO,duração ausente ou abaixo do mínimo aceitável no archive.org/metadata,,https://archive.org/details/gov.fdr.6
Aircrew Survival: Tropical Survival,,archive.org (prelinger/usgovfilms),gov.faa.survival.7,,DESCARTADO,duração ausente ou abaixo do mínimo aceitável no archive.org/metadata,,https://archive.org/details/gov.faa.survival.7
Czechoslovakia Post World War II,,archive.org (prelinger/usgovfilms),gov.archives.arc.1538222,,DESCARTADO,duração ausente ou abaixo do mínimo aceitável no archive.org/metadata,,https://archive.org/details/gov.archives.arc.1538222
You in Japan,,archive.org (prelinger/usgovfilms),gov.archives.111-tv-354,,DESCARTADO,duração ausente ou abaixo do mínimo aceitável no archive.org/metadata,,https://archive.org/details/gov.archives.111-tv-354
MAN AND SAFETY - ANIMATED,,archive.org (prelinger/usgovfilms),gov.dod.dimoc.600519,,DESCARTADO,duração ausente ou abaixo do mínimo aceitável no archive.org/metadata,,https://archive.org/details/gov.dod.dimoc.600519
INTERVIEW WITH ISAAC ASIMOV,,archive.org (prelinger/usgovfilms),gov.archives.arc.54491,,DESCARTADO,duração ausente ou abaixo do mínimo aceitável no archive.org/metadata,,https://archive.org/details/gov.archives.arc.54491
Big Picture: Special Forces,,archive.org (prelinger/usgovfilms),gov.archives.arc.2569782,,DESCARTADO,duração ausente ou abaixo do mínimo aceitável no archive.org/metadata,,https://archive.org/details/gov.archives.arc.2569782
The City,,archive.org (prelinger/usgovfilms),gov.fdr.353.3.2,,DESCARTADO,duração ausente ou abaixo do mínimo aceitável no archive.org/metadata,,https://archive.org/details/gov.fdr.353.3.2
A HOUSE DIVIDED,,archive.org (prelinger/usgovfilms),gov.archives.arc.54756,,DESCARTADO,duração ausente ou abaixo do mínimo aceitável no archive.org/metadata,,https://archive.org/details/gov.archives.arc.54756
"BERLIN AIR LIFT (OUTTAKES FROM ""OPERATIONS VITTLES"")",,archive.org (prelinger/usgovfilms),gov.archives.arc.65508,,DESCARTADO,duração ausente ou abaixo do mínimo aceitável no archive.org/metadata,,https://archive.org/details/gov.archives.arc.65508
The F-16 (was SR-71),,archive.org (prelinger/usgovfilms),gov.ntis.ava20320-vnb1,,DESCARTADO,duração ausente ou abaixo do mínimo aceitável no archive.org/metadata,,https://archive.org/details/gov.ntis.ava20320-vnb1
TRANSFORMERS,,archive.org (prelinger/usgovfilms),gov.dod.dimoc.39894,,DESCARTADO,duração ausente ou abaixo do mínimo aceitável no archive.org/metadata,,https://archive.org/details/gov.dod.dimoc.39894
Tuskegee Airman Tribute,,archive.org (prelinger/usgovfilms),gov.ntis.ava19065vnb1,,DESCARTADO,duração ausente ou abaixo do mínimo aceitável no archive.org/metadata,,https://archive.org/details/gov.ntis.ava19065vnb1
"OKINAWA BULLETIN, NO. 2--FINAL PHASES",,archive.org (prelinger/usgovfilms),gov.archives.arc.37453,,DESCARTADO,duração ausente ou abaixo do mínimo aceitável no archive.org/metadata,,https://archive.org/details/gov.archives.arc.37453
"WELCOME TO CORNING, NEW YORK: TROPICAL STORM AGNES FLOOD",,archive.org (prelinger/usgovfilms),gov.archives.arc.61035,,DESCARTADO,duração ausente ou abaixo do mínimo aceitável no archive.org/metadata,,https://archive.org/details/gov.archives.arc.61035
"VIETCONG ATTACKS DURING TET (LUNAR NEW YEAR); SAIGON, SOUTH VIETNAM",,archive.org (prelinger/usgovfilms),gov.archives.arc.31793,,DESCARTADO,duração ausente ou abaixo do mínimo aceitável no archive.org/metadata,,https://archive.org/details/gov.archives.arc.31793
OPERATION GLEN CANYON,,archive.org (prelinger/usgovfilms),gov.archives.arc.53945,,DESCARTADO,duração ausente ou abaixo do mínimo aceitável no archive.org/metadata,,https://archive.org/details/gov.archives.arc.53945
Big Picture: Action Vietnam,,archive.org (prelinger/usgovfilms),gov.archives.arc.2569847,,DESCARTADO,duração ausente ou abaixo do mínimo aceitável no archive.org/metadata,,https://archive.org/details/gov.archives.arc.2569847
Rescuers 03: The OCENCO EBA 6.5,,archive.org (prelinger/usgovfilms),gov.msha.dvd013.3,,DESCARTADO,duração ausente ou abaixo do mínimo aceitável no archive.org/metadata,,https://archive.org/details/gov.msha.dvd013.3
"AMERICAN NAVY IN VIETNAM, THE",,archive.org (prelinger/usgovfilms),gov.dod.dimoc.25139,,DESCARTADO,duração ausente ou abaixo do mínimo aceitável no archive.org/metadata,,https://archive.org/details/gov.dod.dimoc.25139
A Date With Your Family (1950),,archive.org (prelinger/usgovfilms),youtube-BQIGiE5vSSM,,DESCARTADO,licenseurl do archive.org não confirma domínio público: undefined,,https://archive.org/details/youtube-BQIGiE5vSSM
Writing Better Social Letters (1950),,archive.org (prelinger/usgovfilms),youtube-KtYqYVB7Av8,,DESCARTADO,licenseurl do archive.org não confirma domínio público: undefined,,https://archive.org/details/youtube-KtYqYVB7Av8
Am I Trustworthy? (1950),,archive.org (prelinger/usgovfilms),youtube-TLwnaDA4mL0,,DESCARTADO,licenseurl do archive.org não confirma domínio público: undefined,,https://archive.org/details/youtube-TLwnaDA4mL0
It's Everybody's Business (1954),,archive.org (prelinger/usgovfilms),youtube-nHDyE954l4U,,DESCARTADO,licenseurl do archive.org não confirma domínio público: undefined,,https://archive.org/details/youtube-nHDyE954l4U
Boyhood of Abraham Lincoln,,archive.org (prelinger/usgovfilms),boyhoodofabrahamlincoln_202607,,DESCARTADO,licenseurl do archive.org não confirma domínio público: undefined,,https://archive.org/details/boyhoodofabrahamlincoln_202607
Shock,,novos-filmes-encontrados.csv (backlog reavaliado),shock,,DESCARTADO,falha ao consultar archive.org/metadata nesta rodada: parse_error,,https://archive.org/details/shock
The Lucky Texan,,novos-filmes-encontrados.csv (backlog reavaliado),TheLuckyTexan,,DESCARTADO,falha ao consultar archive.org/metadata nesta rodada: parse_error,,https://archive.org/details/TheLuckyTexan
Sister Streetfighter,,novos-filmes-encontrados.csv (backlog reavaliado),SisterStreetfighter1974,,DESCARTADO,falha ao consultar archive.org/metadata nesta rodada: parse_error,,https://archive.org/details/SisterStreetfighter1974
Superman 3D,,novos-filmes-encontrados.csv (backlog reavaliado),SUPERMAN3D,,DESCARTADO,falha ao consultar archive.org/metadata nesta rodada: parse_error,,https://archive.org/details/SUPERMAN3D
SHERLOCKJR.1924BusterKeaton,,novos-filmes-encontrados.csv (backlog reavaliado),SHERLOCKJR.1924BusterKeaton,,DESCARTADO,falha ao consultar archive.org/metadata nesta rodada: parse_error,,https://archive.org/details/SHERLOCKJR.1924BusterKeaton
Lady Frankenstein,,novos-filmes-encontrados.csv (backlog reavaliado),Lady_Frankenstein,,DESCARTADO,falha ao consultar archive.org/metadata nesta rodada: parse_error,,https://archive.org/details/Lady_Frankenstein
Haxan,1922,novos-filmes-encontrados.csv (backlog reavaliado),Haxan_tinted_and_subtitled,,DESCARTADO,falha ao consultar archive.org/metadata nesta rodada: parse_error,,https://archive.org/details/Haxan_tinted_and_subtitled
The_Living_Playing_Cards,,novos-filmes-encontrados.csv (backlog reavaliado),The_Living_Playing_Cards,,DESCARTADO,falha ao consultar archive.org/metadata nesta rodada: parse_error,,https://archive.org/details/The_Living_Playing_Cards
"Buster Keaton's ""The Scarecrow""",1920,novos-filmes-encontrados.csv (backlog reavaliado),TheScarecrow1920,,DESCARTADO,falha ao consultar archive.org/metadata nesta rodada: parse_error,,https://archive.org/details/TheScarecrow1920
Harakiri (Fritz Lang),1919,novos-filmes-encontrados.csv (backlog reavaliado),Harakiri1919fritzLang,,DESCARTADO,falha ao consultar archive.org/metadata nesta rodada: parse_error,,https://archive.org/details/Harakiri1919fritzLang
The Young Land,,novos-filmes-encontrados.csv (backlog reavaliado),YoungLand,,DESCARTADO,falha ao consultar archive.org/metadata nesta rodada: req_error,,https://archive.org/details/YoungLand
Curse of the Swamp Creature,1966,novos-filmes-encontrados.csv (backlog reavaliado),CurseOfTheSwampCreature1966_742,,DESCARTADO,falha ao consultar archive.org/metadata nesta rodada: req_error,,https://archive.org/details/CurseOfTheSwampCreature1966_742
C-Man,1949,novos-filmes-encontrados.csv (backlog reavaliado),C-Man,,DESCARTADO,falha ao consultar archive.org/metadata nesta rodada: req_error,,https://archive.org/details/C-Man
Bloody Wednesday,,novos-filmes-encontrados.csv (backlog reavaliado),BloodyWednesday,,DESCARTADO,falha ao consultar archive.org/metadata nesta rodada: req_error,,https://archive.org/details/BloodyWednesday
"Monster Walks, The",1932,novos-filmes-encontrados.csv (backlog reavaliado),monster_walks,59,DESCARTADO,"já existia no catálogo (mesmo filme, identifier diferente do archive.org)",,https://archive.org/details/monster_walks
"""The Web Of Love"" (1929) In Multicolor Sung by Betty Compson and Donald Douglas Written by Lynn Cowan and Paul Titsworth From The All Talking Musical ""The Great Gabbo""",1929,novos-filmes-encontrados.csv (backlog reavaliado),the-web-of-love-1929,,DESCARTADO,duração não determinada nos metadados do archive.org nesta reavaliação,,https://archive.org/details/the-web-of-love-1929
Barbie And The Three Musketeers,1921,novos-filmes-encontrados.csv (backlog reavaliado),barbie-and-the-three-musketeers,,DESCARTADO,licenseurl do archive.org não confirma domínio público nesta reavaliação: ausente,,https://archive.org/details/barbie-and-the-three-musketeers
"""The Flapper"" (1920) starring Olive Thomas",1920,novos-filmes-encontrados.csv (backlog reavaliado),TheFlapper1920,,DESCARTADO,licenseurl do archive.org não confirma domínio público nesta reavaliação: ausente,,https://archive.org/details/TheFlapper1920
Funny or Die Video 4c3b320ba1: CPN - The Capture,2008,novos-filmes-encontrados.csv (backlog reavaliado),funny_or_die_video_4c3b320ba1,4,DESCARTADO,licenseurl do archive.org não confirma domínio público nesta reavaliação: ausente,,https://archive.org/details/funny_or_die_video_4c3b320ba1
The Phantom of the Opera (1925) New York General Release Print,1925,novos-filmes-encontrados.csv (backlog reavaliado),ThePhantomOfTheOpera1925NewYorkGeneralReleasePrint_620,107,DESCARTADO,licenseurl do archive.org não confirma domínio público nesta reavaliação: ausente,,https://archive.org/details/ThePhantomOfTheOpera1925NewYorkGeneralReleasePrint_620
SHS Theater Department: Backstage with the Hadestown Cast,2024,novos-filmes-encontrados.csv (backlog reavaliado),stmacma-SHS_Theater_Department_-_Backstage_with_the_Hadestown_Cast,16,DESCARTADO,licenseurl do archive.org não confirma domínio público nesta reavaliação: ausente,,https://archive.org/details/stmacma-SHS_Theater_Department_-_Backstage_with_the_Hadestown_Cast
Lady Windermere's Fan,1925,novos-filmes-encontrados.csv (backlog reavaliado),LadyWindermeresFan,,DESCARTADO,licenseurl do archive.org não confirma domínio público nesta reavaliação: http://creativecommons.org/licenses/by/3.0/,,https://archive.org/details/LadyWindermeresFan
The Red House iPod,1947,novos-filmes-encontrados.csv (backlog reavaliado),the_red_house_ipod,,DESCARTADO,duração não determinada nos metadados do archive.org nesta reavaliação,,https://archive.org/details/the_red_house_ipod
War Of The Monsters,1967,novos-filmes-encontrados.csv (backlog reavaliado),WarOfTheMonsters_201405,,DESCARTADO,licenseurl do archive.org não confirma domínio público nesta reavaliação: ausente,,https://archive.org/details/WarOfTheMonsters_201405
The Pyx,1973,novos-filmes-encontrados.csv (backlog reavaliado),ThePyx,,DESCARTADO,duração não determinada nos metadados do archive.org nesta reavaliação,,https://archive.org/details/ThePyx
Don't Look in the Basement,1973,novos-filmes-encontrados.csv (backlog reavaliado),Dont_Look_in_theBasement,,DESCARTADO,duração não determinada nos metadados do archive.org nesta reavaliação,,https://archive.org/details/Dont_Look_in_theBasement
Porky In Wackyland (1938; computer-colorized version),2018,novos-filmes-encontrados.csv (backlog reavaliado),PorkyInWackylandCCV,,DESCARTADO,duração não determinada nos metadados do archive.org nesta reavaliação,,https://archive.org/details/PorkyInWackylandCCV
Ways of Seeing: Fine Arts and Commerce,1974,novos-filmes-encontrados.csv (backlog reavaliado),waysofseeingfineartsandcommerce,31,DESCARTADO,licenseurl do archive.org não confirma domínio público nesta reavaliação: ausente,,https://archive.org/details/waysofseeingfineartsandcommerce
Violent Earth,1973,novos-filmes-encontrados.csv (backlog reavaliado),violentearth,51,DESCARTADO,licenseurl do archive.org não confirma domínio público nesta reavaliação: ausente,,https://archive.org/details/violentearth
View From Space,1969,novos-filmes-encontrados.csv (backlog reavaliado),viewfromspace,49,DESCARTADO,licenseurl do archive.org não confirma domínio público nesta reavaliação: ausente,,https://archive.org/details/viewfromspace
The Sexually mature adult. ,1973,novos-filmes-encontrados.csv (backlog reavaliado),theesxuallymatureadult,17,DESCARTADO,licenseurl do archive.org não confirma domínio público nesta reavaliação: ausente,,https://archive.org/details/theesxuallymatureadult
Sudden Birth,"1967,1960,1966",novos-filmes-encontrados.csv (backlog reavaliado),sudden_birth,22,DESCARTADO,licenseurl do archive.org não confirma domínio público nesta reavaliação: ausente,,https://archive.org/details/sudden_birth
Six American Families the Georges of New York,1977,novos-filmes-encontrados.csv (backlog reavaliado),sixamericanfamiliesthegeorgesofnewyorkreel1,55,DESCARTADO,licenseurl do archive.org não confirma domínio público nesta reavaliação: ausente,,https://archive.org/details/sixamericanfamiliesthegeorgesofnewyorkreel1
Rikki-Tikki-Tavi,1974,novos-filmes-encontrados.csv (backlog reavaliado),rikkitikkitavi_201701,,DESCARTADO,licenseurl do archive.org não confirma domínio público nesta reavaliação: ausente,,https://archive.org/details/rikkitikkitavi_201701
Now Is The Time,1967,novos-filmes-encontrados.csv (backlog reavaliado),nowisthetime_201512,35,DESCARTADO,licenseurl do archive.org não confirma domínio público nesta reavaliação: ausente,,https://archive.org/details/nowisthetime_201512
Mowgli's Brothers,1976,novos-filmes-encontrados.csv (backlog reavaliado),mowglisbrothers_201706,,DESCARTADO,licenseurl do archive.org não confirma domínio público nesta reavaliação: ausente,,https://archive.org/details/mowglisbrothers_201706
Linda's Film on Menstruation,1974,novos-filmes-encontrados.csv (backlog reavaliado),lindas_film_on_menstruation,18,DESCARTADO,licenseurl do archive.org não confirma domínio público nesta reavaliação: ausente,,https://archive.org/details/lindas_film_on_menstruation
Labor comes of age ,1969,novos-filmes-encontrados.csv (backlog reavaliado),laborcomesofage,18,DESCARTADO,licenseurl do archive.org não confirma domínio público nesta reavaliação: ausente,,https://archive.org/details/laborcomesofage
Human birth. ,"1973,1970",novos-filmes-encontrados.csv (backlog reavaliado),humanbirthvertexbreechandcaesarean,17,DESCARTADO,licenseurl do archive.org não confirma domínio público nesta reavaliação: ausente,,https://archive.org/details/humanbirthvertexbreechandcaesarean
"Hiroshima-Nagasaki, August 1945 ",1969,novos-filmes-encontrados.csv (backlog reavaliado),hiroshimanagasakiaugust1945,16,DESCARTADO,licenseurl do archive.org não confirma domínio público nesta reavaliação: ausente,,https://archive.org/details/hiroshimanagasakiaugust1945
Francesca Baby,1977,novos-filmes-encontrados.csv (backlog reavaliado),francescababy,47,DESCARTADO,licenseurl do archive.org não confirma domínio público nesta reavaliação: ausente,,https://archive.org/details/francescababy
Experiments in motion graphics ,1968,novos-filmes-encontrados.csv (backlog reavaliado),experimentsinmotiongraphics,12,DESCARTADO,licenseurl do archive.org não confirma domínio público nesta reavaliação: ausente,,https://archive.org/details/experimentsinmotiongraphics
Beauty and The Beast,1968,novos-filmes-encontrados.csv (backlog reavaliado),beautyandthebeast_201508,56,DESCARTADO,licenseurl do archive.org não confirma domínio público nesta reavaliação: ausente,,https://archive.org/details/beautyandthebeast_201508
"A Man Called ""Bee"": Studying the Yanomamo",1975,novos-filmes-encontrados.csv (backlog reavaliado),amancalledbeestudyingtheyanomamo,,DESCARTADO,licenseurl do archive.org não confirma domínio público nesta reavaliação: ausente,,https://archive.org/details/amancalledbeestudyingtheyanomamo
A Baby is Born,1974,novos-filmes-encontrados.csv (backlog reavaliado),ababyisborn,24,DESCARTADO,licenseurl do archive.org não confirma domínio público nesta reavaliação: ausente,,https://archive.org/details/ababyisborn
A Shooting gallery called America [motion picture],1975,novos-filmes-encontrados.csv (backlog reavaliado),ashootinggallerycalledamericareel1,52,DESCARTADO,licenseurl do archive.org não confirma domínio público nesta reavaliação: ausente,,https://archive.org/details/ashootinggallerycalledamericareel1
Adolescent sexual conflict: are we still going to the movies?,1974,novos-filmes-encontrados.csv (backlog reavaliado),AdolescentSexualConflict1974,13,DESCARTADO,licenseurl do archive.org não confirma domínio público nesta reavaliação: ausente,,https://archive.org/details/AdolescentSexualConflict1974
SANCTIFY The Little Sisters of Divine Grace,2019,novos-filmes-encontrados.csv (backlog reavaliado),SCM-EXPO-700099,58,DESCARTADO,licenseurl do archive.org não confirma domínio público nesta reavaliação: https://creativecommons.org/licenses/by-sa/4.0/,,https://archive.org/details/SCM-EXPO-700099
Apollo 9: Three To Make Ready,1969,novos-filmes-encontrados.csv (backlog reavaliado),Apollo_9__Three_To_Make_Ready,17,DESCARTADO,licenseurl do archive.org não confirma domínio público nesta reavaliação: ausente,,https://archive.org/details/Apollo_9__Three_To_Make_Ready
NASA eClips Video Series,2009,novos-filmes-encontrados.csv (backlog reavaliado),nasa_eclips_082109,,DESCARTADO,licenseurl do archive.org não confirma domínio público nesta reavaliação: ausente,,https://archive.org/details/nasa_eclips_082109
Our World: Arecibo - The Largest Radio Telescope on Earth,2009,novos-filmes-encontrados.csv (backlog reavaliado),nasa_eclips_081009,,DESCARTADO,licenseurl do archive.org não confirma domínio público nesta reavaliação: ausente,,https://archive.org/details/nasa_eclips_081009
Space Operations,2009,novos-filmes-encontrados.csv (backlog reavaliado),nasa_eclips_110209,,DESCARTADO,licenseurl do archive.org não confirma domínio público nesta reavaliação: ausente,,https://archive.org/details/nasa_eclips_110209
Nasa eClips Video Series 05:14:2009,2009,novos-filmes-encontrados.csv (backlog reavaliado),nasa_eclips_051309,,DESCARTADO,licenseurl do archive.org não confirma domínio público nesta reavaliação: ausente,,https://archive.org/details/nasa_eclips_051309
Nasa eClips 02022009,2009,novos-filmes-encontrados.csv (backlog reavaliado),nasa_eclips_02022009,,DESCARTADO,licenseurl do archive.org não confirma domínio público nesta reavaliação: ausente,,https://archive.org/details/nasa_eclips_02022009
NASA eClips Video Series 360,2008,novos-filmes-encontrados.csv (backlog reavaliado),nasa_360,,DESCARTADO,licenseurl do archive.org não confirma domínio público nesta reavaliação: ausente,,https://archive.org/details/nasa_360
Our World: Journaling in Space,2010,novos-filmes-encontrados.csv (backlog reavaliado),OurWorldJournalingInSpace,7,DESCARTADO,licenseurl do archive.org não confirma domínio público nesta reavaliação: ausente,,https://archive.org/details/OurWorldJournalingInSpace
Nasa eClips Video,2008,novos-filmes-encontrados.csv (backlog reavaliado),Nasa_eClips_video,,DESCARTADO,licenseurl do archive.org não confirma domínio público nesta reavaliação: ausente,,https://archive.org/details/Nasa_eClips_video
NASA SCI Files - The Scientific Method,2001,novos-filmes-encontrados.csv (backlog reavaliado),NasaSciFiles-TheScientificMethod,3,DESCARTADO,licenseurl do archive.org não confirma domínio público nesta reavaliação: ausente,,https://archive.org/details/NasaSciFiles-TheScientificMethod
Our World: Gravity in Space,2010,novos-filmes-encontrados.csv (backlog reavaliado),OurWorldGravityInSpace,6,DESCARTADO,licenseurl do archive.org não confirma domínio público nesta reavaliação: ausente,,https://archive.org/details/OurWorldGravityInSpace
"NASA SCI Files - Cells, Tissues, Organs, and Systems",2003,novos-filmes-encontrados.csv (backlog reavaliado),NasaSciFiles-CellsTissuesOrgansAndSystems,3,DESCARTADO,licenseurl do archive.org não confirma domínio público nesta reavaliação: ausente,,https://archive.org/details/NasaSciFiles-CellsTissuesOrgansAndSystems
NASA_eClips_Our_World_Communication_HD,2010,novos-filmes-encontrados.csv (backlog reavaliado),NASA_eClips_Our_World_Communication_HD,,DESCARTADO,licenseurl do archive.org não confirma domínio público nesta reavaliação: ausente,,https://archive.org/details/NASA_eClips_Our_World_Communication_HD
Our World: Wind Tunnels in Action,2010,novos-filmes-encontrados.csv (backlog reavaliado),OurWorldWindTunnelsInAction,,DESCARTADO,licenseurl do archive.org não confirma domínio público nesta reavaliação: ausente,,https://archive.org/details/OurWorldWindTunnelsInAction
NASA 360 Episode 2,2008,novos-filmes-encontrados.csv (backlog reavaliado),NASA_360_program2_HD,,DESCARTADO,licenseurl do archive.org não confirma domínio público nesta reavaliação: ausente,,https://archive.org/details/NASA_360_program2_HD
NASA 360 Episode 1,2008,novos-filmes-encontrados.csv (backlog reavaliado),NASA_360_program1_HD,,DESCARTADO,licenseurl do archive.org não confirma domínio público nesta reavaliação: ausente,,https://archive.org/details/NASA_360_program1_HD
APOLLO 15 16MM ONBOARD FILM,1971,novos-filmes-encontrados.csv (backlog reavaliado),Apollo15And1616mmOnboardFilm,,DESCARTADO,licenseurl do archive.org não confirma domínio público nesta reavaliação: ausente,,https://archive.org/details/Apollo15And1616mmOnboardFilm
APOLLO 11 16MM ONBOARD FILM,1969,novos-filmes-encontrados.csv (backlog reavaliado),Apollo1116mmOnboardFilm,,DESCARTADO,licenseurl do archive.org não confirma domínio público nesta reavaliação: ausente,,https://archive.org/details/Apollo1116mmOnboardFilm
Satan's Harvest,1970,novos-filmes-encontrados.csv (backlog reavaliado),SatansHarvest,1,DESCARTADO,licenseurl do archive.org não confirma domínio público nesta reavaliação: ausente,,https://archive.org/details/SatansHarvest
Valley Of The Dolls(1967) BD RIP,1967,novos-filmes-encontrados.csv (backlog reavaliado),valley.-of.-the.-dolls.-1967.1080p.-blu-ray.x-264-yts.-am,,DESCARTADO,licenseurl do archive.org não confirma domínio público nesta reavaliação: ausente,,https://archive.org/details/valley.-of.-the.-dolls.-1967.1080p.-blu-ray.x-264-yts.-am
Cosmos: War of the Planets,1977,novos-filmes-encontrados.csv (backlog reavaliado),Cosmos_War_of_the_Planets,89,DESCARTADO,reavaliado nesta rodada (estúdio/produtora/gênero) e não atendeu ao critério de segurança jurídica desta leva - ver observações do relatório,,https://archive.org/details/Cosmos_War_of_the_Planets
Destroy All Planets,1968,novos-filmes-encontrados.csv (backlog reavaliado),Destroy_All_Planets,90,DESCARTADO,reavaliado nesta rodada (estúdio/produtora/gênero) e não atendeu ao critério de segurança jurídica desta leva - ver observações do relatório,,https://archive.org/details/Destroy_All_Planets
Quatermass and the Pit,1967,novos-filmes-encontrados.csv (backlog reavaliado),quatermass-and-the-pit,,DESCARTADO,licenseurl do archive.org não confirma domínio público nesta reavaliação: ausente,,https://archive.org/details/quatermass-and-the-pit
'Twas the Night Before Christmas,1974,novos-filmes-encontrados.csv (backlog reavaliado),twas-the-night-before-christmas-1974-full-movie-freedownloadvideo.net,,DESCARTADO,licenseurl do archive.org não confirma domínio público nesta reavaliação: ausente,,https://archive.org/details/twas-the-night-before-christmas-1974-full-movie-freedownloadvideo.net
Breve Cielo(1969),1969,novos-filmes-encontrados.csv (backlog reavaliado),breve-cielo-1969,,DESCARTADO,licenseurl do archive.org não confirma domínio público nesta reavaliação: ausente,,https://archive.org/details/breve-cielo-1969
La Fiaca (1969),1969,novos-filmes-encontrados.csv (backlog reavaliado),la-fiaca-1969,,DESCARTADO,licenseurl do archive.org não confirma domínio público nesta reavaliação: ausente,,https://archive.org/details/la-fiaca-1969
"Chiaroscuro, Baby",2009,novos-filmes-encontrados.csv (backlog reavaliado),ChiaroscuroBaby,,DESCARTADO,licenseurl do archive.org não confirma domínio público nesta reavaliação: http://creativecommons.org/licenses/by-sa/3.0/us/,,https://archive.org/details/ChiaroscuroBaby
Naked Massacre,1976,novos-filmes-encontrados.csv (backlog reavaliado),NakedMassacre1976,85,DESCARTADO,reavaliado nesta rodada (estúdio/produtora/gênero) e não atendeu ao critério de segurança jurídica desta leva - ver observações do relatório,,https://archive.org/details/NakedMassacre1976
How Awful About Allan,1970,novos-filmes-encontrados.csv (backlog reavaliado),HowAwfulAboutAllan,1,DESCARTADO,reavaliado nesta rodada (estúdio/produtora/gênero) e não atendeu ao critério de segurança jurídica desta leva - ver observações do relatório,,https://archive.org/details/HowAwfulAboutAllan
Reign of the Fallen,2006,novos-filmes-encontrados.csv (backlog reavaliado),Reign_of_the_Fallen,55,DESCARTADO,licenseurl do archive.org não confirma domínio público nesta reavaliação: http://creativecommons.org/licenses/by-nc-nd/2.5/,,https://archive.org/details/Reign_of_the_Fallen
The Gun and the Pulpit,1974,novos-filmes-encontrados.csv (backlog reavaliado),cco_thegunandthepulpit,1,DESCARTADO,reavaliado nesta rodada (estúdio/produtora/gênero) e não atendeu ao critério de segurança jurídica desta leva - ver observações do relatório,,https://archive.org/details/cco_thegunandthepulpit
Sex and the Handicapped,1977,novos-filmes-encontrados.csv (backlog reavaliado),sexandthehandicapped,,DESCARTADO,licenseurl do archive.org não confirma domínio público nesta reavaliação: ausente,,https://archive.org/details/sexandthehandicapped
Growing up female. ,1971,novos-filmes-encontrados.csv (backlog reavaliado),growingupfemale_201505,26,DESCARTADO,licenseurl do archive.org não confirma domínio público nesta reavaliação: ausente,,https://archive.org/details/growingupfemale_201505
At the Lake,1990,novos-filmes-encontrados.csv (backlog reavaliado),atthelake_201705,,DESCARTADO,licenseurl do archive.org não confirma domínio público nesta reavaliação: ausente,,https://archive.org/details/atthelake_201705
St Michael Aveva Un Gallo,1972,novos-filmes-encontrados.csv (backlog reavaliado),stmichaelavevaungallo,,DESCARTADO,licenseurl do archive.org não confirma domínio público nesta reavaliação: ausente,,https://archive.org/details/stmichaelavevaungallo
Junior High School,1978,novos-filmes-encontrados.csv (backlog reavaliado),juniorhighschool_20170530,,DESCARTADO,licenseurl do archive.org não confirma domínio público nesta reavaliação: ausente,,https://archive.org/details/juniorhighschool_20170530
As Boys Grow,1957,archive.org (prelinger),AsBoysGr1957,16,ADICIONADO,"ok (segunda passada, retry de timeout)",as-boys-grow-1957,https://archive.org/details/AsBoysGr1957
Detroit: City on the Move,1965,archive.org (prelinger),DetroitC1965,18,ADICIONADO,"ok (segunda passada, retry de timeout)",detroit-city-on-the-move-1965,https://archive.org/details/DetroitC1965
Build Your Vocabulary,1948,archive.org (prelinger),BuildYou1948,10,ADICIONADO,"ok (segunda passada, retry de timeout)",build-your-vocabulary-1948,https://archive.org/details/BuildYou1948
Alcohol and the Human Body,1949,archive.org (prelinger),Alcohola1949,12,ADICIONADO,"ok (segunda passada, retry de timeout)",alcohol-and-the-human-body-1949,https://archive.org/details/Alcohola1949
The Atom and Biological Science,1952,archive.org (prelinger),atom_and_biological_science,11,ADICIONADO,"ok (segunda passada, retry de timeout)",the-atom-and-biological-science-1952,https://archive.org/details/atom_and_biological_science
A Word to the Wives,1955,archive.org (prelinger),Wordtoth1955,13,ADICIONADO,"ok (segunda passada, retry de timeout)",a-word-to-the-wives-1955,https://archive.org/details/Wordtoth1955
About Fallout (1963),1963,archive.org (prelinger),AboutFal1963,22,ADICIONADO,"ok (segunda passada, retry de timeout)",about-fallout-1963-1963,https://archive.org/details/AboutFal1963
The Woodworker,1940,archive.org (prelinger),Woodwork1940,10,ADICIONADO,"ok (segunda passada, retry de timeout)",the-woodworker-1940,https://archive.org/details/Woodwork1940
The Information Machine,1958,archive.org (prelinger),InformationM,10,ADICIONADO,"ok (segunda passada, retry de timeout)",the-information-machine-1958,https://archive.org/details/InformationM
City of Hope,,archive.org (prelinger),city_of_hope,16,ADICIONADO,"ok (segunda passada, retry de timeout)",city-of-hope,https://archive.org/details/city_of_hope
Body Care and Grooming,1948,archive.org (prelinger),BodyCare1948,17,ADICIONADO,"ok (segunda passada, retry de timeout)",body-care-and-grooming-1948,https://archive.org/details/BodyCare1948
Boy with a Knife,1956,archive.org (prelinger),Boywitha1956,19,ADICIONADO,"ok (segunda passada, retry de timeout)",boy-with-a-knife-1956,https://archive.org/details/Boywitha1956
Blasting Cap Danger,1957,archive.org (prelinger),blasting_cap_danger,14,ADICIONADO,"ok (segunda passada, retry de timeout)",blasting-cap-danger-1957,https://archive.org/details/blasting_cap_danger
The Story of Television,1956,archive.org (prelinger),StoryofT1956,15,ADICIONADO,"ok (segunda passada, retry de timeout)",the-story-of-television-1956,https://archive.org/details/StoryofT1956
Telephone and Telegraph,1946,archive.org (prelinger),Telephon1946,11,ADICIONADO,"ok (segunda passada, retry de timeout)",telephone-and-telegraph-1946,https://archive.org/details/Telephon1946
The Big Bounce,1960,archive.org (prelinger),BigBounc1960,14,ADICIONADO,"ok (segunda passada, retry de timeout)",the-big-bounce-1960,https://archive.org/details/BigBounc1960
Three Little Kittens,1938,archive.org (prelinger),ThreeLit1938,10,ADICIONADO,"ok (segunda passada, retry de timeout)",three-little-kittens-1938,https://archive.org/details/ThreeLit1938
An RCA Presentation: Television,1939,archive.org (prelinger),RCAPrese1939,9,ADICIONADO,"ok (segunda passada, retry de timeout)",an-rca-presentation-television-1939,https://archive.org/details/RCAPrese1939
Safety in Offices,1944,archive.org (prelinger),safety_in_offices,10,ADICIONADO,"ok (segunda passada, retry de timeout)",safety-in-offices-1944,https://archive.org/details/safety_in_offices
Heavenly Bodies,1920,archive.org (prelinger),Heavenly1920,10,ADICIONADO,"ok (segunda passada, retry de timeout)",heavenly-bodies-1920,https://archive.org/details/Heavenly1920
Shopping Can Be Fun: A New Concept in Merchandising,1957,archive.org (prelinger),Shopping1957,17,ADICIONADO,"ok (segunda passada, retry de timeout)",shopping-can-be-fun-a-new-concept-in-merchandising-1957,https://archive.org/details/Shopping1957
"All-American Soap Box Derby, The (1936)",1936,archive.org (prelinger),AllAmeri1936,10,ADICIONADO,"ok (segunda passada, retry de timeout)",all-american-soap-box-derby-the-1936-1936,https://archive.org/details/AllAmeri1936
The Hare and the Tortoise,1947,archive.org (prelinger),Hareandt1947,10,ADICIONADO,"ok (segunda passada, retry de timeout)",the-hare-and-the-tortoise-1947,https://archive.org/details/Hareandt1947
How Textile Mills Are Modernizing,1948,archive.org (prelinger),HowTexti1948,25,ADICIONADO,"ok (segunda passada, retry de timeout)",how-textile-mills-are-modernizing-1948,https://archive.org/details/HowTexti1948
How Quiet Helps at School,1953,archive.org (prelinger),HowQuiet1953,10,ADICIONADO,"ok (segunda passada, retry de timeout)",how-quiet-helps-at-school-1953,https://archive.org/details/HowQuiet1953
Our Shrinking World,1946,archive.org (prelinger),OurShrin1946,10,ADICIONADO,"ok (segunda passada, retry de timeout)",our-shrinking-world-1946,https://archive.org/details/OurShrin1946
Soundie  - The Hut Sut Song,,archive.org (prelinger),soundie_1,3,ADICIONADO,"ok (segunda passada, retry de timeout)",soundie-the-hut-sut-song,https://archive.org/details/soundie_1
Live and Let Live,1947,archive.org (prelinger),LiveandL1947,10,ADICIONADO,"ok (segunda passada, retry de timeout)",live-and-let-live-1947,https://archive.org/details/LiveandL1947
Every Minute Counts,1944,archive.org (prelinger),EveryMin1944,10,ADICIONADO,"ok (segunda passada, retry de timeout)",every-minute-counts-1944,https://archive.org/details/EveryMin1944
Anatomy of an Accident,,archive.org (prelinger),anatomy_of_an_accident,26,ADICIONADO,"ok (segunda passada, retry de timeout)",anatomy-of-an-accident,https://archive.org/details/anatomy_of_an_accident
Helping Johnny Remember,1956,archive.org (prelinger),HelpingJ1956,10,ADICIONADO,"ok (segunda passada, retry de timeout)",helping-johnny-remember-1956,https://archive.org/details/HelpingJ1956
Social Courtesy,1951,archive.org (prelinger),SocialCo1951,10,ADICIONADO,"ok (segunda passada, retry de timeout)",social-courtesy-1951,https://archive.org/details/SocialCo1951
1964 New York World's Fair Report,1961,archive.org (prelinger),1964NewY1961,26,ADICIONADO,"ok (segunda passada, retry de timeout)",1964-new-york-world-s-fair-report-1961,https://archive.org/details/1964NewY1961
Understanding Your Ideals,1950,archive.org (prelinger),Understa1950_2,14,ADICIONADO,"ok (segunda passada, retry de timeout)",understanding-your-ideals-1950,https://archive.org/details/Understa1950_2
Tuberculosis (Third Edition),1955,archive.org (prelinger),Tubercul1955,10,ADICIONADO,"ok (segunda passada, retry de timeout)",tuberculosis-third-edition-1955,https://archive.org/details/Tubercul1955
Unconscious Motivation,,archive.org (prelinger),unconscious_motivation,39,ADICIONADO,"ok (segunda passada, retry de timeout)",unconscious-motivation,https://archive.org/details/unconscious_motivation
Let's Go To The Movies,1948,archive.org (prelinger),LetsGoToTheM,9,ADICIONADO,"ok (segunda passada, retry de timeout)",let-s-go-to-the-movies-1948,https://archive.org/details/LetsGoToTheM
Overcoming Fear,1950,archive.org (prelinger),Overcomi1950,12,ADICIONADO,"ok (segunda passada, retry de timeout)",overcoming-fear-1950,https://archive.org/details/Overcomi1950
Negro Colleges in Wartime,1944,archive.org (prelinger),NegroCol1944,8,ADICIONADO,"ok (segunda passada, retry de timeout)",negro-colleges-in-wartime-1944,https://archive.org/details/NegroCol1944
What About Drinking?,1954,archive.org (prelinger),WhatAbou1954,10,ADICIONADO,"ok (segunda passada, retry de timeout)",what-about-drinking-1954,https://archive.org/details/WhatAbou1954
Electronics At Work,1943,archive.org (prelinger),electronics_at_work,20,ADICIONADO,"ok (segunda passada, retry de timeout)",electronics-at-work-1943,https://archive.org/details/electronics_at_work
The Party's Over,,archive.org (prelinger),partys_over,10,ADICIONADO,"ok (segunda passada, retry de timeout)",the-party-s-over,https://archive.org/details/partys_over
Miracles From Agriculture,1960,archive.org (prelinger),Miracles1960,13,ADICIONADO,"ok (segunda passada, retry de timeout)",miracles-from-agriculture-1960,https://archive.org/details/Miracles1960
Diesel Story,1952,archive.org (prelinger),diesel_story,20,ADICIONADO,"ok (segunda passada, retry de timeout)",diesel-story-1952,https://archive.org/details/diesel_story
To the People of the United States,1944,archive.org (prelinger),TothePeo1944,21,ADICIONADO,"ok (segunda passada, retry de timeout)",to-the-people-of-the-united-states-1944,https://archive.org/details/TothePeo1944
Marriage Today,1950,archive.org (prelinger),Marriage1950,23,ADICIONADO,"ok (segunda passada, retry de timeout)",marriage-today-1950,https://archive.org/details/Marriage1950
A Chance to Play,1950,archive.org (prelinger),Chanceto1950,18,ADICIONADO,"ok (segunda passada, retry de timeout)",a-chance-to-play-1950,https://archive.org/details/Chanceto1950
You Can Tell by the Teller,1945,archive.org (prelinger),YouCanTe1945,19,ADICIONADO,"ok (segunda passada, retry de timeout)",you-can-tell-by-the-teller-1945,https://archive.org/details/YouCanTe1945
Good Wrinkles,1951,archive.org (prelinger),GoodWrin1951,20,ADICIONADO,"ok (segunda passada, retry de timeout)",good-wrinkles-1951,https://archive.org/details/GoodWrin1951
Learning to Set Type,1959,archive.org (prelinger),Learning1959,10,ADICIONADO,"ok (segunda passada, retry de timeout)",learning-to-set-type-1959,https://archive.org/details/Learning1959
Your Thrift Habits,1948,archive.org (prelinger),YourThri1948,11,ADICIONADO,"ok (segunda passada, retry de timeout)",your-thrift-habits-1948,https://archive.org/details/YourThri1948
Writing Better Social Letters,1950,archive.org (prelinger),WritingB1950,11,ADICIONADO,"ok (segunda passada, retry de timeout)",writing-better-social-letters-1950,https://archive.org/details/WritingB1950
The Gossip,1955,archive.org (prelinger),GossipTh1955,13,ADICIONADO,"ok (segunda passada, retry de timeout)",the-gossip-1955,https://archive.org/details/GossipTh1955
Victory Is Our Business,1942,archive.org (prelinger),VictoryI1942,10,ADICIONADO,"ok (segunda passada, retry de timeout)",victory-is-our-business-1942,https://archive.org/details/VictoryI1942
One Bad Knight,,archive.org (prelinger),one_bad_knight,10,ADICIONADO,"ok (segunda passada, retry de timeout)",one-bad-knight,https://archive.org/details/one_bad_knight
Practical Dreamer,1957,archive.org (prelinger),Practica1957,13,ADICIONADO,"ok (segunda passada, retry de timeout)",practical-dreamer-1957,https://archive.org/details/Practica1957
Financing the American Family,1935,archive.org (prelinger),Financin1935,10,ADICIONADO,"ok (segunda passada, retry de timeout)",financing-the-american-family-1935,https://archive.org/details/Financin1935
Discipline During Adolescence,1958,archive.org (prelinger),discipline_during_adolescence,16,ADICIONADO,"ok (segunda passada, retry de timeout)",discipline-during-adolescence-1958,https://archive.org/details/discipline_during_adolescence
Growth study of Johnny and Jimmy,,archive.org (prelinger),growth_study,39,ADICIONADO,"ok (segunda passada, retry de timeout)",growth-study-of-johnny-and-jimmy,https://archive.org/details/growth_study
"News Magazine of the Screen, The (Vol. 4, Issue 2)",1953,archive.org (prelinger),NewsMaga00_3,23,ADICIONADO,"ok (segunda passada, retry de timeout)",news-magazine-of-the-screen-the-vol-4-issue-2-1953,https://archive.org/details/NewsMaga00_3
The Ape Man 720p 1943,1943,novos-filmes-encontrados.csv (backlog reavaliado),TheApeMan720p1943,,DESCARTADO,já existia no catálogo (mesmo source.id) - adicionado por outra via desde a última leva,,https://archive.org/details/TheApeMan720p1943
Out of This World,1954,archive.org (prelinger/usgovfilms),OutofThi1954,,DESCARTADO,já existia no catálogo (mesmo título) - adicionado por outra via desde a última leva,,https://archive.org/details/OutofThi1954
Duck and Cover,,archive.org (prelinger/usgovfilms),gov.ntis.ava11109vnb1,,DESCARTADO,já existia no catálogo (mesmo título) - adicionado por outra via desde a última leva,,https://archive.org/details/gov.ntis.ava11109vnb1
Troop Train,,archive.org (prelinger/usgovfilms),gov.fdr.37,,DESCARTADO,já existia no catálogo (mesmo título) - adicionado por outra via desde a última leva,,https://archive.org/details/gov.fdr.37
D-Day Minus One,,archive.org (prelinger/usgovfilms),gov.fdr.24,,DESCARTADO,já existia no catálogo (mesmo título) - adicionado por outra via desde a última leva,,https://archive.org/details/gov.fdr.24
What To Do in a Gas Attack,,archive.org (prelinger/usgovfilms),gov.fdr.41,,DESCARTADO,já existia no catálogo (mesmo título) - adicionado por outra via desde a última leva,,https://archive.org/details/gov.fdr.41
Target Invisible,,archive.org (prelinger/usgovfilms),gov.fdr.34,,DESCARTADO,já existia no catálogo (mesmo título) - adicionado por outra via desde a última leva,,https://archive.org/details/gov.fdr.34
Victory Is Our Business,,archive.org (prelinger/usgovfilms),gov.fdr.3,,DESCARTADO,já existia no catálogo (mesmo título) - adicionado por outra via desde a última leva,,https://archive.org/details/gov.fdr.3
"Apollo 13: Houston, We've Got a Problem",,archive.org (prelinger/usgovfilms),gov.archives.arc.1155023,,DESCARTADO,já existia no catálogo (mesmo título) - adicionado por outra via desde a última leva,,https://archive.org/details/gov.archives.arc.1155023
My Japan,,archive.org (prelinger/usgovfilms),gov.fdr.2,,DESCARTADO,já existia no catálogo (mesmo título) - adicionado por outra via desde a última leva,,https://archive.org/details/gov.fdr.2
Japanese Relocation,,archive.org (prelinger/usgovfilms),gov.fdr.28,,DESCARTADO,já existia no catálogo (mesmo título) - adicionado por outra via desde a última leva,,https://archive.org/details/gov.fdr.28
EARTHQUAKE,,archive.org (prelinger/usgovfilms),gov.archives.arc.61057,,DESCARTADO,já existia no catálogo (mesmo título) - adicionado por outra via desde a última leva,,https://archive.org/details/gov.archives.arc.61057
Hands,,archive.org (prelinger/usgovfilms),gov.fdr.352.1.2,,DESCARTADO,já existia no catálogo (mesmo título) - adicionado por outra via desde a última leva,,https://archive.org/details/gov.fdr.352.1.2
A Tale of Two Cities,,archive.org (prelinger/usgovfilms),gov.fdr.301,,DESCARTADO,já existia no catálogo (mesmo título) - adicionado por outra via desde a última leva,,https://archive.org/details/gov.fdr.301
The Butcher Boy,,novos-filmes-encontrados.csv (backlog reavaliado),silent-the-butcher-boy,,DESCARTADO,já existia no catálogo (mesmo título) - adicionado por outra via desde a última leva,,https://archive.org/details/silent-the-butcher-boy
The Amazing Quest of Ernest Bliss,1936,novos-filmes-encontrados.csv (backlog reavaliado),the-amazing-quest-of-ernest-bliss-1936,,DESCARTADO,já existia no catálogo (mesmo título) - adicionado por outra via desde a última leva,,https://archive.org/details/the-amazing-quest-of-ernest-bliss-1936
Using the Bank,1947,archive.org (prelinger/usgovfilms),Usingthe1947,,DESCARTADO,item sem arquivos no archive.org (identifier inválido ou removido),,https://archive.org/details/Usingthe1947
Naturally - a Girl,,archive.org (prelinger/usgovfilms),naturally_a_girl,,DESCARTADO,ano 1973 acima do corte de domínio-público provável (1966) - precisa checagem manual,,https://archive.org/details/naturally_a_girl
San Francisco Earthquake footage,,archive.org (prelinger/usgovfilms),tmp_50168,9.9,ADICIONADO,ok (reprocessado após timeout),,https://archive.org/details/tmp_50168
Drug Abuse: The Chemical Tomb,1969,archive.org (prelinger/usgovfilms),DrugAbus1969,,DESCARTADO,item sem arquivos no archive.org (identifier inválido ou removido),,https://archive.org/details/DrugAbus1969
Folgers Coffee Commercial,,archive.org (prelinger/usgovfilms),FolgersCoffe,1,DESCARTADO,"duração incompatível (1 min) - provável trailer/clipe, não o filme completo",,https://archive.org/details/FolgersCoffe
"Truth About Taxes, The",1940,archive.org (prelinger/usgovfilms),TruthAbo1940,,DESCARTADO,item sem arquivos no archive.org (identifier inválido ou removido),,https://archive.org/details/TruthAbo1940
[Edison Newsreels: San Francisco Earthquake aftermath],1906,archive.org (prelinger/usgovfilms),EdisonNe1906,,DESCARTADO,item sem arquivos no archive.org (identifier inválido ou removido),,https://archive.org/details/EdisonNe1906
Immigration,1946,archive.org (prelinger/usgovfilms),Immigrat1946,,DESCARTADO,item sem arquivos no archive.org (identifier inválido ou removido),,https://archive.org/details/Immigrat1946
"Revolutionary New Triumph in Tape, A",1958,archive.org (prelinger/usgovfilms),Revoluti1958,,DESCARTADO,item sem arquivos no archive.org (identifier inválido ou removido),,https://archive.org/details/Revoluti1958
[Bongo Boards],1950,archive.org (prelinger/usgovfilms),BongoBoa1950,,DESCARTADO,item sem arquivos no archive.org (identifier inválido ou removido),,https://archive.org/details/BongoBoa1950
"Child Went Forth, A",1942,archive.org (prelinger/usgovfilms),ChildWen1942,19.8,ADICIONADO,ok (reprocessado após timeout),,https://archive.org/details/ChildWen1942
"Alcohol Trigger Films for Junior High: The Party, The Mother, The Bride",1979,archive.org (prelinger/usgovfilms),AlcoholT1979,,DESCARTADO,item sem arquivos no archive.org (identifier inválido ou removido),,https://archive.org/details/AlcoholT1979
[Amateur film: Bohemian Grove],1938,archive.org (prelinger/usgovfilms),Bohemian1938,,DESCARTADO,item sem arquivos no archive.org (identifier inválido ou removido),,https://archive.org/details/Bohemian1938
[Amateur film: Golden Gate International Exposition],1939,archive.org (prelinger/usgovfilms),GoldenGa1939_2,,DESCARTADO,item sem arquivos no archive.org (identifier inválido ou removido),,https://archive.org/details/GoldenGa1939_2
Magic in the Air (1941),1941,archive.org (prelinger/usgovfilms),Magicint1941,,DESCARTADO,item sem arquivos no archive.org (identifier inválido ou removido),,https://archive.org/details/Magicint1941
Making of a Shooter,1946,archive.org (prelinger/usgovfilms),Makingof1946,24.2,ADICIONADO,ok (reprocessado após timeout),,https://archive.org/details/Makingof1946
Our Changing Family Life,1957,archive.org (prelinger/usgovfilms),OurChang1957,20.1,ADICIONADO,ok (reprocessado após timeout),,https://archive.org/details/OurChang1957
[Besler Corporation Promo Film: Steam-Driven Vehicles],1932,archive.org (prelinger/usgovfilms),BeslerCo1932,,DESCARTADO,item sem arquivos no archive.org (identifier inválido ou removido),,https://archive.org/details/BeslerCo1932
[Television Commercials: Telephone],1970,archive.org (prelinger/usgovfilms),Televisi1970,,DESCARTADO,item sem arquivos no archive.org (identifier inválido ou removido),,https://archive.org/details/Televisi1970
"Princess and the Pauper, The",1939,archive.org (prelinger/usgovfilms),Princess1939,,DESCARTADO,item sem arquivos no archive.org (identifier inválido ou removido),,https://archive.org/details/Princess1939
Wonder Bread Commercial,,archive.org (prelinger/usgovfilms),wonder_bread,0.1,DESCARTADO,"duração incompatível (0.1 min) - provável trailer/clipe, não o filme completo",,https://archive.org/details/wonder_bread
Kelloggs Variety Pak Commercial,,archive.org (prelinger/usgovfilms),kelloggs_variety_pak,,DESCARTADO,item sem arquivos no archive.org (identifier inválido ou removido),,https://archive.org/details/kelloggs_variety_pak
Remember These Faces,1945,archive.org (prelinger/usgovfilms),Remember1945,17.3,ADICIONADO,ok (reprocessado após timeout),,https://archive.org/details/Remember1945
"Coney Island, USA",,archive.org (prelinger/usgovfilms),ConeyIslandU,,DESCARTADO,item sem arquivos no archive.org (identifier inválido ou removido),,https://archive.org/details/ConeyIslandU
Better Use of Leisure Time,1950,archive.org (prelinger/usgovfilms),BetterUs1950,,DESCARTADO,item sem arquivos no archive.org (identifier inválido ou removido),,https://archive.org/details/BetterUs1950
Abolene Cream Commercial,,archive.org (prelinger/usgovfilms),abolene_cream,,DESCARTADO,item sem arquivos no archive.org (identifier inválido ou removido),,https://archive.org/details/abolene_cream
Nonesuch Coffee Ad,1934,archive.org (prelinger/usgovfilms),Nonesuch1934,,DESCARTADO,item sem arquivos no archive.org (identifier inválido ou removido),,https://archive.org/details/Nonesuch1934
"Adventures of Junior Raindrop, The",1948,archive.org (prelinger/usgovfilms),Adventur1948,,DESCARTADO,item sem arquivos no archive.org (identifier inválido ou removido),,https://archive.org/details/Adventur1948
Trik Trak Commercial,,archive.org (prelinger/usgovfilms),trik_trak,1,DESCARTADO,"duração incompatível (1 min) - provável trailer/clipe, não o filme completo",,https://archive.org/details/trik_trak
Soundie - Jiveroo,,archive.org (prelinger/usgovfilms),soundie_11,,DESCARTADO,item sem arquivos no archive.org (identifier inválido ou removido),,https://archive.org/details/soundie_11
What About Juvenile Delinquency?,1955,archive.org (prelinger/usgovfilms),WhatAbou1955,,DESCARTADO,item sem arquivos no archive.org (identifier inválido ou removido),,https://archive.org/details/WhatAbou1955
Oldsmobile Commercial,,archive.org (prelinger/usgovfilms),oldsmobile,,DESCARTADO,item sem arquivos no archive.org (identifier inválido ou removido),,https://archive.org/details/oldsmobile
"Soundie - ""Ten Pretty Girls"" and ""I'll Make You Mine""",,archive.org (prelinger/usgovfilms),SoundieM,,DESCARTADO,item sem arquivos no archive.org (identifier inválido ou removido),,https://archive.org/details/SoundieM
When You Are a Pedestrian,1948,archive.org (prelinger/usgovfilms),WhenYouA1948,,DESCARTADO,item sem arquivos no archive.org (identifier inválido ou removido),,https://archive.org/details/WhenYouA1948
Man On The Land,,archive.org (prelinger/usgovfilms),ManOnTheLand,,DESCARTADO,item sem arquivos no archive.org (identifier inválido ou removido),,https://archive.org/details/ManOnTheLand
Home Electrical Appliances,1944,archive.org (prelinger/usgovfilms),HomeElec1944,,DESCARTADO,item sem arquivos no archive.org (identifier inválido ou removido),,https://archive.org/details/HomeElec1944
Your Hit Parade Commercial,,archive.org (prelinger/usgovfilms),your_hit_parade,1.1,DESCARTADO,"duração incompatível (1.1 min) - provável trailer/clipe, não o filme completo",,https://archive.org/details/your_hit_parade
Dial Comes To Town,,archive.org (prelinger/usgovfilms),DialComesToT,20.3,ADICIONADO,ok (reprocessado após timeout),,https://archive.org/details/DialComesToT
"16mm Motion Picture Projector: Operating Techniques, The",1961,archive.org (prelinger/usgovfilms),16mmMoti1961_2,,DESCARTADO,item sem arquivos no archive.org (identifier inválido ou removido),,https://archive.org/details/16mmMoti1961_2
Folgers Coffee Commercial 3,,archive.org (prelinger/usgovfilms),FolgersCoffe_3,1,DESCARTADO,"duração incompatível (1 min) - provável trailer/clipe, não o filme completo",,https://archive.org/details/FolgersCoffe_3
Dining Together,1951,archive.org (prelinger/usgovfilms),DiningTo1951,,DESCARTADO,item sem arquivos no archive.org (identifier inválido ou removido),,https://archive.org/details/DiningTo1951
Your Family,1948,archive.org (prelinger/usgovfilms),YourFami1948,,DESCARTADO,item sem arquivos no archive.org (identifier inválido ou removido),,https://archive.org/details/YourFami1948
Soundie - Who's Yehudi?,,archive.org (prelinger/usgovfilms),WhosYourHoot,2.8,ADICIONADO,ok (reprocessado após timeout),,https://archive.org/details/WhosYourHoot
Iran: Between Two Worlds,1954,archive.org (prelinger/usgovfilms),IranBetw1954,,DESCARTADO,item sem arquivos no archive.org (identifier inválido ou removido),,https://archive.org/details/IranBetw1954
Gilbert Slot Car Racers Commercial,,archive.org (prelinger/usgovfilms),gilbert_slot_racers,,DESCARTADO,item sem arquivos no archive.org (identifier inválido ou removido),,https://archive.org/details/gilbert_slot_racers
Brazil: South American Medley,1948,archive.org (prelinger/usgovfilms),BrazilSo1948,,DESCARTADO,item sem arquivos no archive.org (identifier inválido ou removido),,https://archive.org/details/BrazilSo1948
Tupperware Commercial #1,,archive.org (prelinger/usgovfilms),tupperware,,DESCARTADO,item sem arquivos no archive.org (identifier inválido ou removido),,https://archive.org/details/tupperware
How to Keep a Job,1949,archive.org (prelinger/usgovfilms),HowtoKee1949,11.4,ADICIONADO,ok (reprocessado após timeout),,https://archive.org/details/HowtoKee1949
To The Fair (Pt 1),,archive.org (prelinger/usgovfilms),ToTheFairA,,DESCARTADO,item sem arquivos no archive.org (identifier inválido ou removido),,https://archive.org/details/ToTheFairA
Social Seminar: Bunny,,archive.org (prelinger/usgovfilms),SocialSemina_2,,DESCARTADO,ano 1971 acima do corte de domínio-público provável (1966) - precisa checagem manual,,https://archive.org/details/SocialSemina_2
Airport America,1954,archive.org (prelinger/usgovfilms),AirportA1954,,DESCARTADO,item sem arquivos no archive.org (identifier inválido ou removido),,https://archive.org/details/AirportA1954
Sound Waves And Their Sources,,archive.org (prelinger/usgovfilms),SoundWavesAn,,DESCARTADO,item sem arquivos no archive.org (identifier inválido ou removido),,https://archive.org/details/SoundWavesAn
Germany: A Family of the Industrial Ruhr,1958,archive.org (prelinger/usgovfilms),GermanyA1958,15.3,ADICIONADO,ok (reprocessado após timeout),,https://archive.org/details/GermanyA1958
Harlem Revue,,archive.org (prelinger/usgovfilms),HarlemReview,9.3,ADICIONADO,ok (reprocessado após timeout),,https://archive.org/details/HarlemReview
"Movietone News: ""The Star-Spangled Banner"" (Version II)",1944,archive.org (prelinger/usgovfilms),Movieton1944,1.4,DESCARTADO,"duração incompatível (1.4 min) - provável trailer/clipe, não o filme completo",,https://archive.org/details/Movieton1944
Banks And Credits,,archive.org (prelinger/usgovfilms),BanksAndCred,10.6,ADICIONADO,ok (reprocessado após timeout),,https://archive.org/details/BanksAndCred
How Honest Are You?,1950,archive.org (prelinger/usgovfilms),HowHones1950,13.8,ADICIONADO,ok (reprocessado após timeout),,https://archive.org/details/HowHones1950
Snap Out of It! (Emotional Balance),1951,archive.org (prelinger/usgovfilms),SnapOuto1951,12.1,ADICIONADO,ok (reprocessado após timeout),,https://archive.org/details/SnapOuto1951
Let Yourself Go,1940,archive.org (prelinger/usgovfilms),LetYours1940,,DESCARTADO,item sem arquivos no archive.org (identifier inválido ou removido),,https://archive.org/details/LetYours1940
[California Color Film / Golden Gate International Exposition],1939,archive.org (prelinger/usgovfilms),Californ1939,7.8,ADICIONADO,ok (reprocessado após timeout),,https://archive.org/details/Californ1939
Heritage For Victory B,,archive.org (prelinger/usgovfilms),HeritageForV_2,11,ADICIONADO,ok (reprocessado após timeout),,https://archive.org/details/HeritageForV_2
For the Living,1949,archive.org (prelinger/usgovfilms),FortheLi1949,21.2,ADICIONADO,ok (reprocessado após timeout),,https://archive.org/details/FortheLi1949
Life in the Central Valley of California,1949,archive.org (prelinger/usgovfilms),Lifeinth1949,10.4,ADICIONADO,ok (reprocessado após timeout),,https://archive.org/details/Lifeinth1949
We Work Again,1930,archive.org (prelinger/usgovfilms),WeWorkAg1930,,DESCARTADO,item sem arquivos no archive.org (identifier inválido ou removido),,https://archive.org/details/WeWorkAg1930
Independent Radio Station,1951,archive.org (prelinger/usgovfilms),Independ1951,18,ADICIONADO,ok (reprocessado após timeout),,https://archive.org/details/Independ1951
"Movie Trailers (""Independence Day, 1940"" Promotion)",1940,archive.org (prelinger/usgovfilms),MovieTra1940,0.7,DESCARTADO,"duração incompatível (0.7 min) - provável trailer/clipe, não o filme completo",,https://archive.org/details/MovieTra1940
Barbers,1959,archive.org (prelinger/usgovfilms),Barbers1959,,DESCARTADO,item sem arquivos no archive.org (identifier inválido ou removido),,https://archive.org/details/Barbers1959
Story of Enterprise,1955,archive.org (prelinger/usgovfilms),Spiritof1955,,DESCARTADO,item sem arquivos no archive.org (identifier inválido ou removido),,https://archive.org/details/Spiritof1955
Soundie - Sweet Sue (Just You),,archive.org (prelinger/usgovfilms),SoundieB,3.2,ADICIONADO,ok (reprocessado após timeout),,https://archive.org/details/SoundieB
"[Amateur films: Ivan Besse collection: Britton, South Dakota 1938-39] (Part X)",1938,archive.org (prelinger/usgovfilms),sIvanBes1938_10,9.2,ADICIONADO,ok (reprocessado após timeout),,https://archive.org/details/sIvanBes1938_10
Making Films That Teach,1954,archive.org (prelinger/usgovfilms),MakingFi1954,18.2,ADICIONADO,ok (reprocessado após timeout),,https://archive.org/details/MakingFi1954
Parker Brothers Funny Bone Toy Commercial,,archive.org (prelinger/usgovfilms),parker_brothers_funny_bone,1,DESCARTADO,"duração incompatível (1 min) - provável trailer/clipe, não o filme completo",,https://archive.org/details/parker_brothers_funny_bone
Mennen Baby Magic Commercial,,archive.org (prelinger/usgovfilms),MennenBabyMa,1,DESCARTADO,"duração incompatível (1 min) - provável trailer/clipe, não o filme completo",,https://archive.org/details/MennenBabyMa
"Trouble Maker, The",1959,archive.org (prelinger/usgovfilms),TroubleM1959,12.3,ADICIONADO,ok (reprocessado após timeout),,https://archive.org/details/TroubleM1959
A Trip Down Market Street Before the Fire (uncompressed HD version),,archive.org (prelinger/usgovfilms),ATripDownMarketStreet_HD,12.5,ADICIONADO,ok (reprocessado após timeout),,https://archive.org/details/ATripDownMarketStreet_HD
"Bus Driver, The",1946,archive.org (prelinger/usgovfilms),BusDrive1946,10,ADICIONADO,ok (reprocessado após timeout),,https://archive.org/details/BusDrive1946
"Quiet Revolution, The",1956,archive.org (prelinger/usgovfilms),QuietRev1956,,DESCARTADO,item sem arquivos no archive.org (identifier inválido ou removido),,https://archive.org/details/QuietRev1956
Amateur Film: Navy Initiation at Sea,,archive.org (prelinger/usgovfilms),navy_initiation_at_sea,,DESCARTADO,item sem arquivos no archive.org (identifier inválido ou removido),,https://archive.org/details/navy_initiation_at_sea
New Neighbor,1953,archive.org (prelinger/usgovfilms),NewNeigh1953,,DESCARTADO,item sem arquivos no archive.org (identifier inválido ou removido),,https://archive.org/details/NewNeigh1953
Folgers Coffee Commercial #4,,archive.org (prelinger/usgovfilms),folgers_4,,DESCARTADO,item sem arquivos no archive.org (identifier inválido ou removido),,https://archive.org/details/folgers_4
What Is Business?,1948,archive.org (prelinger/usgovfilms),WhatIsBu1948,9.8,ADICIONADO,ok (reprocessado após timeout),,https://archive.org/details/WhatIsBu1948
Practicing Democracy in the Classroom,1953,archive.org (prelinger/usgovfilms),Practici1953,20.7,ADICIONADO,ok (reprocessado após timeout),,https://archive.org/details/Practici1953
Project Dugout,1960,archive.org (prelinger/usgovfilms),ProjectD1960,8.2,ADICIONADO,ok (reprocessado após timeout),,https://archive.org/details/ProjectD1960
[Oakland Womens Rowing Club],1950,archive.org (prelinger/usgovfilms),OaklandW1950,0.6,DESCARTADO,"duração incompatível (0.6 min) - provável trailer/clipe, não o filme completo",,https://archive.org/details/OaklandW1950
Tide XK Commercial,,archive.org (prelinger/usgovfilms),tide_xk,0.5,DESCARTADO,"duração incompatível (0.5 min) - provável trailer/clipe, não o filme completo",,https://archive.org/details/tide_xk
Wreckless,,archive.org (prelinger/usgovfilms),wreckless,17.3,ADICIONADO,ok (reprocessado após timeout),,https://archive.org/details/wreckless
[Oakland Oaks Baseball Season Opens],1918,archive.org (prelinger/usgovfilms),OaklandO1918,2.4,ADICIONADO,ok (reprocessado após timeout),,https://archive.org/details/OaklandO1918
"[Cornwall, N.Y., Memorial Day Celebration 1920]",,archive.org (prelinger/usgovfilms),cornwall_ny_celebration,15,ADICIONADO,ok (reprocessado após timeout),,https://archive.org/details/cornwall_ny_celebration
Fred and the Voice of Food Safety: How to Avoid Food-Borne Illness,1818,archive.org (prelinger/usgovfilms),gov.ntis.ava18185vnb1,,DESCARTADO,"revisado nesta rodada - não verificado com confiança suficiente nesta rodada (estúdio grande, origem estrangeira pós-1930, ou TV) - fica para revisão futura",,https://archive.org/details/gov.ntis.ava18185vnb1
FDA Approved - The Slide Show,,archive.org (prelinger/usgovfilms),gov.ntis.ava17487vnb1,13.3,DESCARTADO,"revisado nesta rodada - não verificado com confiança suficiente nesta rodada (estúdio grande, origem estrangeira pós-1930, ou TV) - fica para revisão futura",,https://archive.org/details/gov.ntis.ava17487vnb1
True Glory,,archive.org (prelinger/usgovfilms),gov.ntis.ava02725vnb1,81,ADICIONADO,ok (reprocessado após timeout),,https://archive.org/details/gov.ntis.ava02725vnb1
The story of Hoover Dam,,archive.org (prelinger/usgovfilms),gov.archives.arc.37058,27.6,DESCARTADO,"revisado nesta rodada - não verificado com confiança suficiente nesta rodada (estúdio grande, origem estrangeira pós-1930, ou TV) - fica para revisão futura",,https://archive.org/details/gov.archives.arc.37058
Rural Surveillance,1923,archive.org (prelinger/usgovfilms),gov.ntis.ava19234vnb1,,DESCARTADO,ano 1993 acima do corte de domínio-público provável (1966) - precisa checagem manual,,https://archive.org/details/gov.ntis.ava19234vnb1
Nuremberg,,archive.org (prelinger/usgovfilms),gov.ntis.ava02601vnb1,75,ADICIONADO,ok (reprocessado após timeout),,https://archive.org/details/gov.ntis.ava02601vnb1
China: The Roots of Madness,,archive.org (prelinger/usgovfilms),gov.archives.arc.616322,,DESCARTADO,ano 1967 acima do corte de domínio-público provável (1966) - precisa checagem manual,,https://archive.org/details/gov.archives.arc.616322
"NORMANDY, THE AIRBORNE INVASION OF FORTRESS EUROPE",,archive.org (prelinger/usgovfilms),gov.archives.arc.65988,,DESCARTADO,"revisado nesta rodada - não verificado com confiança suficiente nesta rodada (estúdio grande, origem estrangeira pós-1930, ou TV) - fica para revisão futura",,https://archive.org/details/gov.archives.arc.65988
Apartheid in South Africa,,archive.org (prelinger/usgovfilms),gov.archives.arc.649353,34.2,DESCARTADO,"revisado nesta rodada - não verificado com confiança suficiente nesta rodada (estúdio grande, origem estrangeira pós-1930, ou TV) - fica para revisão futura",,https://archive.org/details/gov.archives.arc.649353
Beachhead To Berlin,,archive.org (prelinger/usgovfilms),gov.archives.arc.12841,21.1,DESCARTADO,"revisado nesta rodada - não verificado com confiança suficiente nesta rodada (estúdio grande, origem estrangeira pós-1930, ou TV) - fica para revisão futura",,https://archive.org/details/gov.archives.arc.12841
India - Pakistan Refugees,,archive.org (prelinger/usgovfilms),gov.archives.arc.1693134,,DESCARTADO,ano 1971 acima do corte de domínio-público provável (1966) - precisa checagem manual,,https://archive.org/details/gov.archives.arc.1693134
Safety in the After Disaster Environment,,archive.org (prelinger/usgovfilms),gov.dhs.fema.usfa.e202,,DESCARTADO,ano 2006 acima do corte de domínio-público provável (1966) - precisa checagem manual,,https://archive.org/details/gov.dhs.fema.usfa.e202
THE BATTLE FOR THE BEACHES,,archive.org (prelinger/usgovfilms),gov.archives.arc.65841,21.5,ADICIONADO,ok (reprocessado após timeout),,https://archive.org/details/gov.archives.arc.65841
STORY OF THOMAS ALVA EDISON,,archive.org (prelinger/usgovfilms),gov.archives.arc.49442,30.5,ADICIONADO,ok (reprocessado após timeout),,https://archive.org/details/gov.archives.arc.49442
EXPANSION TO AIR POWER,,archive.org (prelinger/usgovfilms),gov.archives.arc.2871,42.9,ADICIONADO,ok (reprocessado após timeout),,https://archive.org/details/gov.archives.arc.2871
This is Korea (Parts 1 and 2),1857,archive.org (prelinger/usgovfilms),gov.ntis.ava18577vnb1,49.8,ADICIONADO,ok (reprocessado após timeout),,https://archive.org/details/gov.ntis.ava18577vnb1
The Fleet That Came To Stay,,archive.org (prelinger/usgovfilms),gov.archives.arc.13113,21.6,ADICIONADO,ok (reprocessado após timeout),,https://archive.org/details/gov.archives.arc.13113
Judaism,,archive.org (prelinger/usgovfilms),gov.doj.ncj.212664.v1.6,,DESCARTADO,ano 2000 acima do corte de domínio-público provável (1966) - precisa checagem manual,,https://archive.org/details/gov.doj.ncj.212664.v1.6
Vietnam War,,archive.org (prelinger/usgovfilms),gov.archives.arc.1663615,,DESCARTADO,ano 1971 acima do corte de domínio-público provável (1966) - precisa checagem manual,,https://archive.org/details/gov.archives.arc.1663615
The Enemy Japan--The People,,archive.org (prelinger/usgovfilms),gov.archives.arc.12867,20.1,ADICIONADO,ok (reprocessado após timeout),,https://archive.org/details/gov.archives.arc.12867
THE EARTHQUAKERS,,archive.org (prelinger/usgovfilms),gov.dod.dimoc.26133,19.6,ADICIONADO,ok (reprocessado após timeout),,https://archive.org/details/gov.dod.dimoc.26133
John F. Kennedy: Years of Lightning/Day of Drums,,archive.org (prelinger/usgovfilms),gov.ntis.ava11312vnb1,86.3,ADICIONADO,ok (reprocessado após timeout),,https://archive.org/details/gov.ntis.ava11312vnb1
Man of the Month,,archive.org (prelinger/usgovfilms),gov.archives.arc.650763,25.7,ADICIONADO,ok (reprocessado após timeout),,https://archive.org/details/gov.archives.arc.650763
The Pleasure of Your Company: Military Etiquette and Grooming,2040,archive.org (prelinger/usgovfilms),gov.ntis.ava20403vnb1,,DESCARTADO,ano 1970 acima do corte de domínio-público provável (1966) - precisa checagem manual,,https://archive.org/details/gov.ntis.ava20403vnb1
Okinawa: Bastion in the Pacific,,archive.org (prelinger/usgovfilms),gov.archives.111-tv-423,28.2,ADICIONADO,ok (reprocessado após timeout),,https://archive.org/details/gov.archives.111-tv-423
War Comes to America,,archive.org (prelinger/usgovfilms),gov.archives.arc.36073,66.2,ADICIONADO,ok (reprocessado após timeout),,https://archive.org/details/gov.archives.arc.36073
"Island of Hope, Island of Tears",,archive.org (prelinger/usgovfilms),gov.ntis.ava15996vnb1,,DESCARTADO,ano 1989 acima do corte de domínio-público provável (1966) - precisa checagem manual,,https://archive.org/details/gov.ntis.ava15996vnb1
The Last Bomb,,archive.org (prelinger/usgovfilms),gov.archives.arc.65631,24.5,ADICIONADO,ok (reprocessado após timeout),,https://archive.org/details/gov.archives.arc.65631
HELL ON WHEELS,2035,archive.org (prelinger/usgovfilms),gov.dod.dimoc.20359,20.4,ADICIONADO,ok (reprocessado após timeout),,https://archive.org/details/gov.dod.dimoc.20359
ALASKA HIGHWAY,,archive.org (prelinger/usgovfilms),gov.dod.dimoc.23086,35.2,ADICIONADO,ok (reprocessado após timeout),,https://archive.org/details/gov.dod.dimoc.23086
Armored Force,,archive.org (prelinger/usgovfilms),gov.archives.111-tv-233,27.5,ADICIONADO,ok (reprocessado após timeout),,https://archive.org/details/gov.archives.111-tv-233
THE LIBERATION OF ROME,,archive.org (prelinger/usgovfilms),gov.archives.arc.24348,20.9,ADICIONADO,ok (reprocessado após timeout),,https://archive.org/details/gov.archives.arc.24348
Unique War,,archive.org (prelinger/usgovfilms),gov.ntis.ava17237vnb1,24.3,ADICIONADO,ok (reprocessado após timeout),,https://archive.org/details/gov.ntis.ava17237vnb1
Trial by Fire: A Carrier Fights for Life,1983,archive.org (prelinger/usgovfilms),gov.ntis.ava19833vnb1,,DESCARTADO,ano 1973 acima do corte de domínio-público provável (1966) - precisa checagem manual,,https://archive.org/details/gov.ntis.ava19833vnb1
Mission Mind Control,,archive.org (prelinger/usgovfilms),gov.archives.arc.37950,,DESCARTADO,ano 1979 acima do corte de domínio-público provável (1966) - precisa checagem manual,,https://archive.org/details/gov.archives.arc.37950
ACTION AT ANGAUR,,archive.org (prelinger/usgovfilms),gov.archives.arc.35883,28.5,ADICIONADO,ok (reprocessado após timeout),,https://archive.org/details/gov.archives.arc.35883
ANSWER TO STALIN,,archive.org (prelinger/usgovfilms),gov.archives.arc.47588,18.9,ADICIONADO,ok (reprocessado após timeout),,https://archive.org/details/gov.archives.arc.47588
WARRING AND ROARING (1914-1929),,archive.org (prelinger/usgovfilms),gov.archives.arc.54992,,DESCARTADO,ano 1983 acima do corte de domínio-público provável (1966) - precisa checagem manual,,https://archive.org/details/gov.archives.arc.54992
Know Your Ally - Britain,,archive.org (prelinger/usgovfilms),gov.ntis.ava06858vnb1,42.1,ADICIONADO,ok (reprocessado após timeout),,https://archive.org/details/gov.ntis.ava06858vnb1
Berlin Documentary,,archive.org (prelinger/usgovfilms),gov.archives.arc.68514,26.2,ADICIONADO,ok (reprocessado após timeout),,https://archive.org/details/gov.archives.arc.68514
Castle Films Europe's Total War,,archive.org (prelinger/usgovfilms),gov.fdr.245,15.7,ADICIONADO,ok (reprocessado após timeout),,https://archive.org/details/gov.fdr.245
This place in time: The Mount St. Helens story,,archive.org (prelinger/usgovfilms),gov.archives.arc.13504,,DESCARTADO,ano 1984 acima do corte de domínio-público provável (1966) - precisa checagem manual,,https://archive.org/details/gov.archives.arc.13504
"Castle Films Russia Stops Hitler, Soviets Fight Back",,archive.org (prelinger/usgovfilms),gov.fdr.232,9.7,ADICIONADO,ok (reprocessado após timeout),,https://archive.org/details/gov.fdr.232
Big Picture: The Fight for Vietnam,,archive.org (prelinger/usgovfilms),gov.archives.arc.2569807,28.2,ADICIONADO,ok (reprocessado após timeout),,https://archive.org/details/gov.archives.arc.2569807
Eagle Cage,1844,archive.org (prelinger/usgovfilms),gov.archives.arc.1718448,27.4,ADICIONADO,ok (reprocessado após timeout),,https://archive.org/details/gov.archives.arc.1718448
THE DREAM OF KINGS,,archive.org (prelinger/usgovfilms),gov.archives.arc.48003,23,ADICIONADO,ok (reprocessado após timeout),,https://archive.org/details/gov.archives.arc.48003
Smoke Jumper Training for Airborne Fire Fighting,,archive.org (prelinger/usgovfilms),gov.archives.arc.578376,54.5,ADICIONADO,ok (reprocessado após timeout),,https://archive.org/details/gov.archives.arc.578376
Chemical Munitions Testing,,archive.org (prelinger/usgovfilms),gov.archives.arc.599938,,DESCARTADO,ano 1970 acima do corte de domínio-público provável (1966) - precisa checagem manual,,https://archive.org/details/gov.archives.arc.599938
"Roswell Reports, Volume 1",,archive.org (prelinger/usgovfilms),gov.archives.341-roswell-1,24.6,ADICIONADO,ok (reprocessado após timeout),,https://archive.org/details/gov.archives.341-roswell-1
Pandemic Flu: Taking Action,,archive.org (prelinger/usgovfilms),gov.chappm.pandemic,,DESCARTADO,ano 2007 acima do corte de domínio-público provável (1966) - precisa checagem manual,,https://archive.org/details/gov.chappm.pandemic
WINTER WAR,,archive.org (prelinger/usgovfilms),gov.dod.dimoc.30119,28.8,ADICIONADO,ok (reprocessado após timeout),,https://archive.org/details/gov.dod.dimoc.30119
We the Japanese People,,archive.org (prelinger/usgovfilms),gov.archives.li.111-cad-24-52,28.8,ADICIONADO,ok (reprocessado após timeout),,https://archive.org/details/gov.archives.li.111-cad-24-52
ARMY IN ACTION - EPISODE X - THE COBRA STRIKES,,archive.org (prelinger/usgovfilms),gov.dod.dimoc.30179,28.7,ADICIONADO,ok (reprocessado após timeout),,https://archive.org/details/gov.dod.dimoc.30179
WAR'S END,,archive.org (prelinger/usgovfilms),gov.dod.dimoc.30120,28.6,ADICIONADO,ok (reprocessado após timeout),,https://archive.org/details/gov.dod.dimoc.30120
Castle Films News Parade: Bombing of Pearl Harbor,,archive.org (prelinger/usgovfilms),gov.fdr.4,9.6,ADICIONADO,ok (reprocessado após timeout),,https://archive.org/details/gov.fdr.4
Nuclear Test Film - Project Crossroads,,archive.org (prelinger/usgovfilms),gov.doe.0800002,42.5,ADICIONADO,ok (reprocessado após timeout),,https://archive.org/details/gov.doe.0800002
AFRICAN AMERICANS IN WORLD WAR II: A LEGACY OF PATRIOTISM AND VALOR,,archive.org (prelinger/usgovfilms),gov.dod.dimoc.504607,,DESCARTADO,ano 1997 acima do corte de domínio-público provável (1966) - precisa checagem manual,,https://archive.org/details/gov.dod.dimoc.504607
Nuclear Test Film - Operation Redwing,,archive.org (prelinger/usgovfilms),gov.doe.0800019,27,ADICIONADO,ok (reprocessado após timeout),,https://archive.org/details/gov.doe.0800019
Nuclear Test Film - Operation Ivy,,archive.org (prelinger/usgovfilms),gov.doe.0800012,63.6,ADICIONADO,ok (reprocessado após timeout),,https://archive.org/details/gov.doe.0800012
Nuclear Test Film - Operation Wigwam,,archive.org (prelinger/usgovfilms),gov.doe.0800018,37,ADICIONADO,ok (reprocessado após timeout),,https://archive.org/details/gov.doe.0800018
BOOM DAYS [1920-1932],,archive.org (prelinger/usgovfilms),gov.archives.arc.100578,10.9,ADICIONADO,ok (reprocessado após timeout),,https://archive.org/details/gov.archives.arc.100578
Nuclear Test Film - Operation Castle,,archive.org (prelinger/usgovfilms),gov.doe.0800013,21,ADICIONADO,ok (reprocessado após timeout),,https://archive.org/details/gov.doe.0800013
"Nuclear Test Film - Operation Ranger, Operation Buster/Jangle",,archive.org (prelinger/usgovfilms),gov.doe.0800010,76.6,ADICIONADO,ok (reprocessado após timeout),,https://archive.org/details/gov.doe.0800010
APPOINTMENT IN TOKYO,2037,archive.org (prelinger/usgovfilms),gov.dod.dimoc.20379,57.5,ADICIONADO,ok (reprocessado após timeout),,https://archive.org/details/gov.dod.dimoc.20379
SNOW STORM IN THE JUNGLE,,archive.org (prelinger/usgovfilms),gov.archives.arc.37891,48.5,ADICIONADO,ok (reprocessado após timeout),,https://archive.org/details/gov.archives.arc.37891
Nuclear Test Film - Operation Greenhouse,,archive.org (prelinger/usgovfilms),gov.doe.0800009,,DESCARTADO,item sem arquivos no archive.org (identifier inválido ou removido),,https://archive.org/details/gov.doe.0800009
Hinduism,,archive.org (prelinger/usgovfilms),gov.doj.ncj.212664.v1.7,,DESCARTADO,ano 2000 acima do corte de domínio-público provável (1966) - precisa checagem manual,,https://archive.org/details/gov.doj.ncj.212664.v1.7
Nuclear Test Film - Operation Teapot,,archive.org (prelinger/usgovfilms),gov.doe.0800017,31.5,ADICIONADO,ok (reprocessado após timeout),,https://archive.org/details/gov.doe.0800017
Riot Control Agents-Medical Management of Chemical and Biological Casualties,,archive.org (prelinger/usgovfilms),gov.ntis.ava21026vnb1,,DESCARTADO,ano 2000 acima do corte de domínio-público provável (1966) - precisa checagem manual,,https://archive.org/details/gov.ntis.ava21026vnb1
What Makes a Battle,,archive.org (prelinger/usgovfilms),gov.fdr.40,15.6,ADICIONADO,ok (reprocessado após timeout),,https://archive.org/details/gov.fdr.40
THE CHALLENGE OF IDEAS,2000,archive.org (prelinger/usgovfilms),gov.dod.dimoc.20008,30.4,ADICIONADO,ok (reprocessado após timeout),,https://archive.org/details/gov.dod.dimoc.20008
WAR COMMUNIQUE,,archive.org (prelinger/usgovfilms),gov.archives.arc.39138,10,ADICIONADO,ok (reprocessado após timeout),,https://archive.org/details/gov.archives.arc.39138
PARIS 44,,archive.org (prelinger/usgovfilms),gov.dod.dimoc.30162,28.6,ADICIONADO,ok (reprocessado após timeout),,https://archive.org/details/gov.dod.dimoc.30162
ATTACK - THE BATTLE FOR NEW BRITAIN,2036,archive.org (prelinger/usgovfilms),gov.dod.dimoc.20361,56.3,ADICIONADO,ok (reprocessado após timeout),,https://archive.org/details/gov.dod.dimoc.20361
NAZI CONCENTRATION CAMPS,,archive.org (prelinger/usgovfilms),gov.archives.arc.43452,57.9,ADICIONADO,ok (reprocessado após timeout),,https://archive.org/details/gov.archives.arc.43452
Nuclear Test Film - Operation Sandstone - Navy,,archive.org (prelinger/usgovfilms),gov.doe.0800008,41.5,ADICIONADO,ok (reprocessado após timeout),,https://archive.org/details/gov.doe.0800008
Nuclear Test Film - Operation Tumbler-Snapper,,archive.org (prelinger/usgovfilms),gov.doe.0800011,48,ADICIONADO,ok (reprocessado após timeout),,https://archive.org/details/gov.doe.0800011
Training Women for War Production,,archive.org (prelinger/usgovfilms),gov.fdr.36,8.6,ADICIONADO,ok (reprocessado após timeout),,https://archive.org/details/gov.fdr.36
COMBAT PSYCHIATRY - THE BATTALION MEDICAL OFFICER,,archive.org (prelinger/usgovfilms),gov.archives.arc.36106,36.2,ADICIONADO,ok (reprocessado após timeout),,https://archive.org/details/gov.archives.arc.36106
Big Picture: Missile Man,,archive.org (prelinger/usgovfilms),gov.archives.arc.2569652,28.7,ADICIONADO,ok (reprocessado após timeout),,https://archive.org/details/gov.archives.arc.2569652
Nuclear Test Film - Operation Sandstone - U.S. Air Force,,archive.org (prelinger/usgovfilms),gov.doe.0800005,30.5,ADICIONADO,ok (reprocessado após timeout),,https://archive.org/details/gov.doe.0800005
Nuclear Test Film - Operation Sandstone,,archive.org (prelinger/usgovfilms),gov.doe.0800003,20.5,ADICIONADO,ok (reprocessado após timeout),,https://archive.org/details/gov.doe.0800003
Mr. and Mrs. America,,archive.org (prelinger/usgovfilms),gov.fdr.29,13.5,ADICIONADO,ok (reprocessado após timeout),,https://archive.org/details/gov.fdr.29
CIVIL RIGHTS: SELMA TO MONTGOMERY,,archive.org (prelinger/usgovfilms),gov.archives.arc.53422,45.4,ADICIONADO,ok (reprocessado após timeout),,https://archive.org/details/gov.archives.arc.53422
Nuclear Test Film - Nuclear Testing Review,,archive.org (prelinger/usgovfilms),gov.doe.0800000,25.5,ADICIONADO,ok (reprocessado após timeout),,https://archive.org/details/gov.doe.0800000
Nuclear Test Film - Operation Sandstone - U.S. Army Engineers,,archive.org (prelinger/usgovfilms),gov.doe.0800006,20.5,ADICIONADO,ok (reprocessado após timeout),,https://archive.org/details/gov.doe.0800006
Big Picture: Atomic Battlefield,,archive.org (prelinger/usgovfilms),gov.archives.arc.2569664,,DESCARTADO,item sem arquivos no archive.org (identifier inválido ou removido),,https://archive.org/details/gov.archives.arc.2569664
Nuclear Test Film - Damage and Destruction,,archive.org (prelinger/usgovfilms),gov.doe.0800014,18,ADICIONADO,ok (reprocessado após timeout),,https://archive.org/details/gov.doe.0800014
THE BAREFOOT DOCTORS OF RURAL CHINA,,archive.org (prelinger/usgovfilms),gov.archives.arc.46549,,DESCARTADO,ano 1975 acima do corte de domínio-público provável (1966) - precisa checagem manual,,https://archive.org/details/gov.archives.arc.46549
Range Safety,1892,archive.org (prelinger/usgovfilms),gov.ntis.ava18925vnb1,,DESCARTADO,ano 1990 acima do corte de domínio-público provável (1966) - precisa checagem manual,,https://archive.org/details/gov.ntis.ava18925vnb1
Incredible Turk,,archive.org (prelinger/usgovfilms),gov.archives.arc.651784,25.8,ADICIONADO,ok (reprocessado após timeout),,https://archive.org/details/gov.archives.arc.651784
MEN WITH GREEN FACES,,archive.org (prelinger/usgovfilms),gov.dod.dimoc.25371,,DESCARTADO,ano 1969 acima do corte de domínio-público provável (1966) - precisa checagem manual,,https://archive.org/details/gov.dod.dimoc.25371
Big Picture: Medal of Honor,,archive.org (prelinger/usgovfilms),gov.archives.arc.2569833,28.7,ADICIONADO,ok (reprocessado após timeout),,https://archive.org/details/gov.archives.arc.2569833
Nazi Concentration Camp Footage,,archive.org (prelinger/usgovfilms),gov.fdr.348,59.2,ADICIONADO,ok (reprocessado após timeout),,https://archive.org/details/gov.fdr.348
The Drama of Steel,,archive.org (prelinger/usgovfilms),gov.archives.arc.12505,33.5,ADICIONADO,ok (reprocessado após timeout),,https://archive.org/details/gov.archives.arc.12505
Nuclear Test Film - Operation Sandstone - Blast Measurement,,archive.org (prelinger/usgovfilms),gov.doe.0800007,18.5,ADICIONADO,ok (reprocessado após timeout),,https://archive.org/details/gov.doe.0800007
Nuclear Test Film - Operation Upshot-Knothole,,archive.org (prelinger/usgovfilms),gov.doe.0800015,36,ADICIONADO,ok (reprocessado após timeout),,https://archive.org/details/gov.doe.0800015
Big Picture: The Third Challenge: Unconventional Warfare,,archive.org (prelinger/usgovfilms),gov.archives.arc.2569809,28.8,ADICIONADO,ok (reprocessado após timeout),,https://archive.org/details/gov.archives.arc.2569809
"[AMERICAN DAY IN] TRIPOLI, LIBYA",,archive.org (prelinger/usgovfilms),gov.archives.arc.37715,14.2,ADICIONADO,ok (reprocessado após timeout),,https://archive.org/details/gov.archives.arc.37715
Castle Films News Parade 1943 Axis Smashed in North Africa,,archive.org (prelinger/usgovfilms),gov.fdr.292,9.7,ADICIONADO,ok (reprocessado após timeout),,https://archive.org/details/gov.fdr.292
"Roswell Reports, Volume 6",,archive.org (prelinger/usgovfilms),gov.archives.341-roswell-19,73.1,ADICIONADO,ok (reprocessado após timeout),,https://archive.org/details/gov.archives.341-roswell-19
FAMOUS GENERALS - PATTON,,archive.org (prelinger/usgovfilms),gov.dod.dimoc.30156,33.9,ADICIONADO,ok (reprocessado após timeout),,https://archive.org/details/gov.dod.dimoc.30156
ADC LIFE SUPPORT TRAINING SCHOOL,2082,archive.org (prelinger/usgovfilms),gov.dod.dimoc.20824,,DESCARTADO,item sem arquivos no archive.org (identifier inválido ou removido),,https://archive.org/details/gov.dod.dimoc.20824
FREEDOM AND YOU,,archive.org (prelinger/usgovfilms),gov.archives.arc.48469,56.8,ADICIONADO,ok (reprocessado após timeout),,https://archive.org/details/gov.archives.arc.48469
FDR's Trip to the Crimea and the Middle East: FDR Trip to N. Africa,,archive.org (prelinger/usgovfilms),gov.fdr.207,27.8,ADICIONADO,ok (reprocessado após timeout),,https://archive.org/details/gov.fdr.207
AT THE FRONT IN NORTH AFRICA,2034,archive.org (prelinger/usgovfilms),gov.dod.dimoc.20346,41.7,ADICIONADO,ok (reprocessado após timeout),,https://archive.org/details/gov.dod.dimoc.20346
BIOASTRONAUTICS RESEARCH,,archive.org (prelinger/usgovfilms),gov.archives.arc.68700,13.6,ADICIONADO,ok (reprocessado após timeout),,https://archive.org/details/gov.archives.arc.68700
KOREA REVISITED,,archive.org (prelinger/usgovfilms),gov.dod.dimoc.30237,28.6,ADICIONADO,ok (reprocessado após timeout),,https://archive.org/details/gov.dod.dimoc.30237
A Point in Time: The Corona Story,,archive.org (prelinger/usgovfilms),gov.archives.arc.1678526,57.8,ADICIONADO,ok (reprocessado após timeout),,https://archive.org/details/gov.archives.arc.1678526
Fire Power: Artillery,,archive.org (prelinger/usgovfilms),gov.archives.111-tv-225,27.9,ADICIONADO,ok (reprocessado após timeout),,https://archive.org/details/gov.archives.111-tv-225
"KENNEDY ADDRESS, CUBA",,archive.org (prelinger/usgovfilms),gov.archives.arc.51510,18.7,ADICIONADO,ok (reprocessado após timeout),,https://archive.org/details/gov.archives.arc.51510
UNITED STATES ARMY RESEARCH AND DEVELOPMENT - PROGRESS REPORT NUMBER SIX - CAMP CENTURY,,archive.org (prelinger/usgovfilms),gov.dod.dimoc.26064,31.8,ADICIONADO,ok (reprocessado após timeout),,https://archive.org/details/gov.dod.dimoc.26064
Chinese film,,archive.org (prelinger/usgovfilms),gov.archives.arc.72247,33.7,ADICIONADO,ok (reprocessado após timeout),,https://archive.org/details/gov.archives.arc.72247
Eleanor Roosevelt and the Red Cross,,archive.org (prelinger/usgovfilms),gov.fdr.304,5.2,ADICIONADO,ok (reprocessado após timeout),,https://archive.org/details/gov.fdr.304
The Battle of Ia Drang Valley,,archive.org (prelinger/usgovfilms),gov.archives.arc.653177,27.9,ADICIONADO,ok (reprocessado após timeout),,https://archive.org/details/gov.archives.arc.653177
Animals for Research - Establishing and Maintaining a Disease-Free Animal Colony,2069,archive.org (prelinger/usgovfilms),gov.ntis.ava20697vnb1,27.1,ADICIONADO,ok (reprocessado após timeout),,https://archive.org/details/gov.ntis.ava20697vnb1
PARAGUAY,,archive.org (prelinger/usgovfilms),gov.archives.arc.47001,16.9,ADICIONADO,ok (reprocessado após timeout),,https://archive.org/details/gov.archives.arc.47001
Nuclear Test Film - Operation Sandstone - EC and G,,archive.org (prelinger/usgovfilms),gov.doe.0800004,16.5,ADICIONADO,ok (reprocessado após timeout),,https://archive.org/details/gov.doe.0800004
NUCLEAR EFFECTS TESTING AT WHITE SANDS,,archive.org (prelinger/usgovfilms),gov.archives.arc.36040,21.3,ADICIONADO,ok (reprocessado após timeout),,https://archive.org/details/gov.archives.arc.36040
RADIO TELETYPEWRITER AN/GRC-46,,archive.org (prelinger/usgovfilms),gov.dod.dimoc.28384,26.5,ADICIONADO,ok (reprocessado após timeout),,https://archive.org/details/gov.dod.dimoc.28384
THE CAPE,,archive.org (prelinger/usgovfilms),gov.archives.arc.69591,26.1,ADICIONADO,ok (reprocessado após timeout),,https://archive.org/details/gov.archives.arc.69591
Defense Against Enemy Propaganda,,archive.org (prelinger/usgovfilms),gov.archives.111-tv-360,27.5,ADICIONADO,ok (reprocessado após timeout),,https://archive.org/details/gov.archives.111-tv-360
THE CALL OF THE AIR,,archive.org (prelinger/usgovfilms),gov.archives.arc.65873,,DESCARTADO,item sem arquivos no archive.org (identifier inválido ou removido),,https://archive.org/details/gov.archives.arc.65873
Wings for This Man,,archive.org (prelinger/usgovfilms),gov.ntis.ava08663vnb1,9.7,ADICIONADO,ok (reprocessado após timeout),,https://archive.org/details/gov.ntis.ava08663vnb1
WEAPONS OF THE FIELD ARTILLERY,,archive.org (prelinger/usgovfilms),gov.archives.arc.36806,38.2,ADICIONADO,ok (reprocessado após timeout),,https://archive.org/details/gov.archives.arc.36806
Killed Or Be Killed,,archive.org (prelinger/usgovfilms),gov.archives.arc.12126,9.4,ADICIONADO,ok (reprocessado após timeout),,https://archive.org/details/gov.archives.arc.12126
STORY OF THE BLACK CATS,,archive.org (prelinger/usgovfilms),gov.archives.arc.12990,19.8,ADICIONADO,ok (reprocessado após timeout),,https://archive.org/details/gov.archives.arc.12990
HIGH FREQUENCY AS A WEAPON,,archive.org (prelinger/usgovfilms),gov.archives.arc.64890,25,ADICIONADO,ok (reprocessado após timeout),,https://archive.org/details/gov.archives.arc.64890
"Nuclear Test Film - Operation Upshot-Knothole, 5.2",,archive.org (prelinger/usgovfilms),gov.doe.0800016,19.5,ADICIONADO,ok (reprocessado após timeout),,https://archive.org/details/gov.doe.0800016
Earth Resources Technology Satellite (ERTS),,archive.org (prelinger/usgovfilms),gov.archives.arc.1257667,,DESCARTADO,ano 1973 acima do corte de domínio-público provável (1966) - precisa checagem manual,,https://archive.org/details/gov.archives.arc.1257667
IT STARTED WITH MUYBRIDGE,,archive.org (prelinger/usgovfilms),gov.dod.dimoc.25029,12.4,ADICIONADO,ok (reprocessado após timeout),,https://archive.org/details/gov.dod.dimoc.25029
"Roswell Reports, Volume 2",,archive.org (prelinger/usgovfilms),gov.archives.341-roswell-14,39.8,ADICIONADO,ok (reprocessado após timeout),,https://archive.org/details/gov.archives.341-roswell-14
THE MARCH ON WASHINGTON,,archive.org (prelinger/usgovfilms),gov.archives.arc.49737,20.4,ADICIONADO,ok (reprocessado após timeout),,https://archive.org/details/gov.archives.arc.49737
"Roswell Reports, Volume 4",,archive.org (prelinger/usgovfilms),gov.archives.341-roswell-17,91.9,ADICIONADO,ok (reprocessado após timeout),,https://archive.org/details/gov.archives.341-roswell-17
Time of Apollo,,archive.org (prelinger/usgovfilms),gov.ntis.ava03129vnb1,,DESCARTADO,ano 1975 acima do corte de domínio-público provável (1966) - precisa checagem manual,,https://archive.org/details/gov.ntis.ava03129vnb1
FLOATING FORTRESS,,archive.org (prelinger/usgovfilms),gov.dod.dimoc.800824,13.7,ADICIONADO,ok (reprocessado após timeout),,https://archive.org/details/gov.dod.dimoc.800824
Who's Out There?,,archive.org (prelinger/usgovfilms),gov.archives.arc.649442,,DESCARTADO,ano 1975 acima do corte de domínio-público provável (1966) - precisa checagem manual,,https://archive.org/details/gov.archives.arc.649442
SL-1 The Accident: Phases I and II,,archive.org (prelinger/usgovfilms),gov.ntis.A13886VNB1,40.4,ADICIONADO,ok (reprocessado após timeout),,https://archive.org/details/gov.ntis.A13886VNB1
Buddhism,,archive.org (prelinger/usgovfilms),gov.doj.ncj.212664.v1.4,,DESCARTADO,ano 2000 acima do corte de domínio-público provável (1966) - precisa checagem manual,,https://archive.org/details/gov.doj.ncj.212664.v1.4
The Fight for Life,,archive.org (prelinger/usgovfilms),gov.archives.arc.1234,69.5,ADICIONADO,ok (reprocessado após timeout),,https://archive.org/details/gov.archives.arc.1234
CHANNEL 3: MOSCOW,,archive.org (prelinger/usgovfilms),gov.archives.arc.54306,,DESCARTADO,item sem arquivos no archive.org (identifier inválido ou removido),,https://archive.org/details/gov.archives.arc.54306
Big Picture: Testing for Tomorrow,,archive.org (prelinger/usgovfilms),gov.archives.arc.2569798,28.3,ADICIONADO,ok (reprocessado após timeout),,https://archive.org/details/gov.archives.arc.2569798
THE THUNDERBOLTS--RAMROD TO EMDEN,,archive.org (prelinger/usgovfilms),gov.archives.arc.2873,,DESCARTADO,item sem arquivos no archive.org (identifier inválido ou removido),,https://archive.org/details/gov.archives.arc.2873
Air Brakes - Principles of Operation,,archive.org (prelinger/usgovfilms),gov.ntis.ava07923-vnb1,,DESCARTADO,item sem arquivos no archive.org (identifier inválido ou removido),,https://archive.org/details/gov.ntis.ava07923-vnb1
Vietnam Special,,archive.org (prelinger/usgovfilms),gov.archives.arc.653071,,DESCARTADO,ano 1967 acima do corte de domínio-público provável (1966) - precisa checagem manual,,https://archive.org/details/gov.archives.arc.653071
PRES. NIXON DEFENDS HIS OFFICE ON WATERGATE CHARGES,,archive.org (prelinger/usgovfilms),gov.archives.arc.48638,24.4,ADICIONADO,ok (reprocessado após timeout),,https://archive.org/details/gov.archives.arc.48638
The Valley of the Giant: Mississippi River story,,archive.org (prelinger/usgovfilms),gov.archives.arc.12767,27.2,ADICIONADO,ok (reprocessado após timeout),,https://archive.org/details/gov.archives.arc.12767
C-130 Hercules Progress Report,,archive.org (prelinger/usgovfilms),gov.archives.arc.66768,13.1,ADICIONADO,ok (reprocessado após timeout),,https://archive.org/details/gov.archives.arc.66768
The Eagle Has Landed: The Flight of Apollo 11,,archive.org (prelinger/usgovfilms),gov.archives.arc.45017,,DESCARTADO,ano 1969 acima do corte de domínio-público provável (1966) - precisa checagem manual,,https://archive.org/details/gov.archives.arc.45017
"AIR FORCE STORY VOL 2, CHAP 2 - MEETING THE RED CHALLENGE",,archive.org (prelinger/usgovfilms),gov.dod.dimoc.26138,16.9,ADICIONADO,ok (reprocessado após timeout),,https://archive.org/details/gov.dod.dimoc.26138
JAPANESE PAPER BALLOON,,archive.org (prelinger/usgovfilms),gov.archives.arc.13084,22.7,ADICIONADO,ok (reprocessado após timeout),,https://archive.org/details/gov.archives.arc.13084
TECHNIQUE OF HAND SENDING,,archive.org (prelinger/usgovfilms),gov.dod.dimoc.23735,12.2,ADICIONADO,ok (reprocessado após timeout),,https://archive.org/details/gov.dod.dimoc.23735
"Roswell Reports, Volume 3",,archive.org (prelinger/usgovfilms),gov.archives.341-roswell-16,47,ADICIONADO,ok (reprocessado após timeout),,https://archive.org/details/gov.archives.341-roswell-16
NUREMBERG AND MAUTHAUSEN,,archive.org (prelinger/usgovfilms),gov.archives.arc.23851,8.4,ADICIONADO,ok (reprocessado após timeout),,https://archive.org/details/gov.archives.arc.23851
"Elements of Tempering, Normalizing, and Annealing",,archive.org (prelinger/usgovfilms),gov.ntis.ava08799vnb1,,DESCARTADO,ano 1994 acima do corte de domínio-público provável (1966) - precisa checagem manual,,https://archive.org/details/gov.ntis.ava08799vnb1
French President Charles De Gaulle and the Six-Year War,,archive.org (prelinger/usgovfilms),gov.archives.arc.649319,26.4,ADICIONADO,ok (reprocessado após timeout),,https://archive.org/details/gov.archives.arc.649319
Big Picture: Army Satellites,,archive.org (prelinger/usgovfilms),gov.archives.arc.2569665,28.5,ADICIONADO,ok (reprocessado após timeout),,https://archive.org/details/gov.archives.arc.2569665
U.S.S. IOWA JOINS THE NAVY [ETC.],,archive.org (prelinger/usgovfilms),gov.archives.arc.39034,,DESCARTADO,item sem arquivos no archive.org (identifier inválido ou removido),,https://archive.org/details/gov.archives.arc.39034
Japan,2010,archive.org (prelinger/usgovfilms),gov.archives.arc.642010,27.6,ADICIONADO,ok (reprocessado após timeout),,https://archive.org/details/gov.archives.arc.642010
Response to Mechanical Shock,,archive.org (prelinger/usgovfilms),gov.ntis.ava15026-vnb1,,DESCARTADO,ano 1968 acima do corte de domínio-público provável (1966) - precisa checagem manual,,https://archive.org/details/gov.ntis.ava15026-vnb1
VOYAGER II-Rendezvous With Saturn,,archive.org (prelinger/usgovfilms),gov.archives.arc.59760,,DESCARTADO,ano 1986 acima do corte de domínio-público provável (1966) - precisa checagem manual,,https://archive.org/details/gov.archives.arc.59760
Sneak Craft,,archive.org (prelinger/usgovfilms),gov.archives.arc.13092,28,ADICIONADO,ok (reprocessado após timeout),,https://archive.org/details/gov.archives.arc.13092
MODERN MANUFACTURING -- COMMAND PERFORMANCE,,archive.org (prelinger/usgovfilms),gov.dod.dimoc.26387,,DESCARTADO,item sem arquivos no archive.org (identifier inválido ou removido),,https://archive.org/details/gov.dod.dimoc.26387
Bomber,,archive.org (prelinger/usgovfilms),gov.archives.arc.38638,9.8,ADICIONADO,ok (reprocessado após timeout),,https://archive.org/details/gov.archives.arc.38638
The Battle of Russia,,archive.org (prelinger/usgovfilms),gov.archives.arc.36071,83,ADICIONADO,ok (reprocessado após timeout),,https://archive.org/details/gov.archives.arc.36071
Keeper of the Flame,,archive.org (prelinger/usgovfilms),gov.dhs.fema.usfa.e182,,DESCARTADO,ano 2005 acima do corte de domínio-público provável (1966) - precisa checagem manual,,https://archive.org/details/gov.dhs.fema.usfa.e182
The Mind - Benders: LSD and the Hallucinogens,,archive.org (prelinger/usgovfilms),gov.archives.arc.13260,,DESCARTADO,ano 1970 acima do corte de domínio-público provável (1966) - precisa checagem manual,,https://archive.org/details/gov.archives.arc.13260
ALASKAN EARTHQUAKE,,archive.org (prelinger/usgovfilms),gov.dod.dimoc.30190,5,ADICIONADO,ok (reprocessado após timeout),,https://archive.org/details/gov.dod.dimoc.30190
Making Sauerkraut,,archive.org (prelinger/usgovfilms),edu.alaska.fnh-01284.1,,DESCARTADO,item sem arquivos no archive.org (identifier inválido ou removido),,https://archive.org/details/edu.alaska.fnh-01284.1
Friendship Seven,,archive.org (prelinger/usgovfilms),gov.archives.arc.45021,58,ADICIONADO,ok (reprocessado após timeout),,https://archive.org/details/gov.archives.arc.45021
Big Picture: Army Air Defense Command (ARADCOM): The Inner Ring,,archive.org (prelinger/usgovfilms),gov.archives.arc.2569884,27.2,ADICIONADO,ok (reprocessado após timeout),,https://archive.org/details/gov.archives.arc.2569884
Scatter radar: Space research from the ground,,archive.org (prelinger/usgovfilms),gov.archives.arc.37826,23.4,ADICIONADO,ok (reprocessado após timeout),,https://archive.org/details/gov.archives.arc.37826
SPACE NAVIGATION,,archive.org (prelinger/usgovfilms),gov.dod.dimoc.27982,,DESCARTADO,ano 1968 acima do corte de domínio-público provável (1966) - precisa checagem manual,,https://archive.org/details/gov.dod.dimoc.27982
REFRIGERATION -- PRINCIPLES OF MECHANICAL REFRIGERATION,,archive.org (prelinger/usgovfilms),gov.dod.dimoc.27633,15.3,ADICIONADO,ok (reprocessado após timeout),,https://archive.org/details/gov.dod.dimoc.27633
Aerial Torpedo Attach - High Speed Hig Altitude,,archive.org (prelinger/usgovfilms),gov.archives.arc.13042,28.2,ADICIONADO,ok (reprocessado após timeout),,https://archive.org/details/gov.archives.arc.13042
Space Shuttle: A Remarkable Flying Machine,,archive.org (prelinger/usgovfilms),gov.archives.arc.1157922,,DESCARTADO,ano 1981 acima do corte de domínio-público provável (1966) - precisa checagem manual,,https://archive.org/details/gov.archives.arc.1157922
Mao Tse-Tung,,archive.org (prelinger/usgovfilms),gov.archives.arc.650774,,DESCARTADO,ano 1969 acima do corte de domínio-público provável (1966) - precisa checagem manual,,https://archive.org/details/gov.archives.arc.650774
"EVOLUTION OF THE OIL INDUSTRY, THE",,archive.org (prelinger/usgovfilms),gov.archives.arc.12477,29.5,ADICIONADO,ok (reprocessado após timeout),,https://archive.org/details/gov.archives.arc.12477
RADIO SET AN/VRC-12,,archive.org (prelinger/usgovfilms),gov.dod.dimoc.28379,26.5,ADICIONADO,ok (reprocessado após timeout),,https://archive.org/details/gov.dod.dimoc.28379
Radar and Its Applications,2095,archive.org (prelinger/usgovfilms),gov.archives.arc.892095,,DESCARTADO,item sem arquivos no archive.org (identifier inválido ou removido),,https://archive.org/details/gov.archives.arc.892095
SPACE AGE RAILROAD,,archive.org (prelinger/usgovfilms),gov.dod.dimoc.26555,,DESCARTADO,ano 1969 acima do corte de domínio-público provável (1966) - precisa checagem manual,,https://archive.org/details/gov.dod.dimoc.26555
Industrial Power,1986,archive.org (prelinger/usgovfilms),gov.archives.arc.1986638,22.6,ADICIONADO,ok (reprocessado após timeout),,https://archive.org/details/gov.archives.arc.1986638
Nuclear Test Film - Trinity Shot,,archive.org (prelinger/usgovfilms),gov.doe.0800001,,DESCARTADO,item sem arquivos no archive.org (identifier inválido ou removido),,https://archive.org/details/gov.doe.0800001
This Island Called Wallops,,archive.org (prelinger/usgovfilms),gov.archives.arc.1257126,15.1,ADICIONADO,ok (reprocessado após timeout),,https://archive.org/details/gov.archives.arc.1257126
HISTORY OF THE AIR FORCE 1954 - 1964 -- FROM MISSILE DEVELOPMENT TO SPACE,,archive.org (prelinger/usgovfilms),gov.dod.dimoc.38379,,DESCARTADO,ano 1977 acima do corte de domínio-público provável (1966) - precisa checagem manual,,https://archive.org/details/gov.dod.dimoc.38379
UNIVERSE,,archive.org (prelinger/usgovfilms),gov.archives.arc.1257658,,DESCARTADO,ano 1976 acima do corte de domínio-público provável (1966) - precisa checagem manual,,https://archive.org/details/gov.archives.arc.1257658
"Roswell Reports, Volume 8",,archive.org (prelinger/usgovfilms),gov.archives.341-roswell-27,34.7,ADICIONADO,ok (reprocessado após timeout),,https://archive.org/details/gov.archives.341-roswell-27
U.S.S. Forrestal,,archive.org (prelinger/usgovfilms),gov.archives.arc.38198,19.5,ADICIONADO,ok (reprocessado após timeout),,https://archive.org/details/gov.archives.arc.38198
One At A Time,,archive.org (prelinger/usgovfilms),gov.archives.arc.12122,,DESCARTADO,ano 1969 acima do corte de domínio-público provável (1966) - precisa checagem manual,,https://archive.org/details/gov.archives.arc.12122
MAINTENANCE OF MICROWAVE POWER TUBES,,archive.org (prelinger/usgovfilms),gov.dod.dimoc.27456,33.9,ADICIONADO,ok (reprocessado após timeout),,https://archive.org/details/gov.dod.dimoc.27456
C-5 GALAXY - WORLD'S LARGEST AIRCRAFT,,archive.org (prelinger/usgovfilms),gov.dod.dimoc.26593,,DESCARTADO,ano 1969 acima do corte de domínio-público provável (1966) - precisa checagem manual,,https://archive.org/details/gov.dod.dimoc.26593
"INVISIBLE BATTLEGROUND, THE",,archive.org (prelinger/usgovfilms),gov.dod.dimoc.22347,30.6,ADICIONADO,ok (reprocessado após timeout),,https://archive.org/details/gov.dod.dimoc.22347
THE SUBMARINERS,,archive.org (prelinger/usgovfilms),gov.dod.dimoc.25126,,DESCARTADO,ano 1967 acima do corte de domínio-público provável (1966) - precisa checagem manual,,https://archive.org/details/gov.dod.dimoc.25126
"STORY OF SEALAB II, THE",,archive.org (prelinger/usgovfilms),gov.dod.dimoc.25026,28.8,ADICIONADO,ok (reprocessado após timeout),,https://archive.org/details/gov.dod.dimoc.25026
ASSEMBLING THE DEEP SEA OUTFIT,,archive.org (prelinger/usgovfilms),gov.dod.dimoc.21569,24.5,ADICIONADO,ok (reprocessado após timeout),,https://archive.org/details/gov.dod.dimoc.21569
COAXIAL,,archive.org (prelinger/usgovfilms),gov.archives.arc.89091,13,ADICIONADO,ok (reprocessado após timeout),,https://archive.org/details/gov.archives.arc.89091
Defense Against the Spy,,archive.org (prelinger/usgovfilms),gov.archives.arc.649321,,DESCARTADO,ano 1967 acima do corte de domínio-público provável (1966) - precisa checagem manual,,https://archive.org/details/gov.archives.arc.649321
FOILBORNE,,archive.org (prelinger/usgovfilms),gov.dod.dimoc.25778,,DESCARTADO,ano 1972 acima do corte de domínio-público provável (1966) - precisa checagem manual,,https://archive.org/details/gov.dod.dimoc.25778
Wallops Island launch facility,,archive.org (prelinger/usgovfilms),gov.archives.arc.45737,,DESCARTADO,item sem arquivos no archive.org (identifier inválido ou removido),,https://archive.org/details/gov.archives.arc.45737
Captured German War Films,,archive.org (prelinger/usgovfilms),gov.archives.arc.64760,42.2,ADICIONADO,ok (reprocessado após timeout),,https://archive.org/details/gov.archives.arc.64760
FUNDAMENTALS OF BALLISTICS,,archive.org (prelinger/usgovfilms),gov.dod.dimoc.29866,18.1,ADICIONADO,ok (reprocessado após timeout),,https://archive.org/details/gov.dod.dimoc.29866
COMMUNICATIONS CABLE-PIC - COLOR CODE,,archive.org (prelinger/usgovfilms),gov.dod.dimoc.27936,,DESCARTADO,item sem arquivos no archive.org (identifier inválido ou removido),,https://archive.org/details/gov.dod.dimoc.27936
Big Picture: Army Ballistic Missile Agency,,archive.org (prelinger/usgovfilms),gov.archives.arc.2569626,26.8,ADICIONADO,ok (reprocessado após timeout),,https://archive.org/details/gov.archives.arc.2569626
Aerospace Power,,archive.org (prelinger/usgovfilms),gov.archives.arc.573287,,DESCARTADO,ano 1977 acima do corte de domínio-público provável (1966) - precisa checagem manual,,https://archive.org/details/gov.archives.arc.573287
Haiti's Francois Duvalier Dictatorship,,archive.org (prelinger/usgovfilms),gov.archives.arc.1654747,,DESCARTADO,ano 1971 acima do corte de domínio-público provável (1966) - precisa checagem manual,,https://archive.org/details/gov.archives.arc.1654747
UNITED STATES ARMY RESEARCH AND DEVELOPMENT - PROGRESS REPORT NUMBER FIVE,,archive.org (prelinger/usgovfilms),gov.dod.dimoc.26063,21.4,ADICIONADO,ok (reprocessado após timeout),,https://archive.org/details/gov.dod.dimoc.26063
TROUBLESHOOTING ELECTRIC CIRCUITS,,archive.org (prelinger/usgovfilms),gov.dod.dimoc.27867,,DESCARTADO,ano 1968 acima do corte de domínio-público provável (1966) - precisa checagem manual,,https://archive.org/details/gov.dod.dimoc.27867
Big Picture: Science Moves the Army,,archive.org (prelinger/usgovfilms),gov.archives.arc.2569856,28.8,ADICIONADO,ok (reprocessado após timeout),,https://archive.org/details/gov.archives.arc.2569856
THE TURBOSUPERCHARGER: MASTER OF THE SKIES,,archive.org (prelinger/usgovfilms),gov.archives.arc.2781,22.9,ADICIONADO,ok (reprocessado após timeout),,https://archive.org/details/gov.archives.arc.2781
"AN/TPS-25 GROUND SURVEILLANCE RADAR, THE",,archive.org (prelinger/usgovfilms),gov.dod.dimoc.29604,31,ADICIONADO,ok (reprocessado após timeout),,https://archive.org/details/gov.dod.dimoc.29604
ENGINEERING FOR TOMORROW,,archive.org (prelinger/usgovfilms),gov.dod.dimoc.30259,,DESCARTADO,ano 1970 acima do corte de domínio-público provável (1966) - precisa checagem manual,,https://archive.org/details/gov.dod.dimoc.30259
Schizophrenic Model Psychosis Induced by Lysergic Acid Diethylamide (LSD),,archive.org (prelinger/usgovfilms),gov.archives.arc.1662201,23.9,ADICIONADO,ok (reprocessado após timeout),,https://archive.org/details/gov.archives.arc.1662201
TOWARD THE UNEXPLORED,,archive.org (prelinger/usgovfilms),gov.dod.dimoc.26462,,DESCARTADO,item sem arquivos no archive.org (identifier inválido ou removido),,https://archive.org/details/gov.dod.dimoc.26462
COUNTDOWN AT WHITE SANDS,,archive.org (prelinger/usgovfilms),gov.dod.dimoc.23014,26.7,ADICIONADO,ok (reprocessado após timeout),,https://archive.org/details/gov.dod.dimoc.23014
"RADIOSOTOPE-PART XIII-GENERAL SCIENCES, THE",,archive.org (prelinger/usgovfilms),gov.dod.dimoc.25872,45.5,ADICIONADO,ok (reprocessado após timeout),,https://archive.org/details/gov.dod.dimoc.25872
TESTING AT ABERDEEN,,archive.org (prelinger/usgovfilms),gov.dod.dimoc.30252,,DESCARTADO,ano 1969 acima do corte de domínio-público provável (1966) - precisa checagem manual,,https://archive.org/details/gov.dod.dimoc.30252
"US ARMY IN SPACE AND UNDER THE SEA, THE",,archive.org (prelinger/usgovfilms),gov.dod.dimoc.30294,,DESCARTADO,ano 1971 acima do corte de domínio-público provável (1966) - precisa checagem manual,,https://archive.org/details/gov.dod.dimoc.30294
Ten for Gold,,archive.org (prelinger/usgovfilms),gov.archives.arc.614503,,DESCARTADO,ano 1976 acima do corte de domínio-público provável (1966) - precisa checagem manual,,https://archive.org/details/gov.archives.arc.614503
USS NAUTILUS OPERATION SUNSHINE,,archive.org (prelinger/usgovfilms),gov.dod.dimoc.24505,13.9,ADICIONADO,ok (reprocessado após timeout),,https://archive.org/details/gov.dod.dimoc.24505
L.T.A. HISTORY BALLOONS,,archive.org (prelinger/usgovfilms),gov.dod.dimoc.23740,26.5,ADICIONADO,ok (reprocessado após timeout),,https://archive.org/details/gov.dod.dimoc.23740
THE QUEST,,archive.org (prelinger/usgovfilms),gov.dod.dimoc.35795,,DESCARTADO,ano 1981 acima do corte de domínio-público provável (1966) - precisa checagem manual,,https://archive.org/details/gov.dod.dimoc.35795
OCEANOGRAPHIC RESEARCH WITH THE COUSTEAU DIVING SAUCER,,archive.org (prelinger/usgovfilms),gov.dod.dimoc.25224,26.5,ADICIONADO,ok (reprocessado após timeout),,https://archive.org/details/gov.dod.dimoc.25224
AFSC STAFF FILM REPORT 305 - TODAY'S TECHNOLOGY,,archive.org (prelinger/usgovfilms),gov.dod.dimoc.600403,,DESCARTADO,ano 1984 acima do corte de domínio-público provável (1966) - precisa checagem manual,,https://archive.org/details/gov.dod.dimoc.600403
Apollo 11: One Giant Leap for Mankind,,archive.org (prelinger/usgovfilms),gov.archives.arc.7500,27.5,ADICIONADO,ok (reprocessado após timeout),,https://archive.org/details/gov.archives.arc.7500
Marbury v. Madison,,archive.org (prelinger/usgovfilms),gov.ntis.AVA02153VNB1,,DESCARTADO,ano 1977 acima do corte de domínio-público provável (1966) - precisa checagem manual,,https://archive.org/details/gov.ntis.AVA02153VNB1
HELICOPTER ORIENTATION - INTRODUCTION TO HELICOPTERS,,archive.org (prelinger/usgovfilms),gov.dod.dimoc.29185,19.6,ADICIONADO,ok (reprocessado após timeout),,https://archive.org/details/gov.dod.dimoc.29185
SUICIDE - THE UNHEARD CRY,,archive.org (prelinger/usgovfilms),gov.archives.arc.36850,44.2,ADICIONADO,ok (reprocessado após timeout),,https://archive.org/details/gov.archives.arc.36850
VOLTAGE DOUBLERS,,archive.org (prelinger/usgovfilms),gov.dod.dimoc.39972,,DESCARTADO,ano 1970 acima do corte de domínio-público provável (1966) - precisa checagem manual,,https://archive.org/details/gov.dod.dimoc.39972
DEEP SUBMERGENCE RESCUE SYSTEM,,archive.org (prelinger/usgovfilms),gov.dod.dimoc.25736,,DESCARTADO,ano 1973 acima do corte de domínio-público provável (1966) - precisa checagem manual,,https://archive.org/details/gov.dod.dimoc.25736
TOTAL BODY MEASUREMENT OF NATURAL AND ACQUIRED RADIOACTIVITY IN MAN,,archive.org (prelinger/usgovfilms),gov.dod.dimoc.25906,11.1,ADICIONADO,ok (reprocessado após timeout),,https://archive.org/details/gov.dod.dimoc.25906
The Nazis Strike,,archive.org (prelinger/usgovfilms),gov.archives.arc.36068,41.1,ADICIONADO,ok (reprocessado após timeout),,https://archive.org/details/gov.archives.arc.36068
HYPERBARIC CHAMBER,,archive.org (prelinger/usgovfilms),gov.dod.dimoc.50912,,DESCARTADO,ano 1979 acima do corte de domínio-público provável (1966) - precisa checagem manual,,https://archive.org/details/gov.dod.dimoc.50912
NEUTRALIZING SPHERICAL LENSES,,archive.org (prelinger/usgovfilms),gov.dod.dimoc.69033,,DESCARTADO,item sem arquivos no archive.org (identifier inválido ou removido),,https://archive.org/details/gov.dod.dimoc.69033
Fundamentals of Rifle Marksmanship,,archive.org (prelinger/usgovfilms),gov.ntis.ava21011vnb1,,DESCARTADO,ano 1999 acima do corte de domínio-público provável (1966) - precisa checagem manual,,https://archive.org/details/gov.ntis.ava21011vnb1
THE STORY OF GASOLINE,,archive.org (prelinger/usgovfilms),gov.archives.arc.12511,23.1,ADICIONADO,ok (reprocessado após timeout),,https://archive.org/details/gov.archives.arc.12511
Islam,,archive.org (prelinger/usgovfilms),gov.doj.ncj.212664.v1.5,,DESCARTADO,ano 2000 acima do corte de domínio-público provável (1966) - precisa checagem manual,,https://archive.org/details/gov.doj.ncj.212664.v1.5
The Story of OSHA,,archive.org (prelinger/usgovfilms),gov.osha.censored.1,,DESCARTADO,ano 1980 acima do corte de domínio-público provável (1966) - precisa checagem manual,,https://archive.org/details/gov.osha.censored.1
Interview with General Rafael Trujillo,,archive.org (prelinger/usgovfilms),gov.archives.arc.647563,39.9,ADICIONADO,ok (reprocessado após timeout),,https://archive.org/details/gov.archives.arc.647563
The Battle of China,,archive.org (prelinger/usgovfilms),gov.archives.arc.36072,63.3,ADICIONADO,ok (reprocessado após timeout),,https://archive.org/details/gov.archives.arc.36072
Strip Search,1892,archive.org (prelinger/usgovfilms),gov.ntis.ava18921vnb1,,DESCARTADO,ano 1990 acima do corte de domínio-público provável (1966) - precisa checagem manual,,https://archive.org/details/gov.ntis.ava18921vnb1
"INTERNATIONAL MORSE CODE, HAND SENDING",,archive.org (prelinger/usgovfilms),gov.archives.arc.36813,19.8,ADICIONADO,ok (reprocessado após timeout),,https://archive.org/details/gov.archives.arc.36813
An Introduction to the Patent System,,archive.org (prelinger/usgovfilms),gov.ntis.ava21157vnb1,,DESCARTADO,ano 2002 acima do corte de domínio-público provável (1966) - precisa checagem manual,,https://archive.org/details/gov.ntis.ava21157vnb1
Basic Wildland Fire Orientation,,archive.org (prelinger/usgovfilms),gov.nwcg.nfes.2709,,DESCARTADO,ano 2003 acima do corte de domínio-público provável (1966) - precisa checagem manual,,https://archive.org/details/gov.nwcg.nfes.2709
Big Picture: The Douglas MacArthur Story,,archive.org (prelinger/usgovfilms),gov.archives.arc.2569682,28.7,ADICIONADO,ok (reprocessado após timeout),,https://archive.org/details/gov.archives.arc.2569682
THE UNENDING STRUGGLE,2045,archive.org (prelinger/usgovfilms),gov.archives.arc.12045,29.9,ADICIONADO,ok (reprocessado após timeout),,https://archive.org/details/gov.archives.arc.12045
U.S. House Floor,,archive.org (prelinger/usgovfilms),metavid,,DESCARTADO,item sem arquivos no archive.org (identifier inválido ou removido),,https://archive.org/details/metavid
"A Rural Community: Holtville, Alabama",,archive.org (prelinger/usgovfilms),gov.archives.arc.47087,68,ADICIONADO,ok (reprocessado após timeout),,https://archive.org/details/gov.archives.arc.47087
McCulloch v. Maryland,,archive.org (prelinger/usgovfilms),gov.ntis.AVA02154VNB1,,DESCARTADO,ano 1977 acima do corte de domínio-público provável (1966) - precisa checagem manual,,https://archive.org/details/gov.ntis.AVA02154VNB1
The Battle of Britain,,archive.org (prelinger/usgovfilms),gov.archives.arc.36070,53.2,ADICIONADO,ok (reprocessado após timeout),,https://archive.org/details/gov.archives.arc.36070
MARTIN LUTHER KING CLIP REEL,,archive.org (prelinger/usgovfilms),gov.archives.arc.54547,,DESCARTADO,ano 1986 acima do corte de domínio-público provável (1966) - precisa checagem manual,,https://archive.org/details/gov.archives.arc.54547
Atomic Attack,,archive.org (prelinger/usgovfilms),gov.ntis.ava09891vnb1,50.2,ADICIONADO,ok (reprocessado após timeout),,https://archive.org/details/gov.ntis.ava09891vnb1
"DAY IN VIETNAM, A",,archive.org (prelinger/usgovfilms),gov.dod.dimoc.23444,,DESCARTADO,ano 1967 acima do corte de domínio-público provável (1966) - precisa checagem manual,,https://archive.org/details/gov.dod.dimoc.23444
NAZI SPIES AND MURDERERS ARE EXECUTED BY U.S. [ETC.],,archive.org (prelinger/usgovfilms),gov.archives.arc.39092,,DESCARTADO,item sem arquivos no archive.org (identifier inválido ou removido),,https://archive.org/details/gov.archives.arc.39092
The California Gray Whale (Revised),,archive.org (prelinger/usgovfilms),gov.ntis.ava01336vnb1,22.3,ADICIONADO,ok (reprocessado após timeout),,https://archive.org/details/gov.ntis.ava01336vnb1
DUKE ELLINGTON ET SON ORCHESTRE,,archive.org (prelinger/usgovfilms),gov.archives.arc.47984,76.3,ADICIONADO,ok (reprocessado após timeout),,https://archive.org/details/gov.archives.arc.47984
THANK YOU SAFETY SUE,,archive.org (prelinger/usgovfilms),gov.dod.dimoc.31305,,DESCARTADO,ano 1977 acima do corte de domínio-público provável (1966) - precisa checagem manual,,https://archive.org/details/gov.dod.dimoc.31305
Can't Take No More,,archive.org (prelinger/usgovfilms),gov.osha.censored.3,,DESCARTADO,ano 1980 acima do corte de domínio-público provável (1966) - precisa checagem manual,,https://archive.org/details/gov.osha.censored.3
Target for Today,,archive.org (prelinger/usgovfilms),gov.ntis.ava11757vnb1,92.8,ADICIONADO,ok (reprocessado após timeout),,https://archive.org/details/gov.ntis.ava11757vnb1
Safety - It's Your Responsibility,1950,archive.org (prelinger/usgovfilms),gov.ntis.ava11950vnb1,,DESCARTADO,ano 1982 acima do corte de domínio-público provável (1966) - precisa checagem manual,,https://archive.org/details/gov.ntis.ava11950vnb1
"Roswell Reports, Volume 10",,archive.org (prelinger/usgovfilms),gov.archives.341-roswell-39,20.6,ADICIONADO,ok (reprocessado após timeout),,https://archive.org/details/gov.archives.341-roswell-39
The General George S. Patton Story,,archive.org (prelinger/usgovfilms),gov.archives.111-tv-468,27.8,ADICIONADO,ok (reprocessado após timeout),,https://archive.org/details/gov.archives.111-tv-468
The Money Story,,archive.org (prelinger/usgovfilms),gov.usmint.money,,DESCARTADO,item sem arquivos no archive.org (identifier inválido ou removido),,https://archive.org/details/gov.usmint.money
"HINDENBURG CRASH, 05/06/1937 (Disc 2)",,archive.org (prelinger/usgovfilms),gov.archives.arc.64668.2,10.2,ADICIONADO,ok (reprocessado após timeout),,https://archive.org/details/gov.archives.arc.64668.2
School for Danger,,archive.org (prelinger/usgovfilms),gov.archives.arc.895984,68.9,ADICIONADO,ok (reprocessado após timeout),,https://archive.org/details/gov.archives.arc.895984
Tahtonka,,archive.org (prelinger/usgovfilms),gov.archives.arc.13496,27.9,ADICIONADO,ok (reprocessado após timeout),,https://archive.org/details/gov.archives.arc.13496
Science of Spying,,archive.org (prelinger/usgovfilms),gov.archives.arc.614513,52.1,ADICIONADO,ok (reprocessado após timeout),,https://archive.org/details/gov.archives.arc.614513
Death of a Black Panther: The Fred Hampton Story,,archive.org (prelinger/usgovfilms),gov.archives.arc.12156,26.5,ADICIONADO,ok (reprocessado após timeout),,https://archive.org/details/gov.archives.arc.12156
DIE DEUTSCHE WOCHENSCHAU,,archive.org (prelinger/usgovfilms),gov.archives.arc.44360,10.4,ADICIONADO,ok (reprocessado após timeout),,https://archive.org/details/gov.archives.arc.44360
LIBRARY OF CONGRESS,,archive.org (prelinger/usgovfilms),gov.archives.arc.47097,,DESCARTADO,ano 1968 acima do corte de domínio-público provável (1966) - precisa checagem manual,,https://archive.org/details/gov.archives.arc.47097
Cuba,,archive.org (prelinger/usgovfilms),gov.archives.arc.647298,51.2,ADICIONADO,ok (reprocessado após timeout),,https://archive.org/details/gov.archives.arc.647298
INVASION OF POLAND IN 1939 BY GERMAN ARMY,,archive.org (prelinger/usgovfilms),gov.archives.arc.24457,20.4,ADICIONADO,ok (reprocessado após timeout),,https://archive.org/details/gov.archives.arc.24457
Fall of Saigon,1938,archive.org (prelinger/usgovfilms),gov.archives.arc.1938171,,DESCARTADO,ano 1975 acima do corte de domínio-público provável (1966) - precisa checagem manual,,https://archive.org/details/gov.archives.arc.1938171
"BATTLE, THE",,archive.org (prelinger/usgovfilms),gov.dod.dimoc.23421,13.6,ADICIONADO,ok (reprocessado após timeout),,https://archive.org/details/gov.dod.dimoc.23421
Nature's half acre,,archive.org (prelinger/usgovfilms),gov.archives.arc.5832,32.3,ADICIONADO,ok (reprocessado após timeout),,https://archive.org/details/gov.archives.arc.5832
Vietnam Crucible,,archive.org (prelinger/usgovfilms),gov.ntis.ava06050vnb1,,DESCARTADO,ano 1968 acima do corte de domínio-público provável (1966) - precisa checagem manual,,https://archive.org/details/gov.ntis.ava06050vnb1
"GENERAL EFFECTS OF ATOMIC BOMB ON HIROSHIMA AND NAGASAKI, THE",,archive.org (prelinger/usgovfilms),gov.dod.dimoc.27308,,DESCARTADO,ano 1975 acima do corte de domínio-público provável (1966) - precisa checagem manual,,https://archive.org/details/gov.dod.dimoc.27308
Big Picture: Operation Blue Jay,,archive.org (prelinger/usgovfilms),gov.archives.arc.2569497,27.7,ADICIONADO,ok (reprocessado após timeout),,https://archive.org/details/gov.archives.arc.2569497
The Columbia,,archive.org (prelinger/usgovfilms),gov.fdr.353.3.4,,DESCARTADO,item sem arquivos no archive.org (identifier inválido ou removido),,https://archive.org/details/gov.fdr.353.3.4
Security Risk,,archive.org (prelinger/usgovfilms),gov.archives.arc.650540,25.9,ADICIONADO,ok (reprocessado após timeout),,https://archive.org/details/gov.archives.arc.650540
Big Picture: The Hidden War in Vietnam,,archive.org (prelinger/usgovfilms),gov.archives.arc.2569797,29.2,ADICIONADO,ok (reprocessado após timeout),,https://archive.org/details/gov.archives.arc.2569797
LONGINES CHRONOSCOPE WITH PAUL G. HOFFMAN,,archive.org (prelinger/usgovfilms),gov.archives.arc.95696,,DESCARTADO,item sem arquivos no archive.org (identifier inválido ou removido),,https://archive.org/details/gov.archives.arc.95696
STAFF FILM REPORT 66-17A,,archive.org (prelinger/usgovfilms),gov.dod.dimoc.26966,20.6,ADICIONADO,ok (reprocessado após timeout),,https://archive.org/details/gov.dod.dimoc.26966
THE BATTLE OF KHE SANH,2005,archive.org (prelinger/usgovfilms),gov.dod.dimoc.20051,28.6,ADICIONADO,ok (reprocessado após timeout),,https://archive.org/details/gov.dod.dimoc.20051
.40 Caliber Cartridge,2039,archive.org (prelinger/usgovfilms),gov.ntis.ava20399vnb1,,DESCARTADO,ano 1998 acima do corte de domínio-público provável (1966) - precisa checagem manual,,https://archive.org/details/gov.ntis.ava20399vnb1
FOUR SEASONS OF YELLOWSTONE,,archive.org (prelinger/usgovfilms),gov.archives.arc.52645,,DESCARTADO,ano 1970 acima do corte de domínio-público provável (1966) - precisa checagem manual,,https://archive.org/details/gov.archives.arc.52645
Challenge to Democracy (Japanese Internment),,archive.org (prelinger/usgovfilms),gov.fdr.21,18.1,ADICIONADO,ok (reprocessado após timeout),,https://archive.org/details/gov.fdr.21
"Explosion at BP Refinery, Texas City, Texas",2005,archive.org (prelinger/usgovfilms),gov.csb.2005.explosion,,DESCARTADO,ano 2005 acima do corte de domínio-público provável (1966) - precisa checagem manual,,https://archive.org/details/gov.csb.2005.explosion
Trail of Tragedy: The Excavation of the Donner Party Site,1938,archive.org (prelinger/usgovfilms),gov.ntis.ava19387vnb1,,DESCARTADO,ano 1994 acima do corte de domínio-público provável (1966) - precisa checagem manual,,https://archive.org/details/gov.ntis.ava19387vnb1
NUCLEAR ATTACK PREPAREDNESS PROCEDURES - SURVIVE TO FIGHT,,archive.org (prelinger/usgovfilms),gov.dod.dimoc.27896,,DESCARTADO,ano 1968 acima do corte de domínio-público provável (1966) - precisa checagem manual,,https://archive.org/details/gov.dod.dimoc.27896
Oppose Bacteriological Warfare,,archive.org (prelinger/usgovfilms),gov.archives.arc.1630600,81.4,ADICIONADO,ok (reprocessado após timeout),,https://archive.org/details/gov.archives.arc.1630600
Big Picture: Seventh Army,,archive.org (prelinger/usgovfilms),gov.archives.arc.2569494,,DESCARTADO,item sem arquivos no archive.org (identifier inválido ou removido),,https://archive.org/details/gov.archives.arc.2569494
Private Snafu: Spies,,archive.org (prelinger/usgovfilms),gov.archives.arc.35827,3.8,ADICIONADO,ok (reprocessado após timeout),,https://archive.org/details/gov.archives.arc.35827
The fight for the Sky,,archive.org (prelinger/usgovfilms),gov.archives.arc.63894,41.1,ADICIONADO,ok (reprocessado após timeout),,https://archive.org/details/gov.archives.arc.63894
Panic Disorder: Stories of Hope,1971,archive.org (prelinger/usgovfilms),gov.ntis.ava19710vnb1,,DESCARTADO,ano 1994 acima do corte de domínio-público provável (1966) - precisa checagem manual,,https://archive.org/details/gov.ntis.ava19710vnb1
AC MOTORS AND GENERATORS,,archive.org (prelinger/usgovfilms),gov.dod.dimoc.29943,23.9,ADICIONADO,ok (reprocessado após timeout),,https://archive.org/details/gov.dod.dimoc.29943
Aircrew Survival: Cold Land Survival,,archive.org (prelinger/usgovfilms),gov.faa.survival.1,19.7,ADICIONADO,ok (reprocessado após timeout),,https://archive.org/details/gov.faa.survival.1
MARINES 65,,archive.org (prelinger/usgovfilms),gov.dod.dimoc.23436,29.1,ADICIONADO,ok (reprocessado após timeout),,https://archive.org/details/gov.dod.dimoc.23436
WINGED SCOURGE,,archive.org (prelinger/usgovfilms),gov.archives.arc.47063,,DESCARTADO,item sem arquivos no archive.org (identifier inválido ou removido),,https://archive.org/details/gov.archives.arc.47063
STAFF FILM REPORT 66-19A,,archive.org (prelinger/usgovfilms),gov.dod.dimoc.26968,34.1,ADICIONADO,ok (reprocessado após timeout),,https://archive.org/details/gov.dod.dimoc.26968
The Fed Today,,archive.org (prelinger/usgovfilms),gov.frb.pa.today,,DESCARTADO,ano 2001 acima do corte de domínio-público provável (1966) - precisa checagem manual,,https://archive.org/details/gov.frb.pa.today
Volcano Eruptions,,archive.org (prelinger/usgovfilms),gov.archives.arc.68933,23.8,ADICIONADO,ok (reprocessado após timeout),,https://archive.org/details/gov.archives.arc.68933
D-DAY,,archive.org (prelinger/usgovfilms),gov.archives.arc.39013,9.6,ADICIONADO,ok (reprocessado após timeout),,https://archive.org/details/gov.archives.arc.39013
"Space Ship Takeoff, a Technical Fantasy",,archive.org (prelinger/usgovfilms),gov.archives.arc.67908,23.2,ADICIONADO,ok (reprocessado após timeout),,https://archive.org/details/gov.archives.arc.67908
Big Picture: Salute to the Canadian Army,,archive.org (prelinger/usgovfilms),gov.archives.arc.2569680,28.7,ADICIONADO,ok (reprocessado após timeout),,https://archive.org/details/gov.archives.arc.2569680
From stump to ship: A 1930 logging film,,archive.org (prelinger/usgovfilms),gov.archives.arc.13585,27.9,ADICIONADO,ok (reprocessado após timeout),,https://archive.org/details/gov.archives.arc.13585
JOHN JAMES AUDUBON: THE BIRDS OF AMERICA,,archive.org (prelinger/usgovfilms),gov.archives.arc.55178,,DESCARTADO,ano 1986 acima do corte de domínio-público provável (1966) - precisa checagem manual,,https://archive.org/details/gov.archives.arc.55178
PRES. NIXON SPEAKS FROM WHITE HOUSE ON WATERGATE,,archive.org (prelinger/usgovfilms),gov.archives.arc.48156,35.1,ADICIONADO,ok (reprocessado após timeout),,https://archive.org/details/gov.archives.arc.48156
Canning Fish in Jars,,archive.org (prelinger/usgovfilms),edu.alaska.fnh-01281.1,,DESCARTADO,item sem arquivos no archive.org (identifier inválido ou removido),,https://archive.org/details/edu.alaska.fnh-01281.1
Workplace precautions against bloodborne pathogens,,archive.org (prelinger/usgovfilms),gov.dol.osha.vt01185d,,DESCARTADO,item sem arquivos no archive.org (identifier inválido ou removido),,https://archive.org/details/gov.dol.osha.vt01185d
Space Shuttle Challenger Accident,,archive.org (prelinger/usgovfilms),gov.archives.arc.59811,,DESCARTADO,ano 1986 acima do corte de domínio-público provável (1966) - precisa checagem manual,,https://archive.org/details/gov.archives.arc.59811
"War of 1812, The",,archive.org (prelinger/usgovfilms),gov.archives.arc.37624,20,ADICIONADO,ok (reprocessado após timeout),,https://archive.org/details/gov.archives.arc.37624
Why Vietnam?,,archive.org (prelinger/usgovfilms),gov.ntis.ava08194vnb1,31,ADICIONADO,ok (reprocessado após timeout),,https://archive.org/details/gov.ntis.ava08194vnb1
Nuremberg,,archive.org (prelinger/usgovfilms),gov.archives.arc.35957.b,75,ADICIONADO,ok (reprocessado após timeout),,https://archive.org/details/gov.archives.arc.35957.b
A NATION SINGS,,archive.org (prelinger/usgovfilms),gov.dod.dimoc.30155,28.8,ADICIONADO,ok (reprocessado após timeout),,https://archive.org/details/gov.dod.dimoc.30155
U.S. TROOPS RETURN TO CORREGIDOR [ETC],,archive.org (prelinger/usgovfilms),gov.archives.arc.39053,10.5,ADICIONADO,ok (reprocessado após timeout),,https://archive.org/details/gov.archives.arc.39053
Eleanor Roosevelt Speech Human Rights,,archive.org (prelinger/usgovfilms),gov.fdr.309,4.2,ADICIONADO,ok (reprocessado após timeout),,https://archive.org/details/gov.fdr.309
Forklift pedestrian safety,,archive.org (prelinger/usgovfilms),gov.dol.osha.vt01760a,,DESCARTADO,ano 2003 acima do corte de domínio-público provável (1966) - precisa checagem manual,,https://archive.org/details/gov.dol.osha.vt01760a
A DEFEATED PEOPLE,,archive.org (prelinger/usgovfilms),gov.archives.arc.36087,19,ADICIONADO,ok (reprocessado após timeout),,https://archive.org/details/gov.archives.arc.36087
BATTLE OF THE BULGE,,archive.org (prelinger/usgovfilms),gov.dod.dimoc.30112,28.6,ADICIONADO,ok (reprocessado após timeout),,https://archive.org/details/gov.dod.dimoc.30112
A Lady Called Camille,1983,archive.org (prelinger/usgovfilms),gov.ntis.ava11983vnb1,,DESCARTADO,ano 1971 acima do corte de domínio-público provável (1966) - precisa checagem manual,,https://archive.org/details/gov.ntis.ava11983vnb1
Krapp's Last Tape,1937,archive.org (prelinger/usgovfilms),gov.ntis.ava19372vnb1,,DESCARTADO,ano 1990 acima do corte de domínio-público provável (1966) - precisa checagem manual,,https://archive.org/details/gov.ntis.ava19372vnb1
"NORTHERN WONDERLANDS, 1936?",,archive.org (prelinger/usgovfilms),gov.archives.arc.37466,68.3,ADICIONADO,ok (reprocessado após timeout),,https://archive.org/details/gov.archives.arc.37466
Lockout/Tagout Safety Procedure,,archive.org (prelinger/usgovfilms),gov.dol.osha.vt01277a,,DESCARTADO,ano 1992 acima do corte de domínio-público provável (1966) - precisa checagem manual,,https://archive.org/details/gov.dol.osha.vt01277a
STAFF FILM REPORT 66-28A,,archive.org (prelinger/usgovfilms),gov.dod.dimoc.26980,20.7,ADICIONADO,ok (reprocessado após timeout),,https://archive.org/details/gov.dod.dimoc.26980
Palestine,,archive.org (prelinger/usgovfilms),gov.archives.arc.643907,,DESCARTADO,item sem arquivos no archive.org (identifier inválido ou removido),,https://archive.org/details/gov.archives.arc.643907
Man Belongs to Earth,,archive.org (prelinger/usgovfilms),govntis.ava03671vnb1,,DESCARTADO,ano 1974 acima do corte de domínio-público provável (1966) - precisa checagem manual,,https://archive.org/details/govntis.ava03671vnb1
DC MOTORS AND GENERATORS,,archive.org (prelinger/usgovfilms),gov.dod.dimoc.29942,34.2,ADICIONADO,ok (reprocessado após timeout),,https://archive.org/details/gov.dod.dimoc.29942
Media Smart - Part 8 - Let's Do Yoga!,,archive.org (prelinger/usgovfilms),gov.hhs.nih.media-smart.8,9.3,ADICIONADO,ok (reprocessado após timeout),,https://archive.org/details/gov.hhs.nih.media-smart.8
FDR Compilation 2 Great Depression/New Deal,,archive.org (prelinger/usgovfilms),gov.fdr.257,55.9,ADICIONADO,ok (reprocessado após timeout),,https://archive.org/details/gov.fdr.257
THE PHOTOGRAPHER,,archive.org (prelinger/usgovfilms),gov.archives.arc.46998,26.7,ADICIONADO,ok (reprocessado após timeout),,https://archive.org/details/gov.archives.arc.46998
Royal Ballet of Cambodia,,archive.org (prelinger/usgovfilms),gov.archives.arc.52434,103,ADICIONADO,ok (reprocessado após timeout),,https://archive.org/details/gov.archives.arc.52434
Alien Encounters: The Wright-Patterson Air Force Base Connection,,archive.org (prelinger/usgovfilms),gov.archives.341-roswell-4,,DESCARTADO,ano 1994 acima do corte de domínio-público provável (1966) - precisa checagem manual,,https://archive.org/details/gov.archives.341-roswell-4
WHY VIETNAM?,,archive.org (prelinger/usgovfilms),gov.dod.dimoc.46000,31.1,ADICIONADO,ok (reprocessado após timeout),,https://archive.org/details/gov.dod.dimoc.46000
December 7th (Long Version),1852,archive.org (prelinger/usgovfilms),gov.ntis.ava18528vnb1,81.5,ADICIONADO,ok (reprocessado após timeout),,https://archive.org/details/gov.ntis.ava18528vnb1
Katyn,1936,archive.org (prelinger/usgovfilms),gov.archives.arc.1936842,,DESCARTADO,ano 1973 acima do corte de domínio-público provável (1966) - precisa checagem manual,,https://archive.org/details/gov.archives.arc.1936842
ALLIES INVADE BALIKPAPAN [ETC.],,archive.org (prelinger/usgovfilms),gov.archives.arc.39073,9.9,ADICIONADO,ok (reprocessado após timeout),,https://archive.org/details/gov.archives.arc.39073
Small Town Espionage,,archive.org (prelinger/usgovfilms),gov.archives.arc.896138,15.5,ADICIONADO,ok (reprocessado após timeout),,https://archive.org/details/gov.archives.arc.896138
KGB CONNECTIONS (PARTS 1 & 2),,archive.org (prelinger/usgovfilms),gov.archives.arc.54508,,DESCARTADO,ano 1981 acima do corte de domínio-público provável (1966) - precisa checagem manual,,https://archive.org/details/gov.archives.arc.54508
AWAY BOARDERS,,archive.org (prelinger/usgovfilms),gov.dod.dimoc.24543,19,ADICIONADO,ok (reprocessado após timeout),,https://archive.org/details/gov.dod.dimoc.24543
Michael Moore on Capitol Hill,2007,archive.org (prelinger/usgovfilms),gov.house.judiciary.2007.06.19,,DESCARTADO,ano 2007 acima do corte de domínio-público provável (1966) - precisa checagem manual,,https://archive.org/details/gov.house.judiciary.2007.06.19
Rounds of Authority,2035,archive.org (prelinger/usgovfilms),gov.ntis.ava20354vnb1,,DESCARTADO,ano 1997 acima do corte de domínio-público provável (1966) - precisa checagem manual,,https://archive.org/details/gov.ntis.ava20354vnb1
Design for disaster,,archive.org (prelinger/usgovfilms),gov.archives.arc.13356,,DESCARTADO,item sem arquivos no archive.org (identifier inválido ou removido),,https://archive.org/details/gov.archives.arc.13356
MAN AND SAFETY - PHYSIOLOGICAL LIMITATIONS,,archive.org (prelinger/usgovfilms),gov.dod.dimoc.27621,28.5,ADICIONADO,ok (reprocessado após timeout),,https://archive.org/details/gov.dod.dimoc.27621
Soviet Man in Space,2049,archive.org (prelinger/usgovfilms),gov.archives.arc.2049958,4.1,ADICIONADO,ok (reprocessado após timeout),,https://archive.org/details/gov.archives.arc.2049958
Contact Ambush,,archive.org (prelinger/usgovfilms),gov.ntis.ava04620vnb1,,DESCARTADO,ano 1996 acima do corte de domínio-público provável (1966) - precisa checagem manual,,https://archive.org/details/gov.ntis.ava04620vnb1
"Aerial and Boat Views of Amtrak Train Derailment, Mobile, Alabama",,archive.org (prelinger/usgovfilms),gov.ntis.AVA21271VNB1,,DESCARTADO,ano 1993 acima do corte de domínio-público provável (1966) - precisa checagem manual,,https://archive.org/details/gov.ntis.AVA21271VNB1
How Airplanes Fly,,archive.org (prelinger/usgovfilms),gov.ntis.ava08357vnb1,,DESCARTADO,ano 1968 acima do corte de domínio-público provável (1966) - precisa checagem manual,,https://archive.org/details/gov.ntis.ava08357vnb1
Aircrew Survival: Survival Medicine,,archive.org (prelinger/usgovfilms),gov.faa.survival.4,21.6,ADICIONADO,ok (reprocessado após timeout),,https://archive.org/details/gov.faa.survival.4
Wildfire! Preventing Home Ignitions,,archive.org (prelinger/usgovfilms),gov.dhs.usfa.fwc-623-01-dvd,,DESCARTADO,ano 2001 acima do corte de domínio-público provável (1966) - precisa checagem manual,,https://archive.org/details/gov.dhs.usfa.fwc-623-01-dvd
Diversity is Our Strength,,archive.org (prelinger/usgovfilms),gov.doj.ncj.212664.v1.1,,DESCARTADO,ano 2000 acima do corte de domínio-público provável (1966) - precisa checagem manual,,https://archive.org/details/gov.doj.ncj.212664.v1.1
STAFF FILM REPORT 66-12A,,archive.org (prelinger/usgovfilms),gov.dod.dimoc.26961,32.5,ADICIONADO,ok (reprocessado após timeout),,https://archive.org/details/gov.dod.dimoc.26961
STAFF FILM REPORT 66-25A,,archive.org (prelinger/usgovfilms),gov.dod.dimoc.26977,30.2,ADICIONADO,ok (reprocessado após timeout),,https://archive.org/details/gov.dod.dimoc.26977
Hallucination Training Film: Counterguerrilla Training,,archive.org (prelinger/usgovfilms),gov.archives.arc.645746,47.7,ADICIONADO,ok (reprocessado após timeout),,https://archive.org/details/gov.archives.arc.645746
It's Murder,,archive.org (prelinger/usgovfilms),gov.archives.arc.38681,9.1,ADICIONADO,ok (reprocessado após timeout),,https://archive.org/details/gov.archives.arc.38681
African Americans in World War II: Legacy of Patriotism and Valor,2000,archive.org (prelinger/usgovfilms),gov.ntis.ava20001vnb1,,DESCARTADO,ano 1997 acima do corte de domínio-público provável (1966) - precisa checagem manual,,https://archive.org/details/gov.ntis.ava20001vnb1
"NUCLEAR NAVY, THE",,archive.org (prelinger/usgovfilms),gov.dod.dimoc.25027,,DESCARTADO,ano 1967 acima do corte de domínio-público provável (1966) - precisa checagem manual,,https://archive.org/details/gov.dod.dimoc.25027
SEABEES. DEPARTMENT OF THE NAVY. BUREAU OF YARDS AND DOCKS,,archive.org (prelinger/usgovfilms),gov.archives.arc.40139,,DESCARTADO,item sem arquivos no archive.org (identifier inválido ou removido),,https://archive.org/details/gov.archives.arc.40139
DANCE AMERICANA,,archive.org (prelinger/usgovfilms),gov.archives.arc.49773,23.9,ADICIONADO,ok (reprocessado após timeout),,https://archive.org/details/gov.archives.arc.49773
Communist Imperialism,,archive.org (prelinger/usgovfilms),gov.archives.arc.645801,34.7,ADICIONADO,ok (reprocessado após timeout),,https://archive.org/details/gov.archives.arc.645801
WHY SPACE,,archive.org (prelinger/usgovfilms),gov.dod.dimoc.26630,,DESCARTADO,item sem arquivos no archive.org (identifier inválido ou removido),,https://archive.org/details/gov.dod.dimoc.26630
STAFF FILM REPORT 66-2A,,archive.org (prelinger/usgovfilms),gov.dod.dimoc.26969,26.3,ADICIONADO,ok (reprocessado após timeout),,https://archive.org/details/gov.dod.dimoc.26969
Inside Hawaiian Volcanoes,1936,archive.org (prelinger/usgovfilms),gov.ntis.ava19369vnb1,,DESCARTADO,ano 1989 acima do corte de domínio-público provável (1966) - precisa checagem manual,,https://archive.org/details/gov.ntis.ava19369vnb1
Castle Films Doolittle Raid Over Tokyo,,archive.org (prelinger/usgovfilms),gov.fdr.227,9.6,ADICIONADO,ok (reprocessado após timeout),,https://archive.org/details/gov.fdr.227
Construction Safety: Choice or Chance?,,archive.org (prelinger/usgovfilms),gov.dol.osha.vt01280c,,DESCARTADO,ano 1996 acima do corte de domínio-público provável (1966) - precisa checagem manual,,https://archive.org/details/gov.dol.osha.vt01280c
"Aircrew Survival: Survival Kits, Rafts, Accessories",,archive.org (prelinger/usgovfilms),gov.faa.survival.3,,DESCARTADO,item sem arquivos no archive.org (identifier inválido ou removido),,https://archive.org/details/gov.faa.survival.3
STAFF FILM REPORT 66-21A,,archive.org (prelinger/usgovfilms),gov.dod.dimoc.26972,,DESCARTADO,item sem arquivos no archive.org (identifier inválido ou removido),,https://archive.org/details/gov.dod.dimoc.26972
National Parks: An American Legacy,1937,archive.org (prelinger/usgovfilms),gov.ntis.ava19377vnb1,,DESCARTADO,ano 1992 acima do corte de domínio-público provável (1966) - precisa checagem manual,,https://archive.org/details/gov.ntis.ava19377vnb1
Space Navigation,,archive.org (prelinger/usgovfilms),gov.archives.arc.1257098,,DESCARTADO,ano 1967 acima do corte de domínio-público provável (1966) - precisa checagem manual,,https://archive.org/details/gov.archives.arc.1257098
Big Picture: D-Day Convoy to Normandy,,archive.org (prelinger/usgovfilms),gov.archives.arc.2569483,27.8,ADICIONADO,ok (reprocessado após timeout),,https://archive.org/details/gov.archives.arc.2569483
The Expandable Baton,2043,archive.org (prelinger/usgovfilms),gov.ntis.ava20437vnb1,,DESCARTADO,ano 1997 acima do corte de domínio-público provável (1966) - precisa checagem manual,,https://archive.org/details/gov.ntis.ava20437vnb1
Aircrew Survival: Hot Land Survival,,archive.org (prelinger/usgovfilms),gov.faa.survival.2,23.4,ADICIONADO,ok (reprocessado após timeout),,https://archive.org/details/gov.faa.survival.2
AC MOTORS,,archive.org (prelinger/usgovfilms),gov.dod.dimoc.39947,,DESCARTADO,ano 1969 acima do corte de domínio-público provável (1966) - precisa checagem manual,,https://archive.org/details/gov.dod.dimoc.39947
AIR FORCE TACTICAL FIREPOWER,,archive.org (prelinger/usgovfilms),gov.dod.dimoc.26392,12.2,ADICIONADO,ok (reprocessado após timeout),,https://archive.org/details/gov.dod.dimoc.26392
Stroke Scale Certification - Group B - Patient 4,,archive.org (prelinger/usgovfilms),gov.hhs.ninds.stroke.2.10,3.9,ADICIONADO,ok (reprocessado após timeout),,https://archive.org/details/gov.hhs.ninds.stroke.2.10
Big Picture: Why Vietnam?,,archive.org (prelinger/usgovfilms),gov.archives.arc.2569861,28.1,ADICIONADO,ok (reprocessado após timeout),,https://archive.org/details/gov.archives.arc.2569861
AEF IN SIBERIA,,archive.org (prelinger/usgovfilms),gov.dod.dimoc.30165,28.2,ADICIONADO,ok (reprocessado após timeout),,https://archive.org/details/gov.dod.dimoc.30165
Big Picture: Assignment Taiwan,,archive.org (prelinger/usgovfilms),gov.archives.arc.2569853,28.3,ADICIONADO,ok (reprocessado após timeout),,https://archive.org/details/gov.archives.arc.2569853
"U.S. RIFLE, CALIBER 7.62MM, M14 - OPERATION AND CYCLE OF FUNCTIONING",,archive.org (prelinger/usgovfilms),gov.archives.arc.36734,27.4,ADICIONADO,ok (reprocessado após timeout),,https://archive.org/details/gov.archives.arc.36734
Fighter for Freedom: The Frederick Douglass Story,,archive.org (prelinger/usgovfilms),gov.ntis.ava16378vnb1,,DESCARTADO,ano 1984 acima do corte de domínio-público provável (1966) - precisa checagem manual,,https://archive.org/details/gov.ntis.ava16378vnb1
MARINES RAISE FLAG OVER IWO JIMA [ETC.],,archive.org (prelinger/usgovfilms),gov.archives.arc.39054,10.6,ADICIONADO,ok (reprocessado após timeout),,https://archive.org/details/gov.archives.arc.39054
STRATEGIC SERVICE TRANSMITTER-RECEIVER NUMBER I (SSTR-1),,archive.org (prelinger/usgovfilms),gov.archives.arc.40119,22.5,ADICIONADO,ok (reprocessado após timeout),,https://archive.org/details/gov.archives.arc.40119
Fire Behavior in the Wildland/Urban Interface,,archive.org (prelinger/usgovfilms),gov.dhs.usfa.fwc-602-03-dvd.1,,DESCARTADO,ano 2003 acima do corte de domínio-público provável (1966) - precisa checagem manual,,https://archive.org/details/gov.dhs.usfa.fwc-602-03-dvd.1
LONGINES CHRONOSCOPE WITH JAMES G. MC DONALD,,archive.org (prelinger/usgovfilms),gov.archives.arc.95754,14.5,ADICIONADO,ok (reprocessado após timeout),,https://archive.org/details/gov.archives.arc.95754
The Saga of the Franklin,,archive.org (prelinger/usgovfilms),gov.archives.arc.13189,24.5,ADICIONADO,ok (reprocessado após timeout),,https://archive.org/details/gov.archives.arc.13189
Prelude to War,,archive.org (prelinger/usgovfilms),gov.archives.arc.36067,55.1,ADICIONADO,ok (reprocessado após timeout),,https://archive.org/details/gov.archives.arc.36067
"The SR-71 (updated, was F-16)",2032,archive.org (prelinger/usgovfilms),gov.ntis.ava20323-vnb1,,DESCARTADO,ano 1979 acima do corte de domínio-público provável (1966) - precisa checagem manual,,https://archive.org/details/gov.ntis.ava20323-vnb1
Operations Crossroads,,archive.org (prelinger/usgovfilms),gov.ntis.ava13712vnb1,27,ADICIONADO,ok (reprocessado após timeout),,https://archive.org/details/gov.ntis.ava13712vnb1
"STORY OF STARS AND STRIPES, THE",,archive.org (prelinger/usgovfilms),gov.dod.dimoc.30125,29,ADICIONADO,ok (reprocessado após timeout),,https://archive.org/details/gov.dod.dimoc.30125
Twister,,archive.org (prelinger/usgovfilms),gov.archives.arc.61111,25.1,ADICIONADO,ok (reprocessado após timeout),,https://archive.org/details/gov.archives.arc.61111
Canning Game Meat in Jars,,archive.org (prelinger/usgovfilms),edu.alaska.fnh-01281.2,,DESCARTADO,ano 2009 acima do corte de domínio-público provável (1966) - precisa checagem manual,,https://archive.org/details/edu.alaska.fnh-01281.2
Ulster,,archive.org (prelinger/usgovfilms),gov.archives.arc.1633583,,DESCARTADO,ano 1970 acima do corte de domínio-público provável (1966) - precisa checagem manual,,https://archive.org/details/gov.archives.arc.1633583
The Eye of the Storm,,archive.org (prelinger/usgovfilms),gov.frb.fr62.01,,DESCARTADO,item sem arquivos no archive.org (identifier inválido ou removido),,https://archive.org/details/gov.frb.fr62.01
"Ranger Combat Training School, Fort Shafter, Territory of Hawaii",,archive.org (prelinger/usgovfilms),gov.archives.arc.17918,,DESCARTADO,item sem arquivos no archive.org (identifier inválido ou removido),,https://archive.org/details/gov.archives.arc.17918
Wind: An Energy Alternative,,archive.org (prelinger/usgovfilms),gov.ntis.ava04039vnb1,,DESCARTADO,ano 1980 acima do corte de domínio-público provável (1966) - precisa checagem manual,,https://archive.org/details/gov.ntis.ava04039vnb1
Big Picture: Silent Warriors,,archive.org (prelinger/usgovfilms),gov.archives.arc.2569756,28.5,ADICIONADO,ok (reprocessado após timeout),,https://archive.org/details/gov.archives.arc.2569756
Answering Soviet Propaganda,,archive.org (prelinger/usgovfilms),gov.archives.arc.650334,16,ADICIONADO,ok (reprocessado após timeout),,https://archive.org/details/gov.archives.arc.650334
OPERATION TITANIC,,archive.org (prelinger/usgovfilms),gov.archives.arc.35904,37.1,ADICIONADO,ok (reprocessado após timeout),,https://archive.org/details/gov.archives.arc.35904
MEMPHIS BELLE,,archive.org (prelinger/usgovfilms),gov.dod.dimoc.26134,42.9,ADICIONADO,ok (reprocessado após timeout),,https://archive.org/details/gov.dod.dimoc.26134
DAY OF THE KILLER TORNADOES,,archive.org (prelinger/usgovfilms),gov.archives.arc.54353,,DESCARTADO,ano 1978 acima do corte de domínio-público provável (1966) - precisa checagem manual,,https://archive.org/details/gov.archives.arc.54353
"RUSSIAN SCENES, 1916 - 1925?",,archive.org (prelinger/usgovfilms),gov.archives.arc.23995,6.6,ADICIONADO,ok (reprocessado após timeout),,https://archive.org/details/gov.archives.arc.23995
ALASKA HIGHWAY,,archive.org (prelinger/usgovfilms),gov.archives.arc.23437,35.3,ADICIONADO,ok (reprocessado após timeout),,https://archive.org/details/gov.archives.arc.23437
U.S. ARMY IN BERLIN: CHECKPOINT CHARLIE,,archive.org (prelinger/usgovfilms),gov.dod.dimoc.30140,28.2,ADICIONADO,ok (reprocessado após timeout),,https://archive.org/details/gov.dod.dimoc.30140
ARMORED RECONNAISSANCE/AIRBORNE ASSAULT VEHICLE M551 - CONDUCT OF FIRE,,archive.org (prelinger/usgovfilms),gov.archives.arc.36879,,DESCARTADO,item sem arquivos no archive.org (identifier inválido ou removido),,https://archive.org/details/gov.archives.arc.36879
15 AF HERITAGE - HIGH STRATEGY - BOMBER AND TANKERS TEAM,,archive.org (prelinger/usgovfilms),gov.dod.dimoc.52240,,DESCARTADO,ano 1980 acima do corte de domínio-público provável (1966) - precisa checagem manual,,https://archive.org/details/gov.dod.dimoc.52240
STAFF FILM REPORT 66-27A,,archive.org (prelinger/usgovfilms),gov.dod.dimoc.26979,23.9,ADICIONADO,ok (reprocessado após timeout),,https://archive.org/details/gov.dod.dimoc.26979
Victims with Disabilities: The Forensic Interview—Techniques for Interviewing Victims with Communication and/or Cognitive Disabilities,,archive.org (prelinger/usgovfilms),gov.doj.ncj.212894,,DESCARTADO,ano 2007 acima do corte de domínio-público provável (1966) - precisa checagem manual,,https://archive.org/details/gov.doj.ncj.212894
"KNOTS, BENDS AND HITCHES",,archive.org (prelinger/usgovfilms),gov.dod.dimoc.29576,,DESCARTADO,ano 1973 acima do corte de domínio-público provável (1966) - precisa checagem manual,,https://archive.org/details/gov.dod.dimoc.29576
Why Calibrate,,archive.org (prelinger/usgovfilms),gov.ntis.AVA14173VNB1,,DESCARTADO,ano 1994 acima do corte de domínio-público provável (1966) - precisa checagem manual,,https://archive.org/details/gov.ntis.AVA14173VNB1
Big Picture: Broken Bridge,,archive.org (prelinger/usgovfilms),gov.archives.arc.2569746,28,ADICIONADO,ok (reprocessado após timeout),,https://archive.org/details/gov.archives.arc.2569746
Victory at Dien Bien Phu,,archive.org (prelinger/usgovfilms),gov.archives.arc.644370,74,ADICIONADO,ok (reprocessado após timeout),,https://archive.org/details/gov.archives.arc.644370
The Fighting Lady: The Lady and the Sea,,archive.org (prelinger/usgovfilms),gov.archives.arc.12834,61.6,ADICIONADO,ok (reprocessado após timeout),,https://archive.org/details/gov.archives.arc.12834
Cataloochee - The Center of the World,1937,archive.org (prelinger/usgovfilms),gov.ntis.ava19375vnb1,,DESCARTADO,ano 1993 acima do corte de domínio-público provável (1966) - precisa checagem manual,,https://archive.org/details/gov.ntis.ava19375vnb1
Operation Red Hat : Men and a Mission,,archive.org (prelinger/usgovfilms),gov.archives.arc.3033306,,DESCARTADO,ano 1971 acima do corte de domínio-público provável (1966) - precisa checagem manual,,https://archive.org/details/gov.archives.arc.3033306
"GROWLER STORY, THE",,archive.org (prelinger/usgovfilms),gov.dod.dimoc.24374,20.9,ADICIONADO,ok (reprocessado após timeout),,https://archive.org/details/gov.dod.dimoc.24374
STAFF FILM REPORT 66-1,,archive.org (prelinger/usgovfilms),gov.dod.dimoc.26957,29.1,ADICIONADO,ok (reprocessado após timeout),,https://archive.org/details/gov.dod.dimoc.26957
HOSPITAL SAFETY,,archive.org (prelinger/usgovfilms),gov.dod.dimoc.30530,,DESCARTADO,ano 1979 acima do corte de domínio-público provável (1966) - precisa checagem manual,,https://archive.org/details/gov.dod.dimoc.30530
Unconquerable Tibet,,archive.org (prelinger/usgovfilms),gov.archives.arc.1633560,9.3,ADICIONADO,ok (reprocessado após timeout),,https://archive.org/details/gov.archives.arc.1633560
Using Water Effectively in the Wildland/Urban Interface,,archive.org (prelinger/usgovfilms),ov.dhs.usfa.fwc-625-04-v,,DESCARTADO,ano 2004 acima do corte de domínio-público provável (1966) - precisa checagem manual,,https://archive.org/details/ov.dhs.usfa.fwc-625-04-v
Japan: Our Far East Partner,,archive.org (prelinger/usgovfilms),gov.archives.111-tv-254,28.3,ADICIONADO,ok (reprocessado após timeout),,https://archive.org/details/gov.archives.111-tv-254
Cultural Revolution,,archive.org (prelinger/usgovfilms),gov.archives.arc.642298,,DESCARTADO,ano 1968 acima do corte de domínio-público provável (1966) - precisa checagem manual,,https://archive.org/details/gov.archives.arc.642298
China Leaps Forward,,archive.org (prelinger/usgovfilms),gov.archives.arc.643188,,DESCARTADO,item sem arquivos no archive.org (identifier inválido ou removido),,https://archive.org/details/gov.archives.arc.643188
Big Picture: Operation Montagnard,,archive.org (prelinger/usgovfilms),gov.archives.arc.1174345,28.7,ADICIONADO,ok (reprocessado após timeout),,https://archive.org/details/gov.archives.arc.1174345
Merrill's Marauders,,archive.org (prelinger/usgovfilms),gov.archives.arc.603003,25.7,ADICIONADO,ok (reprocessado após timeout),,https://archive.org/details/gov.archives.arc.603003
"""SAIGON, TARGET ZERO"" (PSYCHOLOGICAL WARFARE FILM)",,archive.org (prelinger/usgovfilms),gov.archives.arc.32416,,DESCARTADO,ano 1968 acima do corte de domínio-público provável (1966) - precisa checagem manual,,https://archive.org/details/gov.archives.arc.32416
Aircrew Survival: Surviving on Open Water,,archive.org (prelinger/usgovfilms),gov.faa.survival.5,24.4,ADICIONADO,ok (reprocessado após timeout),,https://archive.org/details/gov.faa.survival.5
"Hazards of Nitrogen Asphyxiation: Fatal Accident at Valero Refinery, Delaware City, Delaware",2006,archive.org (prelinger/usgovfilms),gov.csb.2006.hazards,,DESCARTADO,item sem arquivos no archive.org (identifier inválido ou removido),,https://archive.org/details/gov.csb.2006.hazards
Warsaw Pact Invasion of Czechoslovakia,,archive.org (prelinger/usgovfilms),gov.archives.arc.1536420,,DESCARTADO,ano 1968 acima do corte de domínio-público provável (1966) - precisa checagem manual,,https://archive.org/details/gov.archives.arc.1536420
"ACTIVITIES OF THE 1ST INFANTRY DIVISION, SOUTH VIETNAM",1818,archive.org (prelinger/usgovfilms),gov.archives.arc.31818,,DESCARTADO,ano 1968 acima do corte de domínio-público provável (1966) - precisa checagem manual,,https://archive.org/details/gov.archives.arc.31818
STAFF FILM REPORT 66-22A,,archive.org (prelinger/usgovfilms),gov.dod.dimoc.26973,24,ADICIONADO,ok (reprocessado após timeout),,https://archive.org/details/gov.dod.dimoc.26973
RESEARCH PROJECT X-15 THE DEVELOPMENT OF THE X-15,,archive.org (prelinger/usgovfilms),gov.archives.arc.45005,27.4,ADICIONADO,ok (reprocessado após timeout),,https://archive.org/details/gov.archives.arc.45005
"John F. Kennedy: 1,000 Days",,archive.org (prelinger/usgovfilms),gov.archives.arc.53755,22.2,ADICIONADO,ok (reprocessado após timeout),,https://archive.org/details/gov.archives.arc.53755
MAPPING A BETTER TOMORROW,,archive.org (prelinger/usgovfilms),gov.dod.dimoc.30277,,DESCARTADO,ano 1971 acima do corte de domínio-público provável (1966) - precisa checagem manual,,https://archive.org/details/gov.dod.dimoc.30277
Afghanistan,,archive.org (prelinger/usgovfilms),gov.archives.arc.1601463,,DESCARTADO,ano 1973 acima do corte de domínio-público provável (1966) - precisa checagem manual,,https://archive.org/details/gov.archives.arc.1601463
Inside Tibet,,archive.org (prelinger/usgovfilms),gov.archives.arc.40103,,DESCARTADO,item sem arquivos no archive.org (identifier inválido ou removido),,https://archive.org/details/gov.archives.arc.40103
FDR in Cairo and Teheran,,archive.org (prelinger/usgovfilms),gov.fdr.279,21.7,ADICIONADO,ok (reprocessado após timeout),,https://archive.org/details/gov.fdr.279
Arab - Israeli War,,archive.org (prelinger/usgovfilms),gov.archives.arc.649381,,DESCARTADO,ano 1974 acima do corte de domínio-público provável (1966) - precisa checagem manual,,https://archive.org/details/gov.archives.arc.649381
"FLUID COUPLING, THE PRINCIPLES OF OPERATION",,archive.org (prelinger/usgovfilms),gov.dod.dimoc.29877,,DESCARTADO,item sem arquivos no archive.org (identifier inválido ou removido),,https://archive.org/details/gov.dod.dimoc.29877
Hungarian Revolution,2049,archive.org (prelinger/usgovfilms),gov.archives.arc.2049945,18.3,ADICIONADO,ok (reprocessado após timeout),,https://archive.org/details/gov.archives.arc.2049945
The Fighting First,,archive.org (prelinger/usgovfilms),gov.ntis.ava10749vnb1,12.3,ADICIONADO,ok (reprocessado após timeout),,https://archive.org/details/gov.ntis.ava10749vnb1
STAFF FILM REPORT 66-18A,,archive.org (prelinger/usgovfilms),gov.dod.dimoc.26967,28.6,ADICIONADO,ok (reprocessado após timeout),,https://archive.org/details/gov.dod.dimoc.26967
"JOE MANN STORY, THE",,archive.org (prelinger/usgovfilms),gov.dod.dimoc.30121,28.8,ADICIONADO,ok (reprocessado após timeout),,https://archive.org/details/gov.dod.dimoc.30121
Race Movies: The Popular Art of the 1920's,,archive.org (prelinger/usgovfilms),gov.ntis.ava16475vnb1,,DESCARTADO,ano 1985 acima do corte de domínio-público provável (1966) - precisa checagem manual,,https://archive.org/details/gov.ntis.ava16475vnb1
"SMALL BOAT NAVY, THE",,archive.org (prelinger/usgovfilms),gov.dod.dimoc.25243,,DESCARTADO,ano 1968 acima do corte de domínio-público provável (1966) - precisa checagem manual,,https://archive.org/details/gov.dod.dimoc.25243
"SKY SOLDIERS, THE",,archive.org (prelinger/usgovfilms),gov.dod.dimoc.30209,,DESCARTADO,ano 1968 acima do corte de domínio-público provável (1966) - precisa checagem manual,,https://archive.org/details/gov.dod.dimoc.30209
The Hollow Coin,,archive.org (prelinger/usgovfilms),gov.archives.arc.653944,,DESCARTADO,item sem arquivos no archive.org (identifier inválido ou removido),,https://archive.org/details/gov.archives.arc.653944
THE PUEBLO INCIDENT,2053,archive.org (prelinger/usgovfilms),gov.archives.arc.12053,28.2,ADICIONADO,ok (reprocessado após timeout),,https://archive.org/details/gov.archives.arc.12053
Once Upon a Dime,,archive.org (prelinger/usgovfilms),gov.frb.stlouis.dime,,DESCARTADO,ano 1970 acima do corte de domínio-público provável (1966) - precisa checagem manual,,https://archive.org/details/gov.frb.stlouis.dime
A Hurricane Called Betsy,,archive.org (prelinger/usgovfilms),gov.ntis.ava16542vnb1,29,ADICIONADO,ok (reprocessado após timeout),,https://archive.org/details/gov.ntis.ava16542vnb1
TECHNOLOGY FOR TOMORROW (EYE IN THE SKY),,archive.org (prelinger/usgovfilms),gov.archives.arc.68431,28.2,ADICIONADO,ok (reprocessado após timeout),,https://archive.org/details/gov.archives.arc.68431
Big Picture: Assignment Iran,,archive.org (prelinger/usgovfilms),gov.archives.arc.2569848,27.7,ADICIONADO,ok (reprocessado após timeout),,https://archive.org/details/gov.archives.arc.2569848
CONQUEST BY AIR,,archive.org (prelinger/usgovfilms),gov.archives.arc.2894,20.1,ADICIONADO,ok (reprocessado após timeout),,https://archive.org/details/gov.archives.arc.2894
Basic Medical Pathology - Acute Inflammation II: Biochemical Mediators,1966,archive.org (prelinger/usgovfilms),gov.ntis.ava19665vnb1,,DESCARTADO,ano 1994 acima do corte de domínio-público provável (1966) - precisa checagem manual,,https://archive.org/details/gov.ntis.ava19665vnb1
Turkey,,archive.org (prelinger/usgovfilms),gov.archives.arc.654133,16.5,ADICIONADO,ok (reprocessado após timeout),,https://archive.org/details/gov.archives.arc.654133
Experimental Compound MER 17 (Frenquel) and LSD-25,,archive.org (prelinger/usgovfilms),gov.archives.arc.1634172,32.3,ADICIONADO,ok (reprocessado após timeout),,https://archive.org/details/gov.archives.arc.1634172
Big Picture: The Big Red One,,archive.org (prelinger/usgovfilms),gov.archives.arc.2569480,27.2,ADICIONADO,ok (reprocessado após timeout),,https://archive.org/details/gov.archives.arc.2569480
A VISIT TO MARS,,archive.org (prelinger/usgovfilms),gov.dod.dimoc.30256,,DESCARTADO,ano 1970 acima do corte de domínio-público provável (1966) - precisa checagem manual,,https://archive.org/details/gov.dod.dimoc.30256
Big Picture: Explosive Ordnance Disposal (E.O.D.),,archive.org (prelinger/usgovfilms),gov.archives.arc.2569854,29,ADICIONADO,ok (reprocessado após timeout),,https://archive.org/details/gov.archives.arc.2569854
ALLIES OVERRUN GERMANY [ETC.],,archive.org (prelinger/usgovfilms),gov.archives.arc.39165,10.9,ADICIONADO,ok (reprocessado após timeout),,https://archive.org/details/gov.archives.arc.39165
STAFF FILM REPORT 66-2OA,,archive.org (prelinger/usgovfilms),gov.dod.dimoc.26971,31.2,ADICIONADO,ok (reprocessado após timeout),,https://archive.org/details/gov.dod.dimoc.26971
There Is a Way (Revised),,archive.org (prelinger/usgovfilms),gov.ntis.ava04597vnb1,,DESCARTADO,ano 1997 acima do corte de domínio-público provável (1966) - precisa checagem manual,,https://archive.org/details/gov.ntis.ava04597vnb1
THE BIG PICTURE - COMMAND DECISION: THE INVASION OF SOUTHERN FRANCE,,archive.org (prelinger/usgovfilms),gov.dod.dimoc.30144,23.2,ADICIONADO,ok (reprocessado após timeout),,https://archive.org/details/gov.dod.dimoc.30144
LONGINES CHRONOSCOPE WITH RICHARD E. BYRD,,archive.org (prelinger/usgovfilms),gov.archives.arc.95934,14.6,ADICIONADO,ok (reprocessado após timeout),,https://archive.org/details/gov.archives.arc.95934
Laser Safety,,archive.org (prelinger/usgovfilms),gov.ntis.ava13574vnb1,11.1,ADICIONADO,ok (reprocessado após timeout),,https://archive.org/details/gov.ntis.ava13574vnb1
ENGINEERS IN COMBAT - WORLD WAR II,,archive.org (prelinger/usgovfilms),gov.dod.dimoc.23082,23.3,ADICIONADO,ok (reprocessado após timeout),,https://archive.org/details/gov.dod.dimoc.23082
Japan,1975,archive.org (prelinger/usgovfilms),gov.archives.arc.1719752,53.1,ADICIONADO,ok (reprocessado após timeout),,https://archive.org/details/gov.archives.arc.1719752
MOBILE CRANE SAFETY,,archive.org (prelinger/usgovfilms),gov.dod.dimoc.806721,,DESCARTADO,ano 2003 acima do corte de domínio-público provável (1966) - precisa checagem manual,,https://archive.org/details/gov.dod.dimoc.806721
"TRUE GLORY, THE",2036,archive.org (prelinger/usgovfilms),gov.dod.dimoc.20363,,DESCARTADO,item sem arquivos no archive.org (identifier inválido ou removido),,https://archive.org/details/gov.dod.dimoc.20363
1956 Crusade for Freedom,,archive.org (prelinger/usgovfilms),gov.archives.arc.648946,14.2,ADICIONADO,ok (reprocessado após timeout),,https://archive.org/details/gov.archives.arc.648946
AMERICAN BOMBERS SMASH AXIS OIL FIELDS IN ROMANIA [ETC.],,archive.org (prelinger/usgovfilms),gov.archives.arc.38971,8.8,ADICIONADO,ok (reprocessado após timeout),,https://archive.org/details/gov.archives.arc.38971
Phantom Fighters,,archive.org (prelinger/usgovfilms),gov.archives.arc.2569708,27.8,ADICIONADO,ok (reprocessado após timeout),,https://archive.org/details/gov.archives.arc.2569708
JOURNEY ACROSS BERLIN,,archive.org (prelinger/usgovfilms),gov.archives.arc.49495,20,ADICIONADO,ok (reprocessado após timeout),,https://archive.org/details/gov.archives.arc.49495
JAPAN SURRENDERS,,archive.org (prelinger/usgovfilms),gov.archives.arc.39075,10.9,ADICIONADO,ok (reprocessado após timeout),,https://archive.org/details/gov.archives.arc.39075
Spanish Empire in the New World,1947,archive.org (prelinger/usgovfilms),gov.ntis.ava19470vnb1,,DESCARTADO,item sem arquivos no archive.org (identifier inválido ou removido),,https://archive.org/details/gov.ntis.ava19470vnb1
THE MANHATTAN RHYTHM KINGS,,archive.org (prelinger/usgovfilms),gov.archives.arc.55199,,DESCARTADO,ano 1986 acima do corte de domínio-público provável (1966) - precisa checagem manual,,https://archive.org/details/gov.archives.arc.55199
F-15,2032,archive.org (prelinger/usgovfilms),gov.ntis.ava20321-vnb1,,DESCARTADO,ano 1980 acima do corte de domínio-público provável (1966) - precisa checagem manual,,https://archive.org/details/gov.ntis.ava20321-vnb1
The Power of Money,,archive.org (prelinger/usgovfilms),gov.frb.fr62.02,,DESCARTADO,ano 1994 acima do corte de domínio-público provável (1966) - precisa checagem manual,,https://archive.org/details/gov.frb.fr62.02
Czechoslovakia's Invasion by the Soviets,,archive.org (prelinger/usgovfilms),gov.archives.arc.922138,,DESCARTADO,ano 1968 acima do corte de domínio-público provável (1966) - precisa checagem manual,,https://archive.org/details/gov.archives.arc.922138
CAMILLE AND THE SEABEES,,archive.org (prelinger/usgovfilms),gov.dod.dimoc.25580,,DESCARTADO,ano 1971 acima do corte de domínio-público provável (1966) - precisa checagem manual,,https://archive.org/details/gov.dod.dimoc.25580
"ATOM STRIKES, THE",,archive.org (prelinger/usgovfilms),gov.dod.dimoc.23074,,DESCARTADO,item sem arquivos no archive.org (identifier inválido ou removido),,https://archive.org/details/gov.dod.dimoc.23074
Balloons,,archive.org (prelinger/usgovfilms),gov.archives.li.111-dd-301-59,6.6,ADICIONADO,ok (reprocessado após timeout),,https://archive.org/details/gov.archives.li.111-dd-301-59
Big Picture: M-60 King of Armor,,archive.org (prelinger/usgovfilms),gov.archives.arc.2569860,28.4,ADICIONADO,ok (reprocessado após timeout),,https://archive.org/details/gov.archives.arc.2569860
Big Picture: Arctic Night,,archive.org (prelinger/usgovfilms),gov.archives.arc.2569606,28,ADICIONADO,ok (reprocessado após timeout),,https://archive.org/details/gov.archives.arc.2569606
FUNDAMENTALS OF RIFLE MARKSMANSHIP,,archive.org (prelinger/usgovfilms),gov.archives.arc.36901,27.4,ADICIONADO,ok (reprocessado após timeout),,https://archive.org/details/gov.archives.arc.36901
FIVE ARTISTS,,archive.org (prelinger/usgovfilms),gov.archives.arc.50813,,DESCARTADO,ano 1971 acima do corte de domínio-público provável (1966) - precisa checagem manual,,https://archive.org/details/gov.archives.arc.50813
Climate Factor,,archive.org (prelinger/usgovfilms),gov.ntis.ava11754vnb1,,DESCARTADO,ano 1984 acima do corte de domínio-público provável (1966) - precisa checagem manual,,https://archive.org/details/gov.ntis.ava11754vnb1
"FDR Inaugural, 1933 - 1",,archive.org (prelinger/usgovfilms),gov.fdr.305,7.1,ADICIONADO,ok (reprocessado após timeout),,https://archive.org/details/gov.fdr.305
Behind the Viet Cong Lines,,archive.org (prelinger/usgovfilms),gov.archives.arc.646445,17.8,ADICIONADO,ok (reprocessado após timeout),,https://archive.org/details/gov.archives.arc.646445
DEW LINE STORY,,archive.org (prelinger/usgovfilms),gov.archives.arc.52896,27.6,ADICIONADO,ok (reprocessado após timeout),,https://archive.org/details/gov.archives.arc.52896
A METHOD OF TEACHING COMBAT SURGERY,,archive.org (prelinger/usgovfilms),gov.dod.dimoc.25898,15.6,ADICIONADO,ok (reprocessado após timeout),,https://archive.org/details/gov.dod.dimoc.25898
ISRAEL,,archive.org (prelinger/usgovfilms),gov.archives.arc.46679,28.1,ADICIONADO,ok (reprocessado após timeout),,https://archive.org/details/gov.archives.arc.46679
ALLIES STUDY POST-WAR SECURITY [ETC.],,archive.org (prelinger/usgovfilms),gov.archives.arc.39024,10.2,ADICIONADO,ok (reprocessado após timeout),,https://archive.org/details/gov.archives.arc.39024
Alligator Aquaculture in the South,,archive.org (prelinger/usgovfilms),gov.usda.srac.sp328,,DESCARTADO,item sem arquivos no archive.org (identifier inválido ou removido),,https://archive.org/details/gov.usda.srac.sp328
How to Fly the P-47: Pilot Familiarization,,archive.org (prelinger/usgovfilms),gov.archives.arc.2770,23.5,ADICIONADO,ok (reprocessado após timeout),,https://archive.org/details/gov.archives.arc.2770
Big Picture: Individual Protection Against Atomic Attack,,archive.org (prelinger/usgovfilms),gov.archives.arc.2569661,28.6,ADICIONADO,ok (reprocessado após timeout),,https://archive.org/details/gov.archives.arc.2569661
Tactical Air Power,2090,archive.org (prelinger/usgovfilms),gov.ntis.ava20906vnb1,,DESCARTADO,ano 1968 acima do corte de domínio-público provável (1966) - precisa checagem manual,,https://archive.org/details/gov.ntis.ava20906vnb1
BATTLE OF SAN PIETRO,2037,archive.org (prelinger/usgovfilms),gov.dod.dimoc.20377,35.2,ADICIONADO,ok (reprocessado após timeout),,https://archive.org/details/gov.dod.dimoc.20377
SCREAMING EAGLES IN VIETNAM,,archive.org (prelinger/usgovfilms),gov.dod.dimoc.30205,,DESCARTADO,ano 1967 acima do corte de domínio-público provável (1966) - precisa checagem manual,,https://archive.org/details/gov.dod.dimoc.30205
Taiwan,,archive.org (prelinger/usgovfilms),gov.archives.arc.653126,26.1,ADICIONADO,ok (reprocessado após timeout),,https://archive.org/details/gov.archives.arc.653126
Big Picture: Chinese Reds Enter the Korean War,,archive.org (prelinger/usgovfilms),gov.archives.arc.2569442,28.2,ADICIONADO,ok (reprocessado após timeout),,https://archive.org/details/gov.archives.arc.2569442
House Proceeding 03-24-09 01,,archive.org (prelinger/usgovfilms),mv_house_proceeding_03-24-09_01,,DESCARTADO,ano 2009 acima do corte de domínio-público provável (1966) - precisa checagem manual,,https://archive.org/details/mv_house_proceeding_03-24-09_01
Berms 02: The Purpose of Berms,,archive.org (prelinger/usgovfilms),gov.msha.dvd001.2,5.6,ADICIONADO,ok (reprocessado após timeout),,https://archive.org/details/gov.msha.dvd001.2
Respirators: Your TB Defense,2002,archive.org (prelinger/usgovfilms),gov.niosh.2002-114d.2,,DESCARTADO,ano 2002 acima do corte de domínio-público provável (1966) - precisa checagem manual,,https://archive.org/details/gov.niosh.2002-114d.2
DRAGON'S TEETH,,archive.org (prelinger/usgovfilms),gov.dod.dimoc.30141,28.4,ADICIONADO,ok (reprocessado após timeout),,https://archive.org/details/gov.dod.dimoc.30141
Leading From Strength and US Missile and Military Might,,archive.org (prelinger/usgovfilms),gov.archives.arc.28715,21,ADICIONADO,ok (reprocessado após timeout),,https://archive.org/details/gov.archives.arc.28715
Boilers and Their Operation,,archive.org (prelinger/usgovfilms),gov.ntis.ava12760vnb1,11.7,ADICIONADO,ok (reprocessado após timeout),,https://archive.org/details/gov.ntis.ava12760vnb1
Scenes from Revolution Betrayed,,archive.org (prelinger/usgovfilms),gov.archives.arc.29095,6.5,ADICIONADO,ok (reprocessado após timeout),,https://archive.org/details/gov.archives.arc.29095
Back Your Back : Back and Muscle Injury Prevention,,archive.org (prelinger/usgovfilms),gov.wa.lni.v0146,,DESCARTADO,ano 1992 acima do corte de domínio-público provável (1966) - precisa checagem manual,,https://archive.org/details/gov.wa.lni.v0146
Dirty Little Secrets - Kitchen Food Safety,1966,archive.org (prelinger/usgovfilms),gov.ntis.ava19664vnb1.01,,DESCARTADO,ano 1996 acima do corte de domínio-público provável (1966) - precisa checagem manual,,https://archive.org/details/gov.ntis.ava19664vnb1.01
The People and the Police: Oakland,,archive.org (prelinger/usgovfilms),gov.archives.arc.12120,,DESCARTADO,ano 1974 acima do corte de domínio-público provável (1966) - precisa checagem manual,,https://archive.org/details/gov.archives.arc.12120
Bugging the Battlefield,,archive.org (prelinger/usgovfilms),gov.archives.arc.4524913,,DESCARTADO,ano 1969 acima do corte de domínio-público provável (1966) - precisa checagem manual,,https://archive.org/details/gov.archives.arc.4524913
STAFF FILM REPORT 66-5A,,archive.org (prelinger/usgovfilms),gov.dod.dimoc.27007,17.8,ADICIONADO,ok (reprocessado após timeout),,https://archive.org/details/gov.dod.dimoc.27007
Interview with Lee Kuan Yew,,archive.org (prelinger/usgovfilms),gov.archives.arc.652377,,DESCARTADO,ano 1967 acima do corte de domínio-público provável (1966) - precisa checagem manual,,https://archive.org/details/gov.archives.arc.652377
Fantastic Yellowstone,,archive.org (prelinger/usgovfilms),gov.ntis.ava04043vnb1,,DESCARTADO,ano 1997 acima do corte de domínio-público provável (1966) - precisa checagem manual,,https://archive.org/details/gov.ntis.ava04043vnb1
Giant Sequoia,,archive.org (prelinger/usgovfilms),gov.ntis.ava03599vnb1,,DESCARTADO,ano 1979 acima do corte de domínio-público provável (1966) - precisa checagem manual,,https://archive.org/details/gov.ntis.ava03599vnb1
"WAR PICTORIAL NEWS, NO. 210 [MAY 14]",,archive.org (prelinger/usgovfilms),gov.archives.arc.39214,10.4,ADICIONADO,ok (reprocessado após timeout),,https://archive.org/details/gov.archives.arc.39214
Farewell Arabia,,archive.org (prelinger/usgovfilms),gov.archives.arc.617151,,DESCARTADO,ano 1968 acima do corte de domínio-público provável (1966) - precisa checagem manual,,https://archive.org/details/gov.archives.arc.617151
JAPANESE SIGN FINAL SURRENDER,,archive.org (prelinger/usgovfilms),gov.archives.arc.39079,8.8,ADICIONADO,ok (reprocessado após timeout),,https://archive.org/details/gov.archives.arc.39079
Avenge December 7 (Pearl Harbor),,archive.org (prelinger/usgovfilms),gov.fdr.20,,DESCARTADO,item sem arquivos no archive.org (identifier inválido ou removido),,https://archive.org/details/gov.fdr.20
SPECIAL FORCES COMBAT PATROL,,archive.org (prelinger/usgovfilms),gov.archives.arc.29575,7.9,ADICIONADO,ok (reprocessado após timeout),,https://archive.org/details/gov.archives.arc.29575
"Slips, Trips, and Falls",,archive.org (prelinger/usgovfilms),gov.msha.dvd518,,DESCARTADO,ano 1994 acima do corte de domínio-público provável (1966) - precisa checagem manual,,https://archive.org/details/gov.msha.dvd518
Thunderbolt,,archive.org (prelinger/usgovfilms),gov.archives.arc.63897,41.8,ADICIONADO,ok (reprocessado após timeout),,https://archive.org/details/gov.archives.arc.63897
History of the U.S. Navy - World Wide Naval Operations,,archive.org (prelinger/usgovfilms),gov.ntis.ava04335vnb1,22.2,ADICIONADO,ok (reprocessado após timeout),,https://archive.org/details/gov.ntis.ava04335vnb1
Takeoff SST (Supersonic Transport Aircraft),,archive.org (prelinger/usgovfilms),gov.archives.arc.653130,,DESCARTADO,ano 1969 acima do corte de domínio-público provável (1966) - precisa checagem manual,,https://archive.org/details/gov.archives.arc.653130
Sikhism,,archive.org (prelinger/usgovfilms),gov.doj.ncj.212664.v1.3,,DESCARTADO,item sem arquivos no archive.org (identifier inválido ou removido),,https://archive.org/details/gov.doj.ncj.212664.v1.3
Car Surveillance,,archive.org (prelinger/usgovfilms),gov.archives.arc.654181,,DESCARTADO,item sem arquivos no archive.org (identifier inválido ou removido),,https://archive.org/details/gov.archives.arc.654181
HOW MAGNETS PRODUCE ELECTRICITY,,archive.org (prelinger/usgovfilms),gov.dod.dimoc.24110,6.8,ADICIONADO,ok (reprocessado após timeout),,https://archive.org/details/gov.dod.dimoc.24110
AIR MASSES AND FRONTS - THE OCCLUDED FRONT,,archive.org (prelinger/usgovfilms),gov.dod.dimoc.27504,8.2,ADICIONADO,ok (reprocessado após timeout),,https://archive.org/details/gov.dod.dimoc.27504
MILESTONES IN MISSILRY,,archive.org (prelinger/usgovfilms),gov.archives.arc.36036,9.2,ADICIONADO,ok (reprocessado após timeout),,https://archive.org/details/gov.archives.arc.36036
JFK EXHIBIT 3: RECONSTRUCTION FILM,,archive.org (prelinger/usgovfilms),gov.archives.arc.13218,24.7,ADICIONADO,ok (reprocessado após timeout),,https://archive.org/details/gov.archives.arc.13218
MEMPHIS BELLE; A STORY OF A FLYING FORTRESS,,archive.org (prelinger/usgovfilms),gov.archives.arc.38755,,DESCARTADO,item sem arquivos no archive.org (identifier inválido ou removido),,https://archive.org/details/gov.archives.arc.38755
Egypt and Gamal Abdel Nasser,,archive.org (prelinger/usgovfilms),gov.archives.arc.644640,,DESCARTADO,item sem arquivos no archive.org (identifier inválido ou removido),,https://archive.org/details/gov.archives.arc.644640
Tower of Stone,,archive.org (prelinger/usgovfilms),gov.ntis.ava14709vnb1,7.4,ADICIONADO,ok (reprocessado após timeout),,https://archive.org/details/gov.ntis.ava14709vnb1
INTERMENT CEREMONY OF THE VIETNAM UNKNOWN,,archive.org (prelinger/usgovfilms),gov.dod.dimoc.604778,,DESCARTADO,ano 1985 acima do corte de domínio-público provável (1966) - precisa checagem manual,,https://archive.org/details/gov.dod.dimoc.604778
OUR NEIGHBORS DOWN THE ROAD,,archive.org (prelinger/usgovfilms),gov.archives.arc.40246,35.7,ADICIONADO,ok (reprocessado após timeout),,https://archive.org/details/gov.archives.arc.40246
Turkey,,archive.org (prelinger/usgovfilms),gov.archives.arc.1710558,,DESCARTADO,ano 1973 acima do corte de domínio-público provável (1966) - precisa checagem manual,,https://archive.org/details/gov.archives.arc.1710558
Apollo Soyuz,,archive.org (prelinger/usgovfilms),gov.archives.arc.649354,,DESCARTADO,ano 1975 acima do corte de domínio-público provável (1966) - precisa checagem manual,,https://archive.org/details/gov.archives.arc.649354
"DIRECTION, ORIENTATION, AND LOCATION WITH A COMPASS",,archive.org (prelinger/usgovfilms),gov.dod.dimoc.29407,,DESCARTADO,ano 1967 acima do corte de domínio-público provável (1966) - precisa checagem manual,,https://archive.org/details/gov.dod.dimoc.29407
Robot Reality,1927,archive.org (prelinger/usgovfilms),gov.ntis.AVA19272,,DESCARTADO,item sem arquivos no archive.org (identifier inválido ou removido),,https://archive.org/details/gov.ntis.AVA19272
Star Identification,,archive.org (prelinger/usgovfilms),gov.ntis.ava04119vnb1,16.3,ADICIONADO,ok (reprocessado após timeout),,https://archive.org/details/gov.ntis.ava04119vnb1
OPERATION IVY,,archive.org (prelinger/usgovfilms),gov.archives.arc.46856,,DESCARTADO,item sem arquivos no archive.org (identifier inválido ou removido),,https://archive.org/details/gov.archives.arc.46856
Hazardous Materials: General Awareness and Familiarization,,archive.org (prelinger/usgovfilms),gov.fhwa.ttp.vh-588,,DESCARTADO,ano 1999 acima do corte de domínio-público provável (1966) - precisa checagem manual,,https://archive.org/details/gov.fhwa.ttp.vh-588
Egypt,,archive.org (prelinger/usgovfilms),gov.archives.arc.1654387,,DESCARTADO,ano 1971 acima do corte de domínio-público provável (1966) - precisa checagem manual,,https://archive.org/details/gov.archives.arc.1654387
7th Infantry Division,,archive.org (prelinger/usgovfilms),gov.archives.111-tv-221,27.4,ADICIONADO,ok (reprocessado após timeout),,https://archive.org/details/gov.archives.111-tv-221
United States Army Helicopter Operations in Vietnam,,archive.org (prelinger/usgovfilms),gov.archives.arc.654153,24,ADICIONADO,ok (reprocessado após timeout),,https://archive.org/details/gov.archives.arc.654153
Online Pornography,1817,archive.org (prelinger/usgovfilms),org.c-span.181722-1,,DESCARTADO,fora do escopo do catálogo (critério de segurança - conteúdo adulto/exploração),,https://archive.org/details/org.c-span.181722-1
Transgender,,archive.org (prelinger/usgovfilms),gov.doj.ncj.212664.v2.6,,DESCARTADO,item sem arquivos no archive.org (identifier inválido ou removido),,https://archive.org/details/gov.doj.ncj.212664.v2.6
Big Picture: The Story of American Forces Network (AFN),,archive.org (prelinger/usgovfilms),gov.archives.arc.2569813,29.5,ADICIONADO,ok (reprocessado após timeout),,https://archive.org/details/gov.archives.arc.2569813
Big Picture: 42nd Rainbow Division,,archive.org (prelinger/usgovfilms),gov.archives.arc.2569648,28.7,ADICIONADO,ok (reprocessado após timeout),,https://archive.org/details/gov.archives.arc.2569648
Employees are the FIRST Line of Food Defense,,archive.org (prelinger/usgovfilms),gov.fda.employees.1,,DESCARTADO,ano 2009 acima do corte de domínio-público provável (1966) - precisa checagem manual,,https://archive.org/details/gov.fda.employees.1
Turkey,,archive.org (prelinger/usgovfilms),gov.archives.arc.654135,26.3,ADICIONADO,ok (reprocessado após timeout),,https://archive.org/details/gov.archives.arc.654135
Anchoring Home Fuel Tanks,,archive.org (prelinger/usgovfilms),gov.fema.481dvd,15.1,ADICIONADO,ok (reprocessado após timeout),,https://archive.org/details/gov.fema.481dvd
STAFF FILM REPORT 66-3OA,,archive.org (prelinger/usgovfilms),gov.dod.dimoc.26983,20.4,ADICIONADO,ok (reprocessado após timeout),,https://archive.org/details/gov.dod.dimoc.26983
Space Flight: Application of Orbital Mechanics,1824,archive.org (prelinger/usgovfilms),gov.ntis.ava18245vnb1,,DESCARTADO,ano 1994 acima do corte de domínio-público provável (1966) - precisa checagem manual,,https://archive.org/details/gov.ntis.ava18245vnb1
"""C"" CO, 2/22 25TH INFANTRY DIVISION IN CAMBODIA",,archive.org (prelinger/usgovfilms),gov.archives.arc.33723,,DESCARTADO,item sem arquivos no archive.org (identifier inválido ou removido),,https://archive.org/details/gov.archives.arc.33723
Africanized Bee Alert,,archive.org (prelinger/usgovfilms),gov.ntis.ava14949vnb1,,DESCARTADO,ano 1985 acima do corte de domínio-público provável (1966) - precisa checagem manual,,https://archive.org/details/gov.ntis.ava14949vnb1
Rape: Caring for the Adult Female Victim,,archive.org (prelinger/usgovfilms),gov.ntis.ava06317vnb1,,DESCARTADO,ano 1984 acima do corte de domínio-público provável (1966) - precisa checagem manual,,https://archive.org/details/gov.ntis.ava06317vnb1
WRIGHT BROTHERS ON HUFFMAN PRAIRIE,,archive.org (prelinger/usgovfilms),gov.dod.dimoc.604273,,DESCARTADO,ano 1988 acima do corte de domínio-público provável (1966) - precisa checagem manual,,https://archive.org/details/gov.dod.dimoc.604273
STAFF FILM REPORT 66-13A,,archive.org (prelinger/usgovfilms),gov.dod.dimoc.26962,26.4,ADICIONADO,ok (reprocessado após timeout),,https://archive.org/details/gov.dod.dimoc.26962
LONGINES CHRONOSCOPE WITH SEN. JOSEPH R. MC CARTHY,,archive.org (prelinger/usgovfilms),gov.archives.arc.95785,58.5,ADICIONADO,ok (reprocessado após timeout),,https://archive.org/details/gov.archives.arc.95785
AIR WAR IN EUROPE,,archive.org (prelinger/usgovfilms),gov.archives.arc.2870,9.9,ADICIONADO,ok (reprocessado após timeout),,https://archive.org/details/gov.archives.arc.2870
Big Picture: Commence Firing,,archive.org (prelinger/usgovfilms),gov.archives.arc.2569546,27.1,ADICIONADO,ok (reprocessado após timeout),,https://archive.org/details/gov.archives.arc.2569546
STAFF FILM REPORT 66-1OA,,archive.org (prelinger/usgovfilms),gov.dod.dimoc.26958,,DESCARTADO,item sem arquivos no archive.org (identifier inválido ou removido),,https://archive.org/details/gov.dod.dimoc.26958
Big Picture: To Keep and Bear Arms,,archive.org (prelinger/usgovfilms),gov.archives.arc.2569792,29,ADICIONADO,ok (reprocessado após timeout),,https://archive.org/details/gov.archives.arc.2569792
"Security, Diversity, Respect",,archive.org (prelinger/usgovfilms),gov.doj.ncj.212664.v1.2,,DESCARTADO,ano 2000 acima do corte de domínio-público provável (1966) - precisa checagem manual,,https://archive.org/details/gov.doj.ncj.212664.v1.2
Human Body (Spanish),,archive.org (prelinger/usgovfilms),gov.ntis.ava16782vnb1,9.3,ADICIONADO,ok (reprocessado após timeout),,https://archive.org/details/gov.ntis.ava16782vnb1
CIVIL AFFAIRS IN GERMANY [ETC.],,archive.org (prelinger/usgovfilms),gov.archives.arc.39159,10.8,ADICIONADO,ok (reprocessado após timeout),,https://archive.org/details/gov.archives.arc.39159
HEAT STRESS,,archive.org (prelinger/usgovfilms),gov.dod.dimoc.614692,,DESCARTADO,item sem arquivos no archive.org (identifier inválido ou removido),,https://archive.org/details/gov.dod.dimoc.614692
INTO THE MOUTH OF THE CAT - THE LANCE P. SIJAN DOCUMENTARY,,archive.org (prelinger/usgovfilms),gov.dod.dimoc.613468,,DESCARTADO,ano 1998 acima do corte de domínio-público provável (1966) - precisa checagem manual,,https://archive.org/details/gov.dod.dimoc.613468
FOX-MOVIETONE NEWSREEL EXCERPTS 2,,archive.org (prelinger/usgovfilms),gov.archives.arc.89119,9.5,ADICIONADO,ok (reprocessado após timeout),,https://archive.org/details/gov.archives.arc.89119
When the Circus Comes to Town / Side Show/ Swingeroo Circus/ Barnyard Babies / Animal Land / Circus at the Zoo,,archive.org (prelinger/usgovfilms),gov.archives.arc.654179,30.6,ADICIONADO,ok (reprocessado após timeout),,https://archive.org/details/gov.archives.arc.654179
Senate Proceeding 09-10-09,,archive.org (prelinger/usgovfilms),mv_senate_proceeding_09-10-09,,DESCARTADO,ano 2009 acima do corte de domínio-público provável (1966) - precisa checagem manual,,https://archive.org/details/mv_senate_proceeding_09-10-09
Kariina's Classroom: Lesson 1,,archive.org (prelinger/usgovfilms),gov.frb.atlanta.katrina.01,,DESCARTADO,ano 2008 acima do corte de domínio-público provável (1966) - precisa checagem manual,,https://archive.org/details/gov.frb.atlanta.katrina.01
Country Style USA Recruitment: Episode 39,,archive.org (prelinger/usgovfilms),gov.archives.arc.593149.39,15,ADICIONADO,ok (reprocessado após timeout),,https://archive.org/details/gov.archives.arc.593149.39
MARTYRED CZECH VILLAGE LIVES AGAIN IN U.S. [ETC.],,archive.org (prelinger/usgovfilms),gov.archives.arc.38912,10.1,ADICIONADO,ok (reprocessado após timeout),,https://archive.org/details/gov.archives.arc.38912
ACTIVITIES OF THE U.S. ARMY AIR SERVICE,,archive.org (prelinger/usgovfilms),gov.archives.arc.65711,34.2,ADICIONADO,ok (reprocessado após timeout),,https://archive.org/details/gov.archives.arc.65711
Death of a Regime,1968,archive.org (prelinger/usgovfilms),gov.archives.arc.1661968,26.3,ADICIONADO,ok (reprocessado após timeout),,https://archive.org/details/gov.archives.arc.1661968
Countdown to calamity,,archive.org (prelinger/usgovfilms),gov.archives.arc.13352,,DESCARTADO,ano 1971 acima do corte de domínio-público provável (1966) - precisa checagem manual,,https://archive.org/details/gov.archives.arc.13352
AMERICA REPORTS ON AID TO ALLIES [ETC.],,archive.org (prelinger/usgovfilms),gov.archives.arc.38937,10.1,ADICIONADO,ok (reprocessado após timeout),,https://archive.org/details/gov.archives.arc.38937
Automobile Tire Hydroplaning,,archive.org (prelinger/usgovfilms),gov.ntis.AVA1295VNB1,,DESCARTADO,item sem arquivos no archive.org (identifier inválido ou removido),,https://archive.org/details/gov.ntis.AVA1295VNB1
St. John Virgin Islands National park,1822,archive.org (prelinger/usgovfilms),gov.ntis.ava18223vnb1,,DESCARTADO,ano 1990 acima do corte de domínio-público provável (1966) - precisa checagem manual,,https://archive.org/details/gov.ntis.ava18223vnb1
Special Operations Forces,,archive.org (prelinger/usgovfilms),gov.archives.arc.4524969,,DESCARTADO,item sem arquivos no archive.org (identifier inválido ou removido),,https://archive.org/details/gov.archives.arc.4524969
SELF DEFENSE AND DISARMAMENT,,archive.org (prelinger/usgovfilms),gov.archives.arc.46449,18.9,ADICIONADO,ok (reprocessado após timeout),,https://archive.org/details/gov.archives.arc.46449
STAFF FILM REPORT 66-29A,,archive.org (prelinger/usgovfilms),gov.dod.dimoc.26981,16.5,ADICIONADO,ok (reprocessado após timeout),,https://archive.org/details/gov.dod.dimoc.26981
Stroke Scale Certification - Group A - Patient 1,,archive.org (prelinger/usgovfilms),gov.hhs.ninds.stroke.2.1,,DESCARTADO,item sem arquivos no archive.org (identifier inválido ou removido),,https://archive.org/details/gov.hhs.ninds.stroke.2.1
The General Marshall Story,,archive.org (prelinger/usgovfilms),gov.archives.111-tv-408,28.7,ADICIONADO,ok (reprocessado após timeout),,https://archive.org/details/gov.archives.111-tv-408
WOMEN IN DEFENSE,,archive.org (prelinger/usgovfilms),gov.archives.arc.38686,,DESCARTADO,item sem arquivos no archive.org (identifier inválido ou removido),,https://archive.org/details/gov.archives.arc.38686
The Big Lie,,archive.org (prelinger/usgovfilms),gov.archives.arc.49136,19.5,ADICIONADO,ok (reprocessado após timeout),,https://archive.org/details/gov.archives.arc.49136
Big Picture: Shotgun Rider,,archive.org (prelinger/usgovfilms),gov.archives.arc.2569887,28.6,ADICIONADO,ok (reprocessado após timeout),,https://archive.org/details/gov.archives.arc.2569887
D-DAY CONVOY,2033,archive.org (prelinger/usgovfilms),gov.dod.dimoc.20338,18.5,ADICIONADO,ok (reprocessado após timeout),,https://archive.org/details/gov.dod.dimoc.20338
Castro's Cuba,,archive.org (prelinger/usgovfilms),gov.archives.arc.649674,28.4,ADICIONADO,ok (reprocessado após timeout),,https://archive.org/details/gov.archives.arc.649674
Laos: The Not So Secret War,,archive.org (prelinger/usgovfilms),gov.archives.arc.657070,,DESCARTADO,ano 1970 acima do corte de domínio-público provável (1966) - precisa checagem manual,,https://archive.org/details/gov.archives.arc.657070
"ARVN Airborne repell Vietcong attack, Saigon, South Vietnam",1921,archive.org (prelinger/usgovfilms),gov.archives.arc.31921,,DESCARTADO,ano 1968 acima do corte de domínio-público provável (1966) - precisa checagem manual,,https://archive.org/details/gov.archives.arc.31921
Egypt,,archive.org (prelinger/usgovfilms),gov.archives.arc.1687981,,DESCARTADO,ano 1972 acima do corte de domínio-público provável (1966) - precisa checagem manual,,https://archive.org/details/gov.archives.arc.1687981
"Combat Operations, Hoi An, South Vietnam",,archive.org (prelinger/usgovfilms),gov.archives.arc.31781,,DESCARTADO,ano 1968 acima do corte de domínio-público provável (1966) - precisa checagem manual,,https://archive.org/details/gov.archives.arc.31781
Big Picture: Salute to the Navy,,archive.org (prelinger/usgovfilms),gov.archives.arc.2569803,28.6,ADICIONADO,ok (reprocessado após timeout),,https://archive.org/details/gov.archives.arc.2569803
Big Picture: Communications Zone (COMZ),,archive.org (prelinger/usgovfilms),gov.archives.arc.2569804,29.1,ADICIONADO,ok (reprocessado após timeout),,https://archive.org/details/gov.archives.arc.2569804
Big Picture: The Atom Soldier,,archive.org (prelinger/usgovfilms),gov.archives.arc.2569578,28.1,ADICIONADO,ok (reprocessado após timeout),,https://archive.org/details/gov.archives.arc.2569578
ALLIES SET FOR OFFENSIVE [ETC.],,archive.org (prelinger/usgovfilms),gov.archives.arc.39141,10.1,ADICIONADO,ok (reprocessado após timeout),,https://archive.org/details/gov.archives.arc.39141
“Reflections” Mining History,,archive.org (prelinger/usgovfilms),gov.msha.dvd509,,DESCARTADO,ano 2002 acima do corte de domínio-público provável (1966) - precisa checagem manual,,https://archive.org/details/gov.msha.dvd509
Tolstoy Biography,,archive.org (prelinger/usgovfilms),gov.archives.arc.654022,,DESCARTADO,ano 1970 acima do corte de domínio-público provável (1966) - precisa checagem manual,,https://archive.org/details/gov.archives.arc.654022
Allegheny Portage Railroad,,archive.org (prelinger/usgovfilms),gov.ntis.ava14159vnb1,,DESCARTADO,ano 1993 acima do corte de domínio-público provável (1966) - precisa checagem manual,,https://archive.org/details/gov.ntis.ava14159vnb1
EVERYBODY JOINS U.S. WAR EFFORT [ETC.],,archive.org (prelinger/usgovfilms),gov.archives.arc.38919,9.5,ADICIONADO,ok (reprocessado após timeout),,https://archive.org/details/gov.archives.arc.38919
Eastern Orthodox,,archive.org (prelinger/usgovfilms),gov.doj.ncj.212664.v1.8,,DESCARTADO,ano 2000 acima do corte de domínio-público provável (1966) - precisa checagem manual,,https://archive.org/details/gov.doj.ncj.212664.v1.8
Berlin Border Action,,archive.org (prelinger/usgovfilms),gov.archives.arc.28466,11.1,ADICIONADO,ok (reprocessado após timeout),,https://archive.org/details/gov.archives.arc.28466
BATTLE OF MANILA,,archive.org (prelinger/usgovfilms),gov.dod.dimoc.30113,28.8,ADICIONADO,ok (reprocessado após timeout),,https://archive.org/details/gov.dod.dimoc.30113
STRATEGIC AIR COMMAND SEMIANNUAL FILM REPORT,2079,archive.org (prelinger/usgovfilms),gov.dod.dimoc.20791,,DESCARTADO,ano 1968 acima do corte de domínio-público provável (1966) - precisa checagem manual,,https://archive.org/details/gov.dod.dimoc.20791
THE ENERGY CRISIS - PRESIDENT CARTER'S PLAN,,archive.org (prelinger/usgovfilms),gov.archives.arc.50458,,DESCARTADO,item sem arquivos no archive.org (identifier inválido ou removido),,https://archive.org/details/gov.archives.arc.50458
Stock Footage of Saigon,,archive.org (prelinger/usgovfilms),gov.archives.arc.27343,7.7,ADICIONADO,ok (reprocessado após timeout),,https://archive.org/details/gov.archives.arc.27343
House Proceeding 03-31-09 03,,archive.org (prelinger/usgovfilms),mv_house_proceeding_03-31-09_03,,DESCARTADO,ano 2009 acima do corte de domínio-público provável (1966) - precisa checagem manual,,https://archive.org/details/mv_house_proceeding_03-31-09_03
YOUR FBI,,archive.org (prelinger/usgovfilms),gov.archives.arc.12173,15.1,ADICIONADO,ok (reprocessado após timeout),,https://archive.org/details/gov.archives.arc.12173
Of Ice and Fire: The Mono Basin,1938,archive.org (prelinger/usgovfilms),gov.ntis.a19389vnb1,,DESCARTADO,ano 1992 acima do corte de domínio-público provável (1966) - precisa checagem manual,,https://archive.org/details/gov.ntis.a19389vnb1
Hymn of the Nations - Toscanini,,archive.org (prelinger/usgovfilms),gov.fdr.127,28.1,ADICIONADO,ok (reprocessado após timeout),,https://archive.org/details/gov.fdr.127
ELECTRICITY - VOLTAGE,,archive.org (prelinger/usgovfilms),gov.dod.dimoc.39864,13.8,ADICIONADO,ok (reprocessado após timeout),,https://archive.org/details/gov.dod.dimoc.39864
"Big Picture: Guerrilla, U.S.A.",,archive.org (prelinger/usgovfilms),gov.archives.arc.2569796,28,ADICIONADO,ok (reprocessado após timeout),,https://archive.org/details/gov.archives.arc.2569796
P-38: FLIGHT CHARACTERISTICS,,archive.org (prelinger/usgovfilms),gov.archives.arc.2773,,DESCARTADO,item sem arquivos no archive.org (identifier inválido ou removido),,https://archive.org/details/gov.archives.arc.2773
ANIMALS IN ROCKET FLIGHT,,archive.org (prelinger/usgovfilms),gov.archives.arc.66372,43.3,ADICIONADO,ok (reprocessado após timeout),,https://archive.org/details/gov.archives.arc.66372
"TOWARD A BETTER LIFE, NO. 07 - SOLAR ENERGY",,archive.org (prelinger/usgovfilms),gov.archives.arc.54900,,DESCARTADO,ano 1980 acima do corte de domínio-público provável (1966) - precisa checagem manual,,https://archive.org/details/gov.archives.arc.54900
SHOCK TROOPS OF DISASTER,,archive.org (prelinger/usgovfilms),gov.archives.arc.12363,10.9,ADICIONADO,ok (reprocessado após timeout),,https://archive.org/details/gov.archives.arc.12363
Haiti,,archive.org (prelinger/usgovfilms),gov.archives.arc.650721,,DESCARTADO,ano 1972 acima do corte de domínio-público provável (1966) - precisa checagem manual,,https://archive.org/details/gov.archives.arc.650721
IN A DARK TIME,,archive.org (prelinger/usgovfilms),gov.archives.arc.53888,25.6,ADICIONADO,ok (reprocessado após timeout),,https://archive.org/details/gov.archives.arc.53888
Big Picture: 7th Infantry Division,,archive.org (prelinger/usgovfilms),gov.archives.arc.2569491,27.4,ADICIONADO,ok (reprocessado após timeout),,https://archive.org/details/gov.archives.arc.2569491
I Am Not Alone,,archive.org (prelinger/usgovfilms),gov.archives.arc.651533,,DESCARTADO,item sem arquivos no archive.org (identifier inválido ou removido),,https://archive.org/details/gov.archives.arc.651533
OPERATION YELLOWSTONE (25TH INFANTRY DIVISION),,archive.org (prelinger/usgovfilms),gov.archives.arc.32804,,DESCARTADO,ano 1968 acima do corte de domínio-público provável (1966) - precisa checagem manual,,https://archive.org/details/gov.archives.arc.32804
YOU CAN'T GET AWAY WITH IT,2074,archive.org (prelinger/usgovfilms),gov.archives.arc.12074,26.7,ADICIONADO,ok (reprocessado após timeout),,https://archive.org/details/gov.archives.arc.12074
Big Picture: Birth of a Tank,,archive.org (prelinger/usgovfilms),gov.archives.arc.2569562,27.8,ADICIONADO,ok (reprocessado após timeout),,https://archive.org/details/gov.archives.arc.2569562
Civil Rights [Silent],,archive.org (prelinger/usgovfilms),gov.archives.arc.52753,52.8,ADICIONADO,ok (reprocessado após timeout),,https://archive.org/details/gov.archives.arc.52753
ACCOMPLISHED WOMEN,,archive.org (prelinger/usgovfilms),gov.archives.arc.54173,,DESCARTADO,ano 1974 acima do corte de domínio-público provável (1966) - precisa checagem manual,,https://archive.org/details/gov.archives.arc.54173
AFGHANISTAN 1982: THE STRUGGLE FOR FREEDOM CONTINUES,,archive.org (prelinger/usgovfilms),gov.archives.arc.54187,,DESCARTADO,ano 1982 acima do corte de domínio-público provável (1966) - precisa checagem manual,,https://archive.org/details/gov.archives.arc.54187
"Ethylene Oxide Explosion at Sterigenics, Ontario, California",2006,archive.org (prelinger/usgovfilms),gov.csb.2006.ethylene,,DESCARTADO,item sem arquivos no archive.org (identifier inválido ou removido),,https://archive.org/details/gov.csb.2006.ethylene
WINDS OF THE STORM,1881,archive.org (prelinger/usgovfilms),gov.dod.dimoc.611881,,DESCARTADO,ano 1993 acima do corte de domínio-público provável (1966) - precisa checagem manual,,https://archive.org/details/gov.dod.dimoc.611881
Cuba: The Land and the People,,archive.org (prelinger/usgovfilms),gov.archives.arc.649197,10.7,ADICIONADO,ok (reprocessado após timeout),,https://archive.org/details/gov.archives.arc.649197
ROAD AND HIGHWAY CONSTRUCTION,,archive.org (prelinger/usgovfilms),gov.archives.arc.33014,,DESCARTADO,ano 1969 acima do corte de domínio-público provável (1966) - precisa checagem manual,,https://archive.org/details/gov.archives.arc.33014
HANDEL'S MESSIAH AT THE NAVAL ACADEMY,,archive.org (prelinger/usgovfilms),gov.dod.dimoc.34915,,DESCARTADO,item sem arquivos no archive.org (identifier inválido ou removido),,https://archive.org/details/gov.dod.dimoc.34915
Fundamentals of Double Action Revolver Shooting,,archive.org (prelinger/usgovfilms),gov.archives.arc.4523715,,DESCARTADO,ano 1975 acima do corte de domínio-público provável (1966) - precisa checagem manual,,https://archive.org/details/gov.archives.arc.4523715
RADIO PROXIMITY FUSE-WEAPON BEHIND VICTORY [ETC.],,archive.org (prelinger/usgovfilms),gov.archives.arc.39087,10.6,ADICIONADO,ok (reprocessado após timeout),,https://archive.org/details/gov.archives.arc.39087
Alaska,,archive.org (prelinger/usgovfilms),gov.archives.arc.649115,,DESCARTADO,ano 1967 acima do corte de domínio-público provável (1966) - precisa checagem manual,,https://archive.org/details/gov.archives.arc.649115
Big Picture: Operation Mercy,,archive.org (prelinger/usgovfilms),gov.archives.arc.2569633,27,ADICIONADO,ok (reprocessado após timeout),,https://archive.org/details/gov.archives.arc.2569633
FIRST INFANTRY DIVISION IN VIETNAM,,archive.org (prelinger/usgovfilms),gov.dod.dimoc.30284,,DESCARTADO,ano 1971 acima do corte de domínio-público provável (1966) - precisa checagem manual,,https://archive.org/details/gov.dod.dimoc.30284
World War II U.S. News Review,,archive.org (prelinger/usgovfilms),gov.fdr.43,19.2,ADICIONADO,ok (reprocessado após timeout),,https://archive.org/details/gov.fdr.43
"Spill Prevention Control and Countermeasure Training Series, Highlights: Protecting the Environment from Oil Spills",1990,archive.org (prelinger/usgovfilms),gov.ntis.AVA19901,,DESCARTADO,ano 1996 acima do corte de domínio-público provável (1966) - precisa checagem manual,,https://archive.org/details/gov.ntis.AVA19901
Big Picture: The Admiral Chester Nimitz Story,,archive.org (prelinger/usgovfilms),gov.archives.arc.2569700,28.7,ADICIONADO,ok (reprocessado após timeout),,https://archive.org/details/gov.archives.arc.2569700
LAND OF ENCHANTMENT: SOUTHWEST U.S.A,,archive.org (prelinger/usgovfilms),gov.archives.arc.46970,10.3,ADICIONADO,ok (reprocessado após timeout),,https://archive.org/details/gov.archives.arc.46970
A TRAVELER MEETS AIR TRAFFIC CONTROL,,archive.org (prelinger/usgovfilms),gov.archives.arc.43449,33.3,ADICIONADO,ok (reprocessado após timeout),,https://archive.org/details/gov.archives.arc.43449
Spain After Franco,,archive.org (prelinger/usgovfilms),gov.archives.arc.1697864,,DESCARTADO,ano 1971 acima do corte de domínio-público provável (1966) - precisa checagem manual,,https://archive.org/details/gov.archives.arc.1697864
Senate Proceeding 08-04-10,,archive.org (prelinger/usgovfilms),mv_senate_proceeding_08-04-10,,DESCARTADO,ano 2010 acima do corte de domínio-público provável (1966) - precisa checagem manual,,https://archive.org/details/mv_senate_proceeding_08-04-10
U.S. Occupation of Korea,,archive.org (prelinger/usgovfilms),gov.archives.li.107-1553,4.3,ADICIONADO,ok (reprocessado após timeout),,https://archive.org/details/gov.archives.li.107-1553
Hollywood and the Stars,,archive.org (prelinger/usgovfilms),gov.archives.arc.651276,24.8,ADICIONADO,ok (reprocessado após timeout),,https://archive.org/details/gov.archives.arc.651276
GERMAN NEWSREEL EXCERPTS,,archive.org (prelinger/usgovfilms),gov.archives.arc.43553,7.1,ADICIONADO,ok (reprocessado após timeout),,https://archive.org/details/gov.archives.arc.43553
SUB-ARCTIC WINTER BIVOUACKING,,archive.org (prelinger/usgovfilms),gov.dod.dimoc.28925,29.2,ADICIONADO,ok (reprocessado após timeout),,https://archive.org/details/gov.dod.dimoc.28925
UNITED STATES ARMY EUROPE,,archive.org (prelinger/usgovfilms),gov.dod.dimoc.30240,,DESCARTADO,ano 1969 acima do corte de domínio-público provável (1966) - precisa checagem manual,,https://archive.org/details/gov.dod.dimoc.30240
REPORT FROM THE ALEUTIANS,2034,archive.org (prelinger/usgovfilms),gov.dod.dimoc.20347,45,ADICIONADO,ok (reprocessado após timeout),,https://archive.org/details/gov.dod.dimoc.20347
Big Picture: The Work Horse of the Western Front,,archive.org (prelinger/usgovfilms),gov.archives.arc.2569481,28.1,ADICIONADO,ok (reprocessado após timeout),,https://archive.org/details/gov.archives.arc.2569481
ALUMINUM,,archive.org (prelinger/usgovfilms),gov.archives.arc.38661,9.8,ADICIONADO,ok (reprocessado após timeout),,https://archive.org/details/gov.archives.arc.38661
Big Picture: The Unique War,,archive.org (prelinger/usgovfilms),gov.archives.arc.2569866,28,ADICIONADO,ok (reprocessado após timeout),,https://archive.org/details/gov.archives.arc.2569866
"ARMY NURSE, THE",,archive.org (prelinger/usgovfilms),gov.dod.dimoc.30261,,DESCARTADO,ano 1970 acima do corte de domínio-público provável (1966) - precisa checagem manual,,https://archive.org/details/gov.dod.dimoc.30261
LIVING OFF THE LAND,2059,archive.org (prelinger/usgovfilms),gov.dod.dimoc.20593,14.3,ADICIONADO,ok (reprocessado após timeout),,https://archive.org/details/gov.dod.dimoc.20593
Nerve Agents,,archive.org (prelinger/usgovfilms),gov.archives.arc.36783,27.1,ADICIONADO,ok (reprocessado após timeout),,https://archive.org/details/gov.archives.arc.36783
Supersonic Thunderbirds,,archive.org (prelinger/usgovfilms),gov.archives.arc.67591,30.8,ADICIONADO,ok (reprocessado após timeout),,https://archive.org/details/gov.archives.arc.67591
Middle East,1910,archive.org (prelinger/usgovfilms),gov.archives.arc.651910,13.4,ADICIONADO,ok (reprocessado após timeout),,https://archive.org/details/gov.archives.arc.651910
"ALLIES WIN SEA, AIR BATTLE IN FIGHT FOR AFRICA [ETC.]",,archive.org (prelinger/usgovfilms),gov.archives.arc.38951,9.6,ADICIONADO,ok (reprocessado após timeout),,https://archive.org/details/gov.archives.arc.38951
The Dream That Wouldn't Down,,archive.org (prelinger/usgovfilms),gov.archives.arc.45003,25.5,ADICIONADO,ok (reprocessado após timeout),,https://archive.org/details/gov.archives.arc.45003
THE WALKER SPY RING - LESSONS LEARNED,,archive.org (prelinger/usgovfilms),gov.dod.dimoc.803482,,DESCARTADO,item sem arquivos no archive.org (identifier inválido ou removido),,https://archive.org/details/gov.dod.dimoc.803482
At the Front in North Africa,,archive.org (prelinger/usgovfilms),gov.archives.arc.649626,41.5,ADICIONADO,ok (reprocessado após timeout),,https://archive.org/details/gov.archives.arc.649626
FDR and Roosevelt Family,,archive.org (prelinger/usgovfilms),gov.fdr.214,17.7,ADICIONADO,ok (reprocessado após timeout),,https://archive.org/details/gov.fdr.214
East Asian,,archive.org (prelinger/usgovfilms),gov.doj.ncj.212664.v2.1,,DESCARTADO,ano 2000 acima do corte de domínio-público provável (1966) - precisa checagem manual,,https://archive.org/details/gov.doj.ncj.212664.v2.1
Big Picture: Why NATO?,,archive.org (prelinger/usgovfilms),gov.archives.arc.2569670,28.6,ADICIONADO,ok (reprocessado após timeout),,https://archive.org/details/gov.archives.arc.2569670
GEORGES BANK RADAR STATION,,archive.org (prelinger/usgovfilms),gov.dod.dimoc.24231,,DESCARTADO,item sem arquivos no archive.org (identifier inválido ou removido),,https://archive.org/details/gov.dod.dimoc.24231
Where the Bankers Bank,,archive.org (prelinger/usgovfilms),gov.frb.stlouis.fr-36-f,,DESCARTADO,ano 1989 acima do corte de domínio-público provável (1966) - precisa checagem manual,,https://archive.org/details/gov.frb.stlouis.fr-36-f
footage from the National Archives.of Vietnam,,archive.org (prelinger/usgovfilms),gov.archives.li.127-r-6323,11.1,ADICIONADO,ok (reprocessado após timeout),,https://archive.org/details/gov.archives.li.127-r-6323
U S ARMY ALASKA,,archive.org (prelinger/usgovfilms),gov.dod.dimoc.30272,,DESCARTADO,ano 1972 acima do corte de domínio-público provável (1966) - precisa checagem manual,,https://archive.org/details/gov.dod.dimoc.30272
Thailand's Role in the Vietnam War,,archive.org (prelinger/usgovfilms),gov.archives.arc.653174,,DESCARTADO,ano 1967 acima do corte de domínio-público provável (1966) - precisa checagem manual,,https://archive.org/details/gov.archives.arc.653174
Hell for Leather,,archive.org (prelinger/usgovfilms),gov.ntis.ava10767vnb1,8.7,ADICIONADO,ok (reprocessado após timeout),,https://archive.org/details/gov.ntis.ava10767vnb1
"HARRY TRUMAN, PRESIDENT OF THE U.S",,archive.org (prelinger/usgovfilms),gov.archives.arc.50066,21.1,ADICIONADO,ok (reprocessado após timeout),,https://archive.org/details/gov.archives.arc.50066
SOVIET ACTIVE MEASURES,,archive.org (prelinger/usgovfilms),gov.archives.arc.54826,,DESCARTADO,ano 1984 acima do corte de domínio-público provável (1966) - precisa checagem manual,,https://archive.org/details/gov.archives.arc.54826
"Explosion and Fire at Formosa Plastics, Illiopolis, Illinois",2007,archive.org (prelinger/usgovfilms),gov.csb.2007.explosion,,DESCARTADO,ano 2007 acima do corte de domínio-público provável (1966) - precisa checagem manual,,https://archive.org/details/gov.csb.2007.explosion
Small Steps...Giant Strides,,archive.org (prelinger/usgovfilms),gov.archives.arc.1162395,,DESCARTADO,ano 1973 acima do corte de domínio-público provável (1966) - precisa checagem manual,,https://archive.org/details/gov.archives.arc.1162395
The Scope of Copyright Protection,2014,archive.org (prelinger/usgovfilms),gov.house.judiciary.20140114,,DESCARTADO,ano 2014 acima do corte de domínio-público provável (1966) - precisa checagem manual,,https://archive.org/details/gov.house.judiciary.20140114
Importance of Roadway Drainage,,archive.org (prelinger/usgovfilms),gov.fhwa.ttp.vh-392,,DESCARTADO,ano 1998 acima do corte de domínio-público provável (1966) - precisa checagem manual,,https://archive.org/details/gov.fhwa.ttp.vh-392
LONGINES CHRONOSCOPE WITH TADEUSZ BOR-KOMOROWSKI,,archive.org (prelinger/usgovfilms),gov.archives.arc.95710,14.6,ADICIONADO,ok (reprocessado após timeout),,https://archive.org/details/gov.archives.arc.95710
AMERICA THE BEAUTIFUL,,archive.org (prelinger/usgovfilms),gov.dod.dimoc.26836,,DESCARTADO,ano 1973 acima do corte de domínio-público provável (1966) - precisa checagem manual,,https://archive.org/details/gov.dod.dimoc.26836
A GERMAN IS TRIED FOR MURDER [ETC.],,archive.org (prelinger/usgovfilms),gov.archives.arc.39086,10,ADICIONADO,ok (reprocessado após timeout),,https://archive.org/details/gov.archives.arc.39086
"Electronic Voting Machines: Verification, Security, and Paper Trails",2006,archive.org (prelinger/usgovfilms),gov.house.cha.2006.09.28,,DESCARTADO,ano 2006 acima do corte de domínio-público provável (1966) - precisa checagem manual,,https://archive.org/details/gov.house.cha.2006.09.28
FAMOUS GENERALS - STILWELL,,archive.org (prelinger/usgovfilms),gov.dod.dimoc.30158,41.8,ADICIONADO,ok (reprocessado após timeout),,https://archive.org/details/gov.dod.dimoc.30158
Heirs of Vladimir Lenin,,archive.org (prelinger/usgovfilms),gov.archives.arc.1662120,,DESCARTADO,ano 1971 acima do corte de domínio-público provável (1966) - precisa checagem manual,,https://archive.org/details/gov.archives.arc.1662120
Four in the Cosmos,1807,archive.org (prelinger/usgovfilms),gov.archives.arc.641807,,DESCARTADO,ano 1969 acima do corte de domínio-público provável (1966) - precisa checagem manual,,https://archive.org/details/gov.archives.arc.641807
SAC - THE GLOBAL SHIELD,,archive.org (prelinger/usgovfilms),gov.dod.dimoc.51341,,DESCARTADO,ano 1980 acima do corte de domínio-público provável (1966) - precisa checagem manual,,https://archive.org/details/gov.dod.dimoc.51341
Extreme Fire Behavior Vortices and Wildland Fire,,archive.org (prelinger/usgovfilms),gov.nwcg.nfes.2999,16.2,ADICIONADO,ok (reprocessado após timeout),,https://archive.org/details/gov.nwcg.nfes.2999
House Proceeding 02-24-10 01,,archive.org (prelinger/usgovfilms),mv_house_proceeding_02-24-10_01,,DESCARTADO,ano 2010 acima do corte de domínio-público provável (1966) - precisa checagem manual,,https://archive.org/details/mv_house_proceeding_02-24-10_01
ELECTRICITY - CURRENT,,archive.org (prelinger/usgovfilms),gov.dod.dimoc.39865,15.4,ADICIONADO,ok (reprocessado após timeout),,https://archive.org/details/gov.dod.dimoc.39865
ADVANCED COMBAT RIFLE,,archive.org (prelinger/usgovfilms),gov.dod.dimoc.709024,,DESCARTADO,ano 1991 acima do corte de domínio-público provável (1966) - precisa checagem manual,,https://archive.org/details/gov.dod.dimoc.709024
Rescuers 09: OCENCO M-20 TO OCENCO EBA 6.5,,archive.org (prelinger/usgovfilms),gov.msha.dvd013.9,,DESCARTADO,ano 2006 acima do corte de domínio-público provável (1966) - precisa checagem manual,,https://archive.org/details/gov.msha.dvd013.9
ALLIED FORCES LAND IN JAPAN,,archive.org (prelinger/usgovfilms),gov.archives.arc.39078,9.3,ADICIONADO,ok (reprocessado após timeout),,https://archive.org/details/gov.archives.arc.39078
Protecting Your Home From Wildfire,,archive.org (prelinger/usgovfilms),gov.nps.rmrs.wildfire,25.7,ADICIONADO,ok (reprocessado após timeout),,https://archive.org/details/gov.nps.rmrs.wildfire
ARMY IN ACTION - EPISODE II - THE THREE FACES OF EVIL,,archive.org (prelinger/usgovfilms),gov.dod.dimoc.30171,28.2,ADICIONADO,ok (reprocessado após timeout),,https://archive.org/details/gov.dod.dimoc.30171
The Big Picture,,archive.org (prelinger/usgovfilms),gov.archives.arc.653856,56.5,ADICIONADO,ok (reprocessado após timeout),,https://archive.org/details/gov.archives.arc.653856
Big Picture: Southern European Task Force,,archive.org (prelinger/usgovfilms),gov.archives.arc.2569646,28.5,ADICIONADO,ok (reprocessado após timeout),,https://archive.org/details/gov.archives.arc.2569646
Terrible Tuesday,,archive.org (prelinger/usgovfilms),gov.archives.arc.61107,23.1,ADICIONADO,ok (reprocessado após timeout),,https://archive.org/details/gov.archives.arc.61107
THE LASER: A LIGHT FANTASTIC,,archive.org (prelinger/usgovfilms),gov.archives.arc.53891,25.1,ADICIONADO,ok (reprocessado após timeout),,https://archive.org/details/gov.archives.arc.53891
Submarine Officer,,archive.org (prelinger/usgovfilms),gov.ntis.ava21384vnb1,,DESCARTADO,ano 1988 acima do corte de domínio-público provável (1966) - precisa checagem manual,,https://archive.org/details/gov.ntis.ava21384vnb1
Principles of Refrigeration,,archive.org (prelinger/usgovfilms),gov.ntis.ava12779vnb1,19.6,ADICIONADO,ok (reprocessado após timeout),,https://archive.org/details/gov.ntis.ava12779vnb1
AIR ASSAULT TACTICS [ETC.],,archive.org (prelinger/usgovfilms),gov.archives.arc.39048,,DESCARTADO,item sem arquivos no archive.org (identifier inválido ou removido),,https://archive.org/details/gov.archives.arc.39048
Firing 155mm Howitzer,,archive.org (prelinger/usgovfilms),gov.archives.arc.17914,,DESCARTADO,item sem arquivos no archive.org (identifier inválido ou removido),,https://archive.org/details/gov.archives.arc.17914
Framing - Floor Joists and Walls,,archive.org (prelinger/usgovfilms),gov.ntis.a06589-vnb1,,DESCARTADO,item sem arquivos no archive.org (identifier inválido ou removido),,https://archive.org/details/gov.ntis.a06589-vnb1
Turbulent Haiti,,archive.org (prelinger/usgovfilms),gov.archives.arc.644637,2.8,ADICIONADO,ok (reprocessado após timeout),,https://archive.org/details/gov.archives.arc.644637
"File and Explosions at Formosa Plastics, Point Comfort, Texas",2006,archive.org (prelinger/usgovfilms),gov.csb.2006.fire,,DESCARTADO,ano 2006 acima do corte de domínio-público provável (1966) - precisa checagem manual,,https://archive.org/details/gov.csb.2006.fire
Financial Investigation - Fundamentals,,archive.org (prelinger/usgovfilms),gov.ntis.ava21336vnb1,,DESCARTADO,ano 2004 acima do corte de domínio-público provável (1966) - precisa checagem manual,,https://archive.org/details/gov.ntis.ava21336vnb1
Aircrew Survival: The Will to Survive,,archive.org (prelinger/usgovfilms),gov.faa.survival.8,16.4,ADICIONADO,ok (reprocessado após timeout),,https://archive.org/details/gov.faa.survival.8
Valley of the Tennessee,,archive.org (prelinger/usgovfilms),gov.fdr.353.3.3,29,ADICIONADO,ok (reprocessado após timeout),,https://archive.org/details/gov.fdr.353.3.3
The Indispensables: KC-135 Air Refueling,,archive.org (prelinger/usgovfilms),gov.archives.arc.64130,23.8,ADICIONADO,ok (reprocessado após timeout),,https://archive.org/details/gov.archives.arc.64130
All the King’s Men: Picking Up the Pieces,,archive.org (prelinger/usgovfilms),gov.uspis.all_the_kings,,DESCARTADO,ano 2006 acima do corte de domínio-público provável (1966) - precisa checagem manual,,https://archive.org/details/gov.uspis.all_the_kings
GERMAN NEWSREEL EXCERPTS,,archive.org (prelinger/usgovfilms),gov.archives.arc.43529,11.2,ADICIONADO,ok (reprocessado após timeout),,https://archive.org/details/gov.archives.arc.43529
Denmark Fights for Freedom,,archive.org (prelinger/usgovfilms),gov.archives.arc.1663466,10.1,ADICIONADO,ok (reprocessado após timeout),,https://archive.org/details/gov.archives.arc.1663466
Vision of the Wild,1889,archive.org (prelinger/usgovfilms),gov.ntis.ava18890vnb1,,DESCARTADO,ano 1990 acima do corte de domínio-público provável (1966) - precisa checagem manual,,https://archive.org/details/gov.ntis.ava18890vnb1
FAMOUS GENERALS - EISENHOWER,,archive.org (prelinger/usgovfilms),gov.dod.dimoc.30152,31.8,ADICIONADO,ok (reprocessado após timeout),,https://archive.org/details/gov.dod.dimoc.30152
Energy - The American Experience,,archive.org (prelinger/usgovfilms),gov.ntis.ava06181vnb1,,DESCARTADO,ano 1994 acima do corte de domínio-público provável (1966) - precisa checagem manual,,https://archive.org/details/gov.ntis.ava06181vnb1
MAN AND SPACE,,archive.org (prelinger/usgovfilms),gov.dod.dimoc.26379,21.6,ADICIONADO,ok (reprocessado após timeout),,https://archive.org/details/gov.dod.dimoc.26379
Underground Electrical Safety,,archive.org (prelinger/usgovfilms),gov.msha.dvd528,,DESCARTADO,ano 2001 acima do corte de domínio-público provável (1966) - precisa checagem manual,,https://archive.org/details/gov.msha.dvd528
Big Picture: This is Aberdeen,,archive.org (prelinger/usgovfilms),gov.archives.arc.2569519,28.4,ADICIONADO,ok (reprocessado após timeout),,https://archive.org/details/gov.archives.arc.2569519
PRE-MILITARY INSTRUCTION OF HITLER YOUTH,,archive.org (prelinger/usgovfilms),gov.archives.arc.43680,,DESCARTADO,item sem arquivos no archive.org (identifier inválido ou removido),,https://archive.org/details/gov.archives.arc.43680
Big Picture: OCS Fort Sill,,archive.org (prelinger/usgovfilms),gov.archives.arc.2569759,28.7,ADICIONADO,ok (reprocessado após timeout),,https://archive.org/details/gov.archives.arc.2569759
Infant Care and Feeding,,archive.org (prelinger/usgovfilms),gov.ntis.ava04519vnb1,8.8,ADICIONADO,ok (reprocessado após timeout),,https://archive.org/details/gov.ntis.ava04519vnb1
"Welcome to RAF Lakenheath, U.K.",2085,archive.org (prelinger/usgovfilms),gov.ntis.ava20853vnb1,,DESCARTADO,item sem arquivos no archive.org (identifier inválido ou removido),,https://archive.org/details/gov.ntis.ava20853vnb1
Pakistan,,archive.org (prelinger/usgovfilms),gov.archives.arc.1670069,,DESCARTADO,item sem arquivos no archive.org (identifier inválido ou removido),,https://archive.org/details/gov.archives.arc.1670069
Radio Free Europe,1956,archive.org (prelinger/usgovfilms),gov.archives.arc.1956144,29.3,ADICIONADO,ok (reprocessado após timeout),,https://archive.org/details/gov.archives.arc.1956144
AMERICAN ARMY WOMEN SERVING ON ALL FRONTS [ETC.],,archive.org (prelinger/usgovfilms),gov.archives.arc.39012,9.3,ADICIONADO,ok (reprocessado após timeout),,https://archive.org/details/gov.archives.arc.39012
"Too Much, Too Little",,archive.org (prelinger/usgovfilms),gov.frb.ny.toomuch,,DESCARTADO,ano 1985 acima do corte de domínio-público provável (1966) - precisa checagem manual,,https://archive.org/details/gov.frb.ny.toomuch
PRESIDENT RICHARD M NIXON; ETC,,archive.org (prelinger/usgovfilms),gov.archives.arc.34628,,DESCARTADO,ano 1972 acima do corte de domínio-público provável (1966) - precisa checagem manual,,https://archive.org/details/gov.archives.arc.34628
Wildfire!,,archive.org (prelinger/usgovfilms),gov.archives.arc.13534,,DESCARTADO,ano 1971 acima do corte de domínio-público provável (1966) - precisa checagem manual,,https://archive.org/details/gov.archives.arc.13534
Agroforestry Practices - Silvopasture,,archive.org (prelinger/usgovfilms),org.centerforagroforestry.practices.3,,DESCARTADO,ano 2004 acima do corte de domínio-público provável (1966) - precisa checagem manual,,https://archive.org/details/org.centerforagroforestry.practices.3
Senate Proceeding 12-21-09,,archive.org (prelinger/usgovfilms),mv_senate_proceeding_12-21-09,,DESCARTADO,ano 2009 acima do corte de domínio-público provável (1966) - precisa checagem manual,,https://archive.org/details/mv_senate_proceeding_12-21-09
LATEST WAR FILMS FROM U.S. FORCES IN SOUTH PACIFIC [ETC.],,archive.org (prelinger/usgovfilms),gov.archives.arc.38969,9.4,ADICIONADO,ok (reprocessado após timeout),,https://archive.org/details/gov.archives.arc.38969
Big Picture: DEW Line,,archive.org (prelinger/usgovfilms),gov.archives.arc.2569628,27.2,ADICIONADO,ok (reprocessado após timeout),,https://archive.org/details/gov.archives.arc.2569628
JOHN GLENN STORY,1908,archive.org (prelinger/usgovfilms),gov.archives.arc.51908,,DESCARTADO,item sem arquivos no archive.org (identifier inválido ou removido),,https://archive.org/details/gov.archives.arc.51908
Day with the Federal Bureau of Investigation (FBI),2022,archive.org (prelinger/usgovfilms),gov.archives.arc.2022383,18.9,ADICIONADO,ok (reprocessado após timeout),,https://archive.org/details/gov.archives.arc.2022383
Seconds to Live. Underwater Egress Training,2041,archive.org (prelinger/usgovfilms),gov.ntis.ava20413vnb1,,DESCARTADO,ano 1988 acima do corte de domínio-público provável (1966) - precisa checagem manual,,https://archive.org/details/gov.ntis.ava20413vnb1
BEFORE THE MOUNTAIN WAS MOVED,,archive.org (prelinger/usgovfilms),gov.archives.arc.53856,,DESCARTADO,ano 1969 acima do corte de domínio-público provável (1966) - precisa checagem manual,,https://archive.org/details/gov.archives.arc.53856
MID-CENTURY: HALF WAY TO WHERE?,,archive.org (prelinger/usgovfilms),gov.archives.arc.97686,17.6,ADICIONADO,ok (reprocessado após timeout),,https://archive.org/details/gov.archives.arc.97686
HYDRAULIC STEERING - PRINCIPLES OF OPERATION,,archive.org (prelinger/usgovfilms),gov.dod.dimoc.29889,16.5,ADICIONADO,ok (reprocessado após timeout),,https://archive.org/details/gov.dod.dimoc.29889
AIRLIFT ... WORKING FOR HUMANITY,,archive.org (prelinger/usgovfilms),gov.dod.dimoc.38355,,DESCARTADO,ano 1979 acima do corte de domínio-público provável (1966) - precisa checagem manual,,https://archive.org/details/gov.dod.dimoc.38355
"COMBAT ACTIVITIES OF THE 1/501 BDE, 101ST ABN DIV (FIRE DROP); ETC",,archive.org (prelinger/usgovfilms),gov.archives.arc.34383,,DESCARTADO,ano 1971 acima do corte de domínio-público provável (1966) - precisa checagem manual,,https://archive.org/details/gov.archives.arc.34383
FRANKLIN DELANO ROOSEVELT,,archive.org (prelinger/usgovfilms),gov.archives.arc.39057,,DESCARTADO,item sem arquivos no archive.org (identifier inválido ou removido),,https://archive.org/details/gov.archives.arc.39057
Orientation Seminar for Federal Judicial Law Clerks,,archive.org (prelinger/usgovfilms),gov.ntis.ava21063vnb1,,DESCARTADO,ano 2000 acima do corte de domínio-público provável (1966) - precisa checagem manual,,https://archive.org/details/gov.ntis.ava21063vnb1
Japan Today,,archive.org (prelinger/usgovfilms),gov.archives.arc.1692903,40,ADICIONADO,ok (reprocessado após timeout),,https://archive.org/details/gov.archives.arc.1692903
HIGH FLIGHT,,archive.org (prelinger/usgovfilms),gov.dod.dimoc.26749,,DESCARTADO,item sem arquivos no archive.org (identifier inválido ou removido),,https://archive.org/details/gov.dod.dimoc.26749
LONGINES CHRONOSCOPE WITH FELIX MORLEY,,archive.org (prelinger/usgovfilms),gov.archives.arc.95728,14.6,ADICIONADO,ok (reprocessado após timeout),,https://archive.org/details/gov.archives.arc.95728
Road to the Wall,,archive.org (prelinger/usgovfilms),gov.ntis.ava07848vnb1,33.2,ADICIONADO,ok (reprocessado após timeout),,https://archive.org/details/gov.ntis.ava07848vnb1
Hypothermia,,archive.org (prelinger/usgovfilms),gov.ntis.ava11657vnb1,,DESCARTADO,ano 1986 acima do corte de domínio-público provável (1966) - precisa checagem manual,,https://archive.org/details/gov.ntis.ava11657vnb1
D-DAY ANNIVERSARY,,archive.org (prelinger/usgovfilms),gov.dod.dimoc.30241,,DESCARTADO,ano 1969 acima do corte de domínio-público provável (1966) - precisa checagem manual,,https://archive.org/details/gov.dod.dimoc.30241
Big Picture: The 29th Division,,archive.org (prelinger/usgovfilms),gov.archives.arc.2569492,28.1,ADICIONADO,ok (reprocessado após timeout),,https://archive.org/details/gov.archives.arc.2569492
Political Interference with Climate Science,2007,archive.org (prelinger/usgovfilms),gov.house.oversight.2007.03.19,,DESCARTADO,ano 2007 acima do corte de domínio-público provável (1966) - precisa checagem manual,,https://archive.org/details/gov.house.oversight.2007.03.19
NIGHT ENGAGEMENT OF EMPRESS AUGUST BAY,,archive.org (prelinger/usgovfilms),gov.archives.arc.12971,44.8,ADICIONADO,ok (reprocessado após timeout),,https://archive.org/details/gov.archives.arc.12971
House Proceeding 03-16-10 01,,archive.org (prelinger/usgovfilms),mv_house_proceeding_03-16-10_01,,DESCARTADO,ano 2010 acima do corte de domínio-público provável (1966) - precisa checagem manual,,https://archive.org/details/mv_house_proceeding_03-16-10_01
Don't Talk,,archive.org (prelinger/usgovfilms),gov.archives.arc.4672291,,DESCARTADO,item sem arquivos no archive.org (identifier inválido ou removido),,https://archive.org/details/gov.archives.arc.4672291
101ST ABN DIVISION RETURNS TO A SHAU VALLEY,,archive.org (prelinger/usgovfilms),gov.archives.arc.34215,,DESCARTADO,ano 1970 acima do corte de domínio-público provável (1966) - precisa checagem manual,,https://archive.org/details/gov.archives.arc.34215
PLATOON LEADER,,archive.org (prelinger/usgovfilms),gov.dod.dimoc.30217,28.6,ADICIONADO,ok (reprocessado após timeout),,https://archive.org/details/gov.dod.dimoc.30217
Voices of Victims: Constitutional Amendment: Balancing the Scales,,archive.org (prelinger/usgovfilms),gov.doj.ncj.213808,,DESCARTADO,ano 2006 acima do corte de domínio-público provável (1966) - precisa checagem manual,,https://archive.org/details/gov.doj.ncj.213808
Man and Space,,archive.org (prelinger/usgovfilms),gov.archives.arc.657297,21.7,ADICIONADO,ok (reprocessado após timeout),,https://archive.org/details/gov.archives.arc.657297
Big Picture: Operation Gyroscope,,archive.org (prelinger/usgovfilms),gov.archives.arc.2569586,28,ADICIONADO,ok (reprocessado após timeout),,https://archive.org/details/gov.archives.arc.2569586
Big Picture: Army Language School,,archive.org (prelinger/usgovfilms),gov.archives.arc.2569470,28,ADICIONADO,ok (reprocessado após timeout),,https://archive.org/details/gov.archives.arc.2569470
Big Picture: New German Army,,archive.org (prelinger/usgovfilms),gov.archives.arc.2569609,28.2,ADICIONADO,ok (reprocessado após timeout),,https://archive.org/details/gov.archives.arc.2569609
Basic Medical Pathology: Morphological Expressions of Cell Injury,1967,archive.org (prelinger/usgovfilms),gov.ntis.ava19672vnb1,,DESCARTADO,ano 1994 acima do corte de domínio-público provável (1966) - precisa checagem manual,,https://archive.org/details/gov.ntis.ava19672vnb1
LONGINES CHRONOSCOPE WITH ROBERT MOSES,,archive.org (prelinger/usgovfilms),gov.archives.arc.95822,14.6,ADICIONADO,ok (reprocessado após timeout),,https://archive.org/details/gov.archives.arc.95822
"The Roswell Mystery, v. 15",,archive.org (prelinger/usgovfilms),gov.archives.341-roswell-6,66.5,ADICIONADO,ok (reprocessado após timeout),,https://archive.org/details/gov.archives.341-roswell-6
Stroke Scale Certification - Group A - Patient 3,,archive.org (prelinger/usgovfilms),gov.hhs.ninds.stroke.2.3,,DESCARTADO,item sem arquivos no archive.org (identifier inválido ou removido),,https://archive.org/details/gov.hhs.ninds.stroke.2.3
Country Style USA Recruitment: Episode 8,,archive.org (prelinger/usgovfilms),gov.archives.arc.593149.8,14.6,ADICIONADO,ok (reprocessado após timeout),,https://archive.org/details/gov.archives.arc.593149.8
December 7th (Long Version),,archive.org (prelinger/usgovfilms),gov.archives.arc.40099.bl,75.1,ADICIONADO,ok (reprocessado após timeout),,https://archive.org/details/gov.archives.arc.40099.bl
Hungarian Revolution Aftermath,,archive.org (prelinger/usgovfilms),gov.archives.arc.1683326,62,ADICIONADO,ok (reprocessado após timeout),,https://archive.org/details/gov.archives.arc.1683326
You Are My Sunshine,2002,archive.org (prelinger/usgovfilms),gov.niosh.2002-132d,,DESCARTADO,ano 2002 acima do corte de domínio-público provável (1966) - precisa checagem manual,,https://archive.org/details/gov.niosh.2002-132d
Welcome to the BOP! Staff Training Academy!,1965,archive.org (prelinger/usgovfilms),gov.ntis.AVA19658,,DESCARTADO,ano 1997 acima do corte de domínio-público provável (1966) - precisa checagem manual,,https://archive.org/details/gov.ntis.AVA19658
Movies at War,,archive.org (prelinger/usgovfilms),gov.archives.li.111-mf-1028,10.8,ADICIONADO,ok (reprocessado após timeout),,https://archive.org/details/gov.archives.li.111-mf-1028
FIREPOWER FOR FREEDOM,,archive.org (prelinger/usgovfilms),gov.dod.dimoc.30193,28.6,ADICIONADO,ok (reprocessado após timeout),,https://archive.org/details/gov.dod.dimoc.30193
HOME FROM THE SEA,,archive.org (prelinger/usgovfilms),gov.dod.dimoc.25432,,DESCARTADO,ano 1970 acima do corte de domínio-público provável (1966) - precisa checagem manual,,https://archive.org/details/gov.dod.dimoc.25432
A Science of Miracles,,archive.org (prelinger/usgovfilms),gov.hhs.hrsa.hrs00456.2.1,,DESCARTADO,ano 2009 acima do corte de domínio-público provável (1966) - precisa checagem manual,,https://archive.org/details/gov.hhs.hrsa.hrs00456.2.1
"STRENGTH OF SAC, THE",,archive.org (prelinger/usgovfilms),gov.dod.dimoc.26474,27.9,ADICIONADO,ok (reprocessado após timeout),,https://archive.org/details/gov.dod.dimoc.26474
Big Picture: Drill Sergeant,,archive.org (prelinger/usgovfilms),gov.archives.arc.2569851,,DESCARTADO,item sem arquivos no archive.org (identifier inválido ou removido),,https://archive.org/details/gov.archives.arc.2569851
KNOW YOUR CLOUDS,,archive.org (prelinger/usgovfilms),gov.dod.dimoc.29265,,DESCARTADO,ano 1967 acima do corte de domínio-público provável (1966) - precisa checagem manual,,https://archive.org/details/gov.dod.dimoc.29265
"U.S. PLANS TESTS OF ATOM BOMB ON PACIFIC ATOLL, ETC",,archive.org (prelinger/usgovfilms),gov.archives.arc.39116,9.9,ADICIONADO,ok (reprocessado após timeout),,https://archive.org/details/gov.archives.arc.39116
Carpet Bombing of Hanoi,,archive.org (prelinger/usgovfilms),gov.archives.arc.644905,,DESCARTADO,ano 1972 acima do corte de domínio-público provável (1966) - precisa checagem manual,,https://archive.org/details/gov.archives.arc.644905
Senate Proceeding 03-10-10,,archive.org (prelinger/usgovfilms),mv_senate_proceeding_03-10-10,,DESCARTADO,ano 2010 acima do corte de domínio-público provável (1966) - precisa checagem manual,,https://archive.org/details/mv_senate_proceeding_03-10-10
After the Storm,,archive.org (prelinger/usgovfilms),gov.epa.841-c-06-001,,DESCARTADO,item sem arquivos no archive.org (identifier inválido ou removido),,https://archive.org/details/gov.epa.841-c-06-001
Birds of the Bosque,,archive.org (prelinger/usgovfilms),edu.nmsu.birds,,DESCARTADO,item sem arquivos no archive.org (identifier inválido ou removido),,https://archive.org/details/edu.nmsu.birds
Canning Fish in Cans,,archive.org (prelinger/usgovfilms),edu.alaska.fnh-01282.2,,DESCARTADO,ano 2009 acima do corte de domínio-público provável (1966) - precisa checagem manual,,https://archive.org/details/edu.alaska.fnh-01282.2
Introduction to Firearms,1892,archive.org (prelinger/usgovfilms),gov.ntis.ava18922vnb1,,DESCARTADO,ano 1994 acima do corte de domínio-público provável (1966) - precisa checagem manual,,https://archive.org/details/gov.ntis.ava18922vnb1
Unrest in Iran,,archive.org (prelinger/usgovfilms),gov.archives.arc.647011,2.4,ADICIONADO,ok (reprocessado após timeout),,https://archive.org/details/gov.archives.arc.647011
BRAZIL AT WAR WITH THE NAZIS [ETC.],,archive.org (prelinger/usgovfilms),gov.archives.arc.38918,9.6,ADICIONADO,ok (reprocessado após timeout),,https://archive.org/details/gov.archives.arc.38918
PHYSICAL FITNESS - U.S. ARMY,,archive.org (prelinger/usgovfilms),gov.archives.arc.36837,29.2,ADICIONADO,ok (reprocessado após timeout),,https://archive.org/details/gov.archives.arc.36837
Big Picture: Flying Soldiers,,archive.org (prelinger/usgovfilms),gov.archives.arc.2569691,28.9,ADICIONADO,ok (reprocessado após timeout),,https://archive.org/details/gov.archives.arc.2569691
ANIMALS IN ROCKET FLIGHT,,archive.org (prelinger/usgovfilms),gov.dod.dimoc.26170,14.5,ADICIONADO,ok (reprocessado após timeout),,https://archive.org/details/gov.dod.dimoc.26170
Fighting Men: Kill or Be Killed,,archive.org (prelinger/usgovfilms),gov.archives.arc.4713682,9.5,ADICIONADO,ok (reprocessado após timeout),,https://archive.org/details/gov.archives.arc.4713682
President John Kennedy's Press Conference on South Vietnam,,archive.org (prelinger/usgovfilms),gov.archives.arc.1697857,4.5,ADICIONADO,ok (reprocessado após timeout),,https://archive.org/details/gov.archives.arc.1697857
Oil Rich Libya,,archive.org (prelinger/usgovfilms),gov.archives.arc.1663432,,DESCARTADO,ano 1972 acima do corte de domínio-público provável (1966) - precisa checagem manual,,https://archive.org/details/gov.archives.arc.1663432
Hostage Report,,archive.org (prelinger/usgovfilms),gov.archives.arc.4524406,,DESCARTADO,ano 1981 acima do corte de domínio-público provável (1966) - precisa checagem manual,,https://archive.org/details/gov.archives.arc.4524406
Big Picture: The Army's 82nd Airborne,,archive.org (prelinger/usgovfilms),gov.archives.arc.2569475,27.9,ADICIONADO,ok (reprocessado após timeout),,https://archive.org/details/gov.archives.arc.2569475
The News Media's Coverage of Crime and Victimization,,archive.org (prelinger/usgovfilms),gov.doj.ncj.178239,,DESCARTADO,ano 1999 acima do corte de domínio-público provável (1966) - precisa checagem manual,,https://archive.org/details/gov.doj.ncj.178239
U.S. AUTOMOBILE INDUSTRY SHOWS LATEST INVENTIONS [ETC.],,archive.org (prelinger/usgovfilms),gov.archives.arc.39098,9.8,ADICIONADO,ok (reprocessado após timeout),,https://archive.org/details/gov.archives.arc.39098
COMBAT EXHAUSTION,,archive.org (prelinger/usgovfilms),gov.archives.arc.35906,50.3,ADICIONADO,ok (reprocessado após timeout),,https://archive.org/details/gov.archives.arc.35906
Senate Proceeding 08-05-10,,archive.org (prelinger/usgovfilms),mv_senate_proceeding_08-05-10,,DESCARTADO,ano 2010 acima do corte de domínio-público provável (1966) - precisa checagem manual,,https://archive.org/details/mv_senate_proceeding_08-05-10
How to Fly the P-47: High Altitude Flight and Aerobatics,,archive.org (prelinger/usgovfilms),gov.archives.arc.2772,21.2,ADICIONADO,ok (reprocessado após timeout),,https://archive.org/details/gov.archives.arc.2772
Identity Crisis: Protect Your Identity,,archive.org (prelinger/usgovfilms),gov.uspis.identity_crisis,,DESCARTADO,item sem arquivos no archive.org (identifier inválido ou removido),,https://archive.org/details/gov.uspis.identity_crisis
NATIVE SONGS,,archive.org (prelinger/usgovfilms),gov.archives.arc.44142,35.4,ADICIONADO,ok (reprocessado após timeout),,https://archive.org/details/gov.archives.arc.44142
ELECTRICITY - FILTERS,,archive.org (prelinger/usgovfilms),gov.dod.dimoc.39948,32.1,ADICIONADO,ok (reprocessado após timeout),,https://archive.org/details/gov.dod.dimoc.39948
NAVY LAUNCHES WORLD'S MIGHTIEST BATTLESHIP [ETC.],,archive.org (prelinger/usgovfilms),gov.archives.arc.38995,8.8,ADICIONADO,ok (reprocessado após timeout),,https://archive.org/details/gov.archives.arc.38995
Work Pays America,,archive.org (prelinger/usgovfilms),gov.fdr.353.3.1,35.5,ADICIONADO,ok (reprocessado após timeout),,https://archive.org/details/gov.fdr.353.3.1
Agroforestry Practices - Riparian Forest Buffers,,archive.org (prelinger/usgovfilms),org.centerforagroforestry.practices.2,,DESCARTADO,ano 2004 acima do corte de domínio-público provável (1966) - precisa checagem manual,,https://archive.org/details/org.centerforagroforestry.practices.2
That Justice Be Done,,archive.org (prelinger/usgovfilms),gov.archives.arc.40152,11.1,ADICIONADO,ok (reprocessado após timeout),,https://archive.org/details/gov.archives.arc.40152
Big Picture: Olympics,,archive.org (prelinger/usgovfilms),gov.archives.arc.2569520,28.6,ADICIONADO,ok (reprocessado após timeout),,https://archive.org/details/gov.archives.arc.2569520
"WAR PICTORIAL NEWS, NO. 218 [July 9]",,archive.org (prelinger/usgovfilms),gov.archives.arc.39219,10.5,ADICIONADO,ok (reprocessado após timeout),,https://archive.org/details/gov.archives.arc.39219
FBI HOSTAGE RESCUE TEAM,,archive.org (prelinger/usgovfilms),gov.archives.arc.12175,,DESCARTADO,item sem arquivos no archive.org (identifier inválido ou removido),,https://archive.org/details/gov.archives.arc.12175
Is it worth your life? Workplace violence prevention,,archive.org (prelinger/usgovfilms),gov.dol.osha.vt01262a,,DESCARTADO,item sem arquivos no archive.org (identifier inválido ou removido),,https://archive.org/details/gov.dol.osha.vt01262a
"BORDER WATCHERS, THE",,archive.org (prelinger/usgovfilms),gov.dod.dimoc.30267,,DESCARTADO,item sem arquivos no archive.org (identifier inválido ou removido),,https://archive.org/details/gov.dod.dimoc.30267
A PICTORIAL HISTORY OF THE U.S. CAVALRY,,archive.org (prelinger/usgovfilms),gov.dod.dimoc.30180,,DESCARTADO,item sem arquivos no archive.org (identifier inválido ou removido),,https://archive.org/details/gov.dod.dimoc.30180
ESKIMO HUNTERS IN NORTH WESTERN ALASKA,,archive.org (prelinger/usgovfilms),gov.archives.arc.48064,20.7,ADICIONADO,ok (reprocessado após timeout),,https://archive.org/details/gov.archives.arc.48064
Counter-Intelligence Special Operations,,archive.org (prelinger/usgovfilms),gov.archives.arc.649186,,DESCARTADO,ano 1969 acima do corte de domínio-público provável (1966) - precisa checagem manual,,https://archive.org/details/gov.archives.arc.649186
Big Picture: Operation Readiness,,archive.org (prelinger/usgovfilms),gov.archives.arc.2569772,28.5,ADICIONADO,ok (reprocessado após timeout),,https://archive.org/details/gov.archives.arc.2569772
BATTLE FOR PARIS,,archive.org (prelinger/usgovfilms),gov.archives.arc.39135,,DESCARTADO,item sem arquivos no archive.org (identifier inválido ou removido),,https://archive.org/details/gov.archives.arc.39135
Cumberland Gap,,archive.org (prelinger/usgovfilms),gov.ntis.ava15022vnb1,,DESCARTADO,ano 1986 acima do corte de domínio-público provável (1966) - precisa checagem manual,,https://archive.org/details/gov.ntis.ava15022vnb1
Fire at Malibu,,archive.org (prelinger/usgovfilms),gov.archives.arc.13369,15.6,ADICIONADO,ok (reprocessado após timeout),,https://archive.org/details/gov.archives.arc.13369
STAFF FILM REPORT 66-8A,,archive.org (prelinger/usgovfilms),gov.dod.dimoc.27012,9.8,ADICIONADO,ok (reprocessado após timeout),,https://archive.org/details/gov.dod.dimoc.27012
Protecting Workers: How OSHA Conducts Inspections,,archive.org (prelinger/usgovfilms),gov.dol.osha.vt01258d,,DESCARTADO,ano 1994 acima do corte de domínio-público provável (1966) - precisa checagem manual,,https://archive.org/details/gov.dol.osha.vt01258d
Oklahoma Oasis,,archive.org (prelinger/usgovfilms),gov.ntis.ava02633vnb1,,DESCARTADO,item sem arquivos no archive.org (identifier inválido ou removido),,https://archive.org/details/gov.ntis.ava02633vnb1
Echo News Reel Number 88,,archive.org (prelinger/usgovfilms),gov.archives.arc.650286,,DESCARTADO,ano 1971 acima do corte de domínio-público provável (1966) - precisa checagem manual,,https://archive.org/details/gov.archives.arc.650286
COMBAT BULLETIN NO. 4,2030,archive.org (prelinger/usgovfilms),gov.dod.dimoc.20302,18.6,ADICIONADO,ok (reprocessado após timeout),,https://archive.org/details/gov.dod.dimoc.20302
THE AMERICAN INDIAN: GOVERNMENT EDUCATION,,archive.org (prelinger/usgovfilms),gov.archives.arc.94814,11,ADICIONADO,ok (reprocessado após timeout),,https://archive.org/details/gov.archives.arc.94814
Roy Wilkins: The Right to Dignity,,archive.org (prelinger/usgovfilms),gov.archives.arc.2546045,20.3,ADICIONADO,ok (reprocessado após timeout),,https://archive.org/details/gov.archives.arc.2546045
"The White House, Past And Present",,archive.org (prelinger/usgovfilms),WhiteHousePastAndPresent,13.1,ADICIONADO,ok (reprocessado após timeout),,https://archive.org/details/WhiteHousePastAndPresent
Young Man's Fancy (1952),,archive.org (prelinger/usgovfilms),youtube-4uMLVRWwEg8,,DESCARTADO,ano 2010 acima do corte de domínio-público provável (1966) - precisa checagem manual,,https://archive.org/details/youtube-4uMLVRWwEg8
LSD-25 (1967),,archive.org (prelinger/usgovfilms),youtube-08hslQDbM4s,,DESCARTADO,ano 2011 acima do corte de domínio-público provável (1966) - precisa checagem manual,,https://archive.org/details/youtube-08hslQDbM4s
Life in a Medieval Town,2026,archive.org (prelinger/usgovfilms),lifeinamedievaltown_202603,15.4,ADICIONADO,ok (reprocessado após timeout),,https://archive.org/details/lifeinamedievaltown_202603
Developing Self-Reliance (1951),,archive.org (prelinger/usgovfilms),youtube-v9iflUfYRTc,,DESCARTADO,ano 2010 acima do corte de domínio-público provável (1966) - precisa checagem manual,,https://archive.org/details/youtube-v9iflUfYRTc
Once Upon A Honeymoon (1956),,archive.org (prelinger/usgovfilms),youtube-OOd-ZhoWcc8,,DESCARTADO,item sem arquivos no archive.org (identifier inválido ou removido),,https://archive.org/details/youtube-OOd-ZhoWcc8
Let's Play Fair (1949),,archive.org (prelinger/usgovfilms),youtube-JsDLOUO2L70,,DESCARTADO,ano 2010 acima do corte de domínio-público provável (1966) - precisa checagem manual,,https://archive.org/details/youtube-JsDLOUO2L70
Tomorrow Always Comes (1941),,archive.org (prelinger/usgovfilms),youtube-dDsuLV1WK54,,DESCARTADO,ano 2012 acima do corte de domínio-público provável (1966) - precisa checagem manual,,https://archive.org/details/youtube-dDsuLV1WK54
How Do You Know It's Love? (1950),,archive.org (prelinger/usgovfilms),youtube-UxYvICy29Pg,,DESCARTADO,item sem arquivos no archive.org (identifier inválido ou removido),,https://archive.org/details/youtube-UxYvICy29Pg
Are You Popular? (1947),,archive.org (prelinger/usgovfilms),youtube-JDzNiVsKWIs,,DESCARTADO,ano 2010 acima do corte de domínio-público provável (1966) - precisa checagem manual,,https://archive.org/details/youtube-JDzNiVsKWIs
Dating: Do's And Dont's (1949),,archive.org (prelinger/usgovfilms),youtube-FxBOSdl-b54,,DESCARTADO,ano 2010 acima do corte de domínio-público provável (1966) - precisa checagem manual,,https://archive.org/details/youtube-FxBOSdl-b54
Marijuana (1968),,archive.org (prelinger/usgovfilms),youtube-guaVa_30t9k,,DESCARTADO,ano 2011 acima do corte de domínio-público provável (1966) - precisa checagem manual,,https://archive.org/details/youtube-guaVa_30t9k
Good Table Manners (1951),,archive.org (prelinger/usgovfilms),youtube-wA5y3wEJ7pA,,DESCARTADO,item sem arquivos no archive.org (identifier inválido ou removido),,https://archive.org/details/youtube-wA5y3wEJ7pA
Photography (1946),,archive.org (prelinger/usgovfilms),youtube-QIHUQfi2CSY,,DESCARTADO,ano 2010 acima do corte de domínio-público provável (1966) - precisa checagem manual,,https://archive.org/details/youtube-QIHUQfi2CSY
Shy Guy (1947),,archive.org (prelinger/usgovfilms),youtube-pf1h89f5KeM,,DESCARTADO,item sem arquivos no archive.org (identifier inválido ou removido),,https://archive.org/details/youtube-pf1h89f5KeM
Your Thrift Habits (1948),,archive.org (prelinger/usgovfilms),youtube-0-i88comO9w,,DESCARTADO,ano 2010 acima do corte de domínio-público provável (1966) - precisa checagem manual,,https://archive.org/details/youtube-0-i88comO9w
Eisenhower Campaign (1952),,archive.org (prelinger/usgovfilms),youtube-nDBYuAxyT4E,,DESCARTADO,ano 2010 acima do corte de domínio-público provável (1966) - precisa checagem manual,,https://archive.org/details/youtube-nDBYuAxyT4E
Control Your Emotions (1950),,archive.org (prelinger/usgovfilms),youtube-0b85QNfmeco,,DESCARTADO,item sem arquivos no archive.org (identifier inválido ou removido),,https://archive.org/details/youtube-0b85QNfmeco
Good Eating Habits (1951),,archive.org (prelinger/usgovfilms),youtube-JR6u9YFRBOo,,DESCARTADO,ano 2010 acima do corte de domínio-público provável (1966) - precisa checagem manual,,https://archive.org/details/youtube-JR6u9YFRBOo
Learn To Argue Effectively (1951),,archive.org (prelinger/usgovfilms),youtube-OADGiB79IRo,,DESCARTADO,ano 2017 acima do corte de domínio-público provável (1966) - precisa checagem manual,,https://archive.org/details/youtube-OADGiB79IRo
National Drinking Game PSA,,archive.org (prelinger/usgovfilms),youtube-wbLCyAMTVhE,,DESCARTADO,ano 2010 acima do corte de domínio-público provável (1966) - precisa checagem manual,,https://archive.org/details/youtube-wbLCyAMTVhE
How Much Affection? (1957),,archive.org (prelinger/usgovfilms),youtube-97H6H3zIekc,,DESCARTADO,ano 2010 acima do corte de domínio-público provável (1966) - precisa checagem manual,,https://archive.org/details/youtube-97H6H3zIekc
Going Steady? (1951),,archive.org (prelinger/usgovfilms),youtube-RAKSX7oHBVE,,DESCARTADO,ano 2010 acima do corte de domínio-público provável (1966) - precisa checagem manual,,https://archive.org/details/youtube-RAKSX7oHBVE
Snap Out of It! (Emotional Balance) (1951),,archive.org (prelinger/usgovfilms),youtube-rJlBa2sqRV8,,DESCARTADO,ano 2012 acima do corte de domínio-público provável (1966) - precisa checagem manual,,https://archive.org/details/youtube-rJlBa2sqRV8
Capitalism (1948),,archive.org (prelinger/usgovfilms),youtube--bXrZYJ_2XU,,DESCARTADO,ano 2010 acima do corte de domínio-público provável (1966) - precisa checagem manual,,https://archive.org/details/youtube--bXrZYJ_2XU
Act Your Age (1949),,archive.org (prelinger/usgovfilms),youtube-M7dSCbAQR5k,,DESCARTADO,ano 2010 acima do corte de domínio-público provável (1966) - precisa checagem manual,,https://archive.org/details/youtube-M7dSCbAQR5k
How to Be Well Groomed (1949),,archive.org (prelinger/usgovfilms),youtube-NjduGaMZvR4,,DESCARTADO,ano 2010 acima do corte de domínio-público provável (1966) - precisa checagem manual,,https://archive.org/details/youtube-NjduGaMZvR4
Mind Your Manners (1953),,archive.org (prelinger/usgovfilms),youtube-5PrVFlPV9tM,,DESCARTADO,ano 2010 acima do corte de domínio-público provável (1966) - precisa checagem manual,,https://archive.org/details/youtube-5PrVFlPV9tM
Family Life (1949),,archive.org (prelinger/usgovfilms),youtube-ywP5FA_Agc0,,DESCARTADO,ano 2010 acima do corte de domínio-público provável (1966) - precisa checagem manual,,https://archive.org/details/youtube-ywP5FA_Agc0
Selling As A Career (1953),,archive.org (prelinger/usgovfilms),youtube-UZVs_2Lswfg,,DESCARTADO,ano 2010 acima do corte de domínio-público provável (1966) - precisa checagem manual,,https://archive.org/details/youtube-UZVs_2Lswfg
Are You Popular,,archive.org (prelinger/usgovfilms),ru-popular-restored-final,,DESCARTADO,item sem arquivos no archive.org (identifier inválido ou removido),,https://archive.org/details/ru-popular-restored-final
Self-Conscious Guy (1951),,archive.org (prelinger/usgovfilms),youtube-J0LiWIypZM4,,DESCARTADO,item sem arquivos no archive.org (identifier inválido ou removido),,https://archive.org/details/youtube-J0LiWIypZM4
Exercise And Health (1949),,archive.org (prelinger/usgovfilms),youtube-OXr1H3FvNus,,DESCARTADO,item sem arquivos no archive.org (identifier inválido ou removido),,https://archive.org/details/youtube-OXr1H3FvNus
Rest and Health (1949),,archive.org (prelinger/usgovfilms),youtube-hW0Zww2qKdk,,DESCARTADO,item sem arquivos no archive.org (identifier inválido ou removido),,https://archive.org/details/youtube-hW0Zww2qKdk
How Honest Are You? (1950),,archive.org (prelinger/usgovfilms),youtube-xAhOvZrRPT0,,DESCARTADO,ano 2010 acima do corte de domínio-público provável (1966) - precisa checagem manual,,https://archive.org/details/youtube-xAhOvZrRPT0
I Want To Be A Secretary (1941),,archive.org (prelinger/usgovfilms),youtube-MjTVLO2aNk0,,DESCARTADO,item sem arquivos no archive.org (identifier inválido ou removido),,https://archive.org/details/youtube-MjTVLO2aNk0
Marriage Is a Partnership (1951),,archive.org (prelinger/usgovfilms),youtube-Ykwi_qoZ_Fo,,DESCARTADO,ano 2010 acima do corte de domínio-público provável (1966) - precisa checagem manual,,https://archive.org/details/youtube-Ykwi_qoZ_Fo
Uncle Jim's Dairy Farm (1963),,archive.org (prelinger/usgovfilms),youtube-TPDVHwXjZ-Y,,DESCARTADO,ano 2012 acima do corte de domínio-público provável (1966) - precisa checagem manual,,https://archive.org/details/youtube-TPDVHwXjZ-Y
Law And Social Controls (1949),,archive.org (prelinger/usgovfilms),youtube-nMv_utUPoWo,,DESCARTADO,ano 2010 acima do corte de domínio-público provável (1966) - precisa checagem manual,,https://archive.org/details/youtube-nMv_utUPoWo
The Nature Of Sound (1948),,archive.org (prelinger/usgovfilms),youtube-B5JWasro50Y,,DESCARTADO,ano 2011 acima do corte de domínio-público provável (1966) - precisa checagem manual,,https://archive.org/details/youtube-B5JWasro50Y
Attitudes And Health (1949),,archive.org (prelinger/usgovfilms),youtube-rlBDZ-Z_ywg,,DESCARTADO,ano 2010 acima do corte de domínio-público provável (1966) - precisa checagem manual,,https://archive.org/details/youtube-rlBDZ-Z_ywg
Everyday Courtesy (1948),,archive.org (prelinger/usgovfilms),youtube-10roWXRzbd0,,DESCARTADO,ano 2010 acima do corte de domínio-público provável (1966) - precisa checagem manual,,https://archive.org/details/youtube-10roWXRzbd0
Introduction To Foreign Trade (1951),,archive.org (prelinger/usgovfilms),youtube-I_ECXXVNsOs,,DESCARTADO,ano 2011 acima do corte de domínio-público provável (1966) - precisa checagem manual,,https://archive.org/details/youtube-I_ECXXVNsOs
How Quiet Helps At School (1953),,archive.org (prelinger/usgovfilms),youtube-fisFfZ7VV3g,,DESCARTADO,item sem arquivos no archive.org (identifier inválido ou removido),,https://archive.org/details/youtube-fisFfZ7VV3g
Build Your Vocabulary (1948),,archive.org (prelinger/usgovfilms),youtube-9ea4CdQPWfc,,DESCARTADO,ano 2010 acima do corte de domínio-público provável (1966) - precisa checagem manual,,https://archive.org/details/youtube-9ea4CdQPWfc
Good Sportsmanship (1950),,archive.org (prelinger/usgovfilms),youtube-lUeTScKOuvY,,DESCARTADO,ano 2010 acima do corte de domínio-público provável (1966) - precisa checagem manual,,https://archive.org/details/youtube-lUeTScKOuvY
Better Use Of Leisure Time (1950),,archive.org (prelinger/usgovfilms),youtube-BH_gncP_5vc,,DESCARTADO,item sem arquivos no archive.org (identifier inválido ou removido),,https://archive.org/details/youtube-BH_gncP_5vc
The Fun Of Being Thoughtful (1950),,archive.org (prelinger/usgovfilms),youtube-6NLJZYq7dQs,,DESCARTADO,ano 2010 acima do corte de domínio-público provável (1966) - precisa checagem manual,,https://archive.org/details/youtube-6NLJZYq7dQs
Are You Ready For Marriage? (1950),,archive.org (prelinger/usgovfilms),youtube-6lPQe39Oj2g,,DESCARTADO,ano 2010 acima do corte de domínio-público provável (1966) - precisa checagem manual,,https://archive.org/details/youtube-6lPQe39Oj2g
Overcoming Fear (1950),,archive.org (prelinger/usgovfilms),youtube-HtAR0IG5woM,,DESCARTADO,item sem arquivos no archive.org (identifier inválido ou removido),,https://archive.org/details/youtube-HtAR0IG5woM
The Gossip • Discussion Problems In Group Living (1955),,archive.org (prelinger/usgovfilms),youtube-MVz1UKIUAkE,,DESCARTADO,ano 2019 acima do corte de domínio-público provável (1966) - precisa checagem manual,,https://archive.org/details/youtube-MVz1UKIUAkE
School Rules: How They Help Us (1953),,archive.org (prelinger/usgovfilms),youtube-uOxmX94xtAY,,DESCARTADO,ano 2011 acima do corte de domínio-público provável (1966) - precisa checagem manual,,https://archive.org/details/youtube-uOxmX94xtAY
The Powers Of Congress (1947),,archive.org (prelinger/usgovfilms),youtube-Y1DO6AYFRZg,,DESCARTADO,item sem arquivos no archive.org (identifier inválido ou removido),,https://archive.org/details/youtube-Y1DO6AYFRZg
The Aztecs,2026,archive.org (prelinger/usgovfilms),theaztecs01_202601,4.1,ADICIONADO,ok (reprocessado após timeout),,https://archive.org/details/theaztecs01_202601
Beginning Responsibility - Taking Care Of Things (1951),,archive.org (prelinger/usgovfilms),youtube-ljUlCINix58,,DESCARTADO,ano 2010 acima do corte de domínio-público provável (1966) - precisa checagem manual,,https://archive.org/details/youtube-ljUlCINix58
Right Or Wrong? Making Moral Decisions (1951),,archive.org (prelinger/usgovfilms),youtube-sdarrUdEi1o,,DESCARTADO,ano 2011 acima do corte de domínio-público provável (1966) - precisa checagem manual,,https://archive.org/details/youtube-sdarrUdEi1o
Your Family (1948),,archive.org (prelinger/usgovfilms),youtube-92hFf7jTlqE,,DESCARTADO,item sem arquivos no archive.org (identifier inválido ou removido),,https://archive.org/details/youtube-92hFf7jTlqE
Friendship Begins At Home (1949),,archive.org (prelinger/usgovfilms),youtube-hucLLBNzcE4,,DESCARTADO,item sem arquivos no archive.org (identifier inválido ou removido),,https://archive.org/details/youtube-hucLLBNzcE4
Education in America: Twentieth Century Developments,2026,archive.org (prelinger/usgovfilms),educationinamerica20thcenturydevelopments_202601,15.8,ADICIONADO,ok (reprocessado após timeout),,https://archive.org/details/educationinamerica20thcenturydevelopments_202601
The Secretary: A Normal Day,2026,archive.org (prelinger/usgovfilms),thesecretaryanormalday_202601,10.6,ADICIONADO,ok (reprocessado após timeout),,https://archive.org/details/thesecretaryanormalday_202601
Learn to Argue Effectively,2017,archive.org (prelinger/usgovfilms),learntoargueeffectively_201703_202601,9.9,ADICIONADO,ok (reprocessado após timeout),,https://archive.org/details/learntoargueeffectively_201703_202601
The Aztecs,,archive.org (prelinger/usgovfilms),theaztecs01,3.7,ADICIONADO,ok (reprocessado após timeout),,https://archive.org/details/theaztecs01
Color Categorizing Behavior of Rhesus Monkeys,2025,archive.org (prelinger/usgovfilms),colorcategorizingbehaviorofrhesusmonkeys_202511,10.3,ADICIONADO,ok (reprocessado após timeout),,https://archive.org/details/colorcategorizingbehaviorofrhesusmonkeys_202511
The Secretary Transcribing,2026,archive.org (prelinger/usgovfilms),thesecretarytranscribing_202601,10.1,ADICIONADO,ok (reprocessado após timeout),,https://archive.org/details/thesecretarytranscribing_202601
France: Background for Literature,2026,archive.org (prelinger/usgovfilms),francebackgroundforliterature_202601,10.3,ADICIONADO,ok (reprocessado após timeout),,https://archive.org/details/francebackgroundforliterature_202601
Reading Improvement: Vocabulary Skills,2026,archive.org (prelinger/usgovfilms),readingimprovementvocabularyskills_202602,10,ADICIONADO,ok (reprocessado após timeout),,https://archive.org/details/readingimprovementvocabularyskills_202602
Education in America,,archive.org (prelinger/usgovfilms),messenger-creation-3-e-602-e-3-b-27-a-4-4-d-29-9356-69-a-582-d-361-a-5,15.5,ADICIONADO,ok (reprocessado após timeout),,https://archive.org/details/messenger-creation-3-e-602-e-3-b-27-a-4-4-d-29-9356-69-a-582-d-361-a-5
Heat and Temperature,2026,archive.org (prelinger/usgovfilms),heatandtemperature_202607,,DESCARTADO,ano 1968 acima do corte de domínio-público provável (1966) - precisa checagem manual,,https://archive.org/details/heatandtemperature_202607
The Mohammedan World,2026,archive.org (prelinger/usgovfilms),themohammedanworld_202601,10.7,ADICIONADO,ok (reprocessado após timeout),,https://archive.org/details/themohammedanworld_202601
Texas Terror,1935,novos-filmes-encontrados.csv (backlog reavaliado),texas_terror_1935,51.7,ADICIONADO,ok (reprocessado após timeout),,https://archive.org/details/texas_terror_1935
A Fair Exchange,1914,novos-filmes-encontrados.csv (backlog reavaliado),CC_1914_12_05_AFairExchange,,DESCARTADO,item sem arquivos no archive.org (identifier inválido ou removido),,https://archive.org/details/CC_1914_12_05_AFairExchange
Flight to Nowhere,,novos-filmes-encontrados.csv (backlog reavaliado),flight_to_nowhere,74.6,ADICIONADO,ok (reprocessado após timeout),,https://archive.org/details/flight_to_nowhere
The Corpse Vanishes,,novos-filmes-encontrados.csv (backlog reavaliado),corpse4k,,DESCARTADO,item sem arquivos no archive.org (identifier inválido ou removido),,https://archive.org/details/corpse4k
Hemp for Victory,1942,novos-filmes-encontrados.csv (backlog reavaliado),Hemp_for_victory_1942,,DESCARTADO,item sem arquivos no archive.org (identifier inválido ou removido),,https://archive.org/details/Hemp_for_victory_1942
Mud and Sand,,novos-filmes-encontrados.csv (backlog reavaliado),MudandSand,,DESCARTADO,item sem arquivos no archive.org (identifier inválido ou removido),,https://archive.org/details/MudandSand
Oliver Twist,,novos-filmes-encontrados.csv (backlog reavaliado),oliver_twist,70.9,ADICIONADO,ok (reprocessado após timeout),,https://archive.org/details/oliver_twist
Nancy Drew... Reporter,,novos-filmes-encontrados.csv (backlog reavaliado),NancyDrewReporter,67.8,ADICIONADO,ok (reprocessado após timeout),,https://archive.org/details/NancyDrewReporter
Tormented,,novos-filmes-encontrados.csv (backlog reavaliado),tormented,76.2,ADICIONADO,ok (reprocessado após timeout),,https://archive.org/details/tormented
Ask Dad,,novos-filmes-encontrados.csv (backlog reavaliado),ask_dad,,DESCARTADO,item sem arquivos no archive.org (identifier inválido ou removido),,https://archive.org/details/ask_dad
The Death Kiss,,novos-filmes-encontrados.csv (backlog reavaliado),TheDeathKiss,,DESCARTADO,item sem arquivos no archive.org (identifier inválido ou removido),,https://archive.org/details/TheDeathKiss
Mesa of Lost Women,,novos-filmes-encontrados.csv (backlog reavaliado),MesaOfLostWomen,69,ADICIONADO,ok (reprocessado após timeout),,https://archive.org/details/MesaOfLostWomen
Earthworm Tractors,,novos-filmes-encontrados.csv (backlog reavaliado),earthworm_tractors,68.5,ADICIONADO,ok (reprocessado após timeout),,https://archive.org/details/earthworm_tractors
Half Shot at Sunrise,,novos-filmes-encontrados.csv (backlog reavaliado),half-shot,78.5,ADICIONADO,ok (reprocessado após timeout),,https://archive.org/details/half-shot
The Masquerader,1914,novos-filmes-encontrados.csv (backlog reavaliado),the-masquerader-1914,,DESCARTADO,item sem arquivos no archive.org (identifier inválido ou removido),,https://archive.org/details/the-masquerader-1914
Alice's Wonderland,1923,novos-filmes-encontrados.csv (backlog reavaliado),alices-wonderland-1923_202501,,DESCARTADO,item sem arquivos no archive.org (identifier inválido ou removido),,https://archive.org/details/alices-wonderland-1923_202501
Popeye The Sailor: Big Bad Sinbad,,novos-filmes-encontrados.csv (backlog reavaliado),popeye_big_bad_sinbad,5,ADICIONADO,ok (reprocessado após timeout),,https://archive.org/details/popeye_big_bad_sinbad
Cyrano DeBergerac,,novos-filmes-encontrados.csv (backlog reavaliado),Cyrano_DeBergerac_ipod,112.9,ADICIONADO,ok (reprocessado após timeout),,https://archive.org/details/Cyrano_DeBergerac_ipod
Betty Boop: Be Human,,novos-filmes-encontrados.csv (backlog reavaliado),bb_be_human,6.5,ADICIONADO,ok (reprocessado após timeout),,https://archive.org/details/bb_be_human
Hook Line and Sinker,,novos-filmes-encontrados.csv (backlog reavaliado),hook-line,,DESCARTADO,item sem arquivos no archive.org (identifier inválido ou removido),,https://archive.org/details/hook-line
Jigsaw,,novos-filmes-encontrados.csv (backlog reavaliado),Jigsaw_,71.5,ADICIONADO,ok (reprocessado após timeout),,https://archive.org/details/Jigsaw_
The Woman in Green,1945,novos-filmes-encontrados.csv (backlog reavaliado),TWIG1945,67.7,ADICIONADO,ok (reprocessado após timeout),,https://archive.org/details/TWIG1945
Private SNAFU: Spies,,novos-filmes-encontrados.csv (backlog reavaliado),private_snafu_spies,3.8,ADICIONADO,ok (reprocessado após timeout),,https://archive.org/details/private_snafu_spies
Fear in the Night,,novos-filmes-encontrados.csv (backlog reavaliado),FearInTheNight,70.6,ADICIONADO,ok (reprocessado após timeout),,https://archive.org/details/FearInTheNight
The Long Shot,,novos-filmes-encontrados.csv (backlog reavaliado),long_shot,,DESCARTADO,item sem arquivos no archive.org (identifier inválido ou removido),,https://archive.org/details/long_shot
The Mummy's Hand,,novos-filmes-encontrados.csv (backlog reavaliado),the-mummys-hand,,DESCARTADO,item sem arquivos no archive.org (identifier inválido ou removido),,https://archive.org/details/the-mummys-hand
The Private Life of Don Juan,,novos-filmes-encontrados.csv (backlog reavaliado),ThePrivateLifeofDonJuan,,DESCARTADO,item sem arquivos no archive.org (identifier inválido ou removido),,https://archive.org/details/ThePrivateLifeofDonJuan
Charlie Chan's Secret,1936,novos-filmes-encontrados.csv (backlog reavaliado),CharlieChansSecret1936,,DESCARTADO,item sem arquivos no archive.org (identifier inválido ou removido),,https://archive.org/details/CharlieChansSecret1936
Flash Gordon,1954,novos-filmes-encontrados.csv (backlog reavaliado),series:flash-gordon-1954,,DESCARTADO,item sem arquivos no archive.org (identifier inválido ou removido),,https://archive.org/details/series:flash-gordon-1954
Felix Revolts,1923,novos-filmes-encontrados.csv (backlog reavaliado),FelixRevolts1923,,DESCARTADO,item sem arquivos no archive.org (identifier inválido ou removido),,https://archive.org/details/FelixRevolts1923
Meet Boston Blackie,,novos-filmes-encontrados.csv (backlog reavaliado),meet-boston-blackie,60.4,ADICIONADO,ok (reprocessado após timeout),,https://archive.org/details/meet-boston-blackie
The Skin Game,,novos-filmes-encontrados.csv (backlog reavaliado),TheSkinGameUk,78.7,ADICIONADO,ok (reprocessado após timeout),,https://archive.org/details/TheSkinGameUk
A Close Call for Boston Blackie,,novos-filmes-encontrados.csv (backlog reavaliado),ACloseCallForBostonBlackie,60,ADICIONADO,ok (reprocessado após timeout),,https://archive.org/details/ACloseCallForBostonBlackie
King Lear,,novos-filmes-encontrados.csv (backlog reavaliado),KingLearOrsonWellesWiFi,82,ADICIONADO,ok (reprocessado após timeout),,https://archive.org/details/KingLearOrsonWellesWiFi
The Thirteenth Hour,1947,novos-filmes-encontrados.csv (backlog reavaliado),the-thirteenth-hour-1947,65.7,ADICIONADO,ok (reprocessado após timeout),,https://archive.org/details/the-thirteenth-hour-1947
The Leopard Man,1943,novos-filmes-encontrados.csv (backlog reavaliado),TheLeopardMan1943,66.1,ADICIONADO,ok (reprocessado após timeout),,https://archive.org/details/TheLeopardMan1943
Billy the Kid Wanted,1941,novos-filmes-encontrados.csv (backlog reavaliado),Billy_the_Kid_Wanted_1941,,DESCARTADO,item sem arquivos no archive.org (identifier inválido ou removido),,https://archive.org/details/Billy_the_Kid_Wanted_1941
Murder in Harlem,,novos-filmes-encontrados.csv (backlog reavaliado),Murder_in_Harlem,,DESCARTADO,item sem arquivos no archive.org (identifier inválido ou removido),,https://archive.org/details/Murder_in_Harlem
Dementia,1955,novos-filmes-encontrados.csv (backlog reavaliado),DementiaDaughterOfHorror1955,,DESCARTADO,item sem arquivos no archive.org (identifier inválido ou removido),,https://archive.org/details/DementiaDaughterOfHorror1955
Borderline,1950,novos-filmes-encontrados.csv (backlog reavaliado),borderline1950,,DESCARTADO,item sem arquivos no archive.org (identifier inválido ou removido),,https://archive.org/details/borderline1950
Helltown,,novos-filmes-encontrados.csv (backlog reavaliado),Hell_Town,55.4,ADICIONADO,ok (reprocessado após timeout),,https://archive.org/details/Hell_Town
Machine Gun Mama,1944,novos-filmes-encontrados.csv (backlog reavaliado),machine_gun_mama_1944,,DESCARTADO,item sem arquivos no archive.org (identifier inválido ou removido),,https://archive.org/details/machine_gun_mama_1944
Sigmaboat willy,,novos-filmes-encontrados.csv (backlog reavaliado),SteamboatWillie,,DESCARTADO,item sem arquivos no archive.org (identifier inválido ou removido),,https://archive.org/details/SteamboatWillie
After The Ball Went Over,1960,novos-filmes-encontrados.csv (backlog reavaliado),AfterTheBallWentOver1960,,DESCARTADO,item sem arquivos no archive.org (identifier inválido ou removido),,https://archive.org/details/AfterTheBallWentOver1960
Wacky Weed,,novos-filmes-encontrados.csv (backlog reavaliado),WackyWeed,,DESCARTADO,item sem arquivos no archive.org (identifier inválido ou removido),,https://archive.org/details/WackyWeed
Public Domain Animation,1956,novos-filmes-encontrados.csv (backlog reavaliado),1956publicdomainanimation,13.7,ADICIONADO,ok (reprocessado após timeout),,https://archive.org/details/1956publicdomainanimation
Felix Goes West,,novos-filmes-encontrados.csv (backlog reavaliado),FelixGoesWest,,DESCARTADO,item sem arquivos no archive.org (identifier inválido ou removido),,https://archive.org/details/FelixGoesWest
Ewiger Wald - Bedeutung der Natur im Dritten Reich,1936,novos-filmes-encontrados.csv (backlog reavaliado),1936-Ewiger-Wald,,DESCARTADO,item sem arquivos no archive.org (identifier inválido ou removido),,https://archive.org/details/1936-Ewiger-Wald
Die goldene Spinne,1943,novos-filmes-encontrados.csv (backlog reavaliado),1943-Die-goldene-Spinne,81.5,ADICIONADO,ok (reprocessado após timeout),,https://archive.org/details/1943-Die-goldene-Spinne
"Kopf hoch, Johannes!",1941,novos-filmes-encontrados.csv (backlog reavaliado),1941-Kopf-hoch-Johannes,,DESCARTADO,item sem arquivos no archive.org (identifier inválido ou removido),,https://archive.org/details/1941-Kopf-hoch-Johannes
Le Papillon Fantastique,,novos-filmes-encontrados.csv (backlog reavaliado),LePapillonFantastique,,DESCARTADO,item sem arquivos no archive.org (identifier inválido ou removido),,https://archive.org/details/LePapillonFantastique
Le Diable Noir,,novos-filmes-encontrados.csv (backlog reavaliado),LeDiableNoir,,DESCARTADO,item sem arquivos no archive.org (identifier inválido ou removido),,https://archive.org/details/LeDiableNoir
La Sirène,,novos-filmes-encontrados.csv (backlog reavaliado),LaSirne,,DESCARTADO,item sem arquivos no archive.org (identifier inválido ou removido),,https://archive.org/details/LaSirne
Le Tripot Clandestin,,novos-filmes-encontrados.csv (backlog reavaliado),LeTripotClandestin,3.1,ADICIONADO,ok (reprocessado após timeout),,https://archive.org/details/LeTripotClandestin
Un Homme de Têtes,1898,novos-filmes-encontrados.csv (backlog reavaliado),GeorgesMeliesUnHommeDeTete1898,,DESCARTADO,item sem arquivos no archive.org (identifier inválido ou removido),,https://archive.org/details/GeorgesMeliesUnHommeDeTete1898
"Meetings, Bloody Meetings",,novos-filmes-encontrados.csv (backlog reavaliado),meetingsbloodymeetings,,DESCARTADO,item sem arquivos no archive.org (identifier inválido ou removido),,https://archive.org/details/meetingsbloodymeetings
Mark Twain,2015,novos-filmes-encontrados.csv (backlog reavaliado),marktwain_201512,,DESCARTADO,item sem arquivos no archive.org (identifier inválido ou removido),,https://archive.org/details/marktwain_201512
Mao Tse Tung,2015,novos-filmes-encontrados.csv (backlog reavaliado),maotsetung_201512,,DESCARTADO,item sem arquivos no archive.org (identifier inválido ou removido),,https://archive.org/details/maotsetung_201512
Dwight David Eisenhower,,novos-filmes-encontrados.csv (backlog reavaliado),dwightdavideisenhower,,DESCARTADO,item sem arquivos no archive.org (identifier inválido ou removido),,https://archive.org/details/dwightdavideisenhower
Atomic Energy For Space,,novos-filmes-encontrados.csv (backlog reavaliado),AtomicEnergyForSpace,18,ADICIONADO,ok (reprocessado após timeout),,https://archive.org/details/AtomicEnergyForSpace
NASA 360: NASA in Your Home,,novos-filmes-encontrados.csv (backlog reavaliado),NASA_360_12_HD,,DESCARTADO,item sem arquivos no archive.org (identifier inválido ou removido),,https://archive.org/details/NASA_360_12_HD
The House I Live In,,novos-filmes-encontrados.csv (backlog reavaliado),TheHouseILiveIn,,DESCARTADO,item sem arquivos no archive.org (identifier inválido ou removido),,https://archive.org/details/TheHouseILiveIn
The Echo Murders,,novos-filmes-encontrados.csv (backlog reavaliado),TheEchoMurders,,DESCARTADO,item sem arquivos no archive.org (identifier inválido ou removido),,https://archive.org/details/TheEchoMurders
Hollywood Without Makeup,,novos-filmes-encontrados.csv (backlog reavaliado),Hollywood_Without_Makeup,48.2,ADICIONADO,ok (reprocessado após timeout),,https://archive.org/details/Hollywood_Without_Makeup
His Royal Highness,,novos-filmes-encontrados.csv (backlog reavaliado),HisRoyalHighness,,DESCARTADO,revisado nesta rodada - obra estrangeira - risco de restauração de copyright pela URAA,,https://archive.org/details/HisRoyalHighness
"Die Sister, Die!",,novos-filmes-encontrados.csv (backlog reavaliado),DieSisterDie,,DESCARTADO,ano 1972 acima do corte de domínio-público provável (1966) - precisa checagem manual,,https://archive.org/details/DieSisterDie
Peter Pan,,novos-filmes-encontrados.csv (backlog reavaliado),silent-peter-pan,101.7,ADICIONADO,ok (reprocessado após timeout),,https://archive.org/details/silent-peter-pan
Les Triades: L'Enfer et l'Argent Diabolique.,,novos-filmes-encontrados.csv (backlog reavaliado),voyage-mystique-6,,DESCARTADO,item sem arquivos no archive.org (identifier inválido ou removido),,https://archive.org/details/voyage-mystique-6
His Wooden Wedding,,novos-filmes-encontrados.csv (backlog reavaliado),silent-his-wooden-wedding,,DESCARTADO,item sem arquivos no archive.org (identifier inválido ou removido),,https://archive.org/details/silent-his-wooden-wedding
The Old-Fashioned Way,1934,novos-filmes-encontrados.csv (backlog reavaliado),the-old-fashioned-way-1934,,DESCARTADO,item sem arquivos no archive.org (identifier inválido ou removido),,https://archive.org/details/the-old-fashioned-way-1934
TheBoat,,novos-filmes-encontrados.csv (backlog reavaliado),TheBoat,26.8,ADICIONADO,ok (reprocessado após timeout),,https://archive.org/details/TheBoat
Backstage_928,,novos-filmes-encontrados.csv (backlog reavaliado),Backstage_928,21,ADICIONADO,ok (reprocessado após timeout),,https://archive.org/details/Backstage_928
TheInfernalCauldron,,novos-filmes-encontrados.csv (backlog reavaliado),TheInfernalCauldron,1.3,DESCARTADO,"duração incompatível (1.3 min) - provável trailer/clipe, não o filme completo",,https://archive.org/details/TheInfernalCauldron
Submarine Alert,,novos-filmes-encontrados.csv (backlog reavaliado),submarine_alert,,DESCARTADO,item sem arquivos no archive.org (identifier inválido ou removido),,https://archive.org/details/submarine_alert
The Sinking of the Lusitania,,novos-filmes-encontrados.csv (backlog reavaliado),silent-the-sinking-of-the-lusitania,12.3,ADICIONADO,ok (reprocessado após timeout),,https://archive.org/details/silent-the-sinking-of-the-lusitania
"Daniel Boone, Trail Blazer",,novos-filmes-encontrados.csv (backlog reavaliado),Daniel_Boone_-_Trail_Blazer,,DESCARTADO,item sem arquivos no archive.org (identifier inválido ou removido),,https://archive.org/details/Daniel_Boone_-_Trail_Blazer
His Double Life,,novos-filmes-encontrados.csv (backlog reavaliado),HisDoubleLife,,DESCARTADO,item sem arquivos no archive.org (identifier inválido ou removido),,https://archive.org/details/HisDoubleLife
Strange Illusion,,novos-filmes-encontrados.csv (backlog reavaliado),Strange_Illusion,85.3,ADICIONADO,ok (reprocessado após timeout),,https://archive.org/details/Strange_Illusion
Bad Man of Deadwood,,novos-filmes-encontrados.csv (backlog reavaliado),BadManOfDeadwood,52.7,ADICIONADO,ok (reprocessado após timeout),,https://archive.org/details/BadManOfDeadwood
Under The Big Top,2012,novos-filmes-encontrados.csv (backlog reavaliado),skidtvny-Breakbeats-Skidmore_s_Under_the_Big_Top_2012,,DESCARTADO,item sem arquivos no archive.org (identifier inválido ou removido),,https://archive.org/details/skidtvny-Breakbeats-Skidmore_s_Under_the_Big_Top_2012
Danger Lights,1930,novos-filmes-encontrados.csv (backlog reavaliado),danger-lights-1930,54.8,ADICIONADO,ok (reprocessado após timeout),,https://archive.org/details/danger-lights-1930
"Charlott Mabel Aux Courses"" aka Gentlemen of Nerve",1914,novos-filmes-encontrados.csv (backlog reavaliado),CC_1914_10_29_CharlottMabelAuxCourses,,DESCARTADO,item sem arquivos no archive.org (identifier inválido ou removido),,https://archive.org/details/CC_1914_10_29_CharlottMabelAuxCourses
House Of Mystery 1934,1934,novos-filmes-encontrados.csv (backlog reavaliado),house-of-mystery-1934,,DESCARTADO,item sem arquivos no archive.org (identifier inválido ou removido),,https://archive.org/details/house-of-mystery-1934
Dixie Jamboree,,novos-filmes-encontrados.csv (backlog reavaliado),dixie_jamboree,,DESCARTADO,item sem arquivos no archive.org (identifier inválido ou removido),,https://archive.org/details/dixie_jamboree
Hats Off,,novos-filmes-encontrados.csv (backlog reavaliado),gucsnc-Hats_Off_for_Cancer_College_Night,,DESCARTADO,item sem arquivos no archive.org (identifier inválido ou removido),,https://archive.org/details/gucsnc-Hats_Off_for_Cancer_College_Night
His Prehistoric Past,1914,novos-filmes-encontrados.csv (backlog reavaliado),his-prehistoric-past-1914,,DESCARTADO,item sem arquivos no archive.org (identifier inválido ou removido),,https://archive.org/details/his-prehistoric-past-1914
Cheers for Miss Bishop,,novos-filmes-encontrados.csv (backlog reavaliado),cheers_for_miss_bishop,,DESCARTADO,item sem arquivos no archive.org (identifier inválido ou removido),,https://archive.org/details/cheers_for_miss_bishop
Sherlock Holmes - The Woman In Green,,novos-filmes-encontrados.csv (backlog reavaliado),SherlockHolmes-TheWomanInGreen,67.5,ADICIONADO,ok (reprocessado após timeout),,https://archive.org/details/SherlockHolmes-TheWomanInGreen
The Big Trees,1952,novos-filmes-encontrados.csv (backlog reavaliado),the-big-trees-1952,,DESCARTADO,item sem arquivos no archive.org (identifier inválido ou removido),,https://archive.org/details/the-big-trees-1952
The Moonstone,,novos-filmes-encontrados.csv (backlog reavaliado),the-moonstone.-part-1-of-5.-video-dailymotion,,DESCARTADO,item sem arquivos no archive.org (identifier inválido ou removido),,https://archive.org/details/the-moonstone.-part-1-of-5.-video-dailymotion
An Arcadian Maid,,novos-filmes-encontrados.csv (backlog reavaliado),AnArcadianMaid,,DESCARTADO,item sem arquivos no archive.org (identifier inválido ou removido),,https://archive.org/details/AnArcadianMaid
Dark Journey (1937),1937,novos-filmes-encontrados.csv (backlog reavaliado),dark-journey-1937,79.1,ADICIONADO,ok (reprocessado após timeout),,https://archive.org/details/dark-journey-1937
Why Change Your Wife?,,novos-filmes-encontrados.csv (backlog reavaliado),Why_Change_Your_Wife,,DESCARTADO,item sem arquivos no archive.org (identifier inválido ou removido),,https://archive.org/details/Why_Change_Your_Wife
Tomorrow's Youth,,novos-filmes-encontrados.csv (backlog reavaliado),tomorrows_youth,60.6,ADICIONADO,ok (reprocessado após timeout),,https://archive.org/details/tomorrows_youth
Hard Luck,1921,novos-filmes-encontrados.csv (backlog reavaliado),hard-luck-1921-by-buster-keaton,23,ADICIONADO,ok (reprocessado após timeout),,https://archive.org/details/hard-luck-1921-by-buster-keaton
Loudspeaker,,novos-filmes-encontrados.csv (backlog reavaliado),archiveteam_videobot_twitter_com_888579993449771008,,DESCARTADO,item sem arquivos no archive.org (identifier inválido ou removido),,https://archive.org/details/archiveteam_videobot_twitter_com_888579993449771008
Mutiny in the Big House,1939,novos-filmes-encontrados.csv (backlog reavaliado),Mutiny_in_the_Big_House_1939,79.8,ADICIONADO,ok (reprocessado após timeout),,https://archive.org/details/Mutiny_in_the_Big_House_1939
The Sphinx,2015,novos-filmes-encontrados.csv (backlog reavaliado),CSPAN2_20150131_204500_Book_Discussion_on_The_Sphinx,48,ADICIONADO,ok (reprocessado após timeout),,https://archive.org/details/CSPAN2_20150131_204500_Book_Discussion_on_The_Sphinx
The Ape 720p 1940,,novos-filmes-encontrados.csv (backlog reavaliado),TheApe720p,62.4,ADICIONADO,ok (reprocessado após timeout),,https://archive.org/details/TheApe720p
Sands of Sacrifice,,novos-filmes-encontrados.csv (backlog reavaliado),SandsofSacrifice,,DESCARTADO,item sem arquivos no archive.org (identifier inválido ou removido),,https://archive.org/details/SandsofSacrifice
Little Annie Rooney,,novos-filmes-encontrados.csv (backlog reavaliado),LittleAnnieRooney_,94.7,ADICIONADO,ok (reprocessado após timeout),,https://archive.org/details/LittleAnnieRooney_
Nomads of the North (1920),1920,novos-filmes-encontrados.csv (backlog reavaliado),NomadsOfTheNorth1920,,DESCARTADO,item sem arquivos no archive.org (identifier inválido ou removido),,https://archive.org/details/NomadsOfTheNorth1920
The General Line (Eng),,novos-filmes-encontrados.csv (backlog reavaliado),TheGeneralLineeng,120.9,ADICIONADO,ok (reprocessado após timeout),,https://archive.org/details/TheGeneralLineeng
Her Sister from Paris,,novos-filmes-encontrados.csv (backlog reavaliado),silent-her-sister-from-paris,,DESCARTADO,item sem arquivos no archive.org (identifier inválido ou removido),,https://archive.org/details/silent-her-sister-from-paris
In Old Arizona,1928,novos-filmes-encontrados.csv (backlog reavaliado),in.-old.-arizona.-1928.1080p.-blu-ray.x-264.-aac-yts.-mx,98.9,ADICIONADO,ok (reprocessado após timeout),,https://archive.org/details/in.-old.-arizona.-1928.1080p.-blu-ray.x-264.-aac-yts.-mx
Show Boat,1929,novos-filmes-encontrados.csv (backlog reavaliado),show-boat_1929,,DESCARTADO,item sem arquivos no archive.org (identifier inválido ou removido),,https://archive.org/details/show-boat_1929
Street Girl,1929,novos-filmes-encontrados.csv (backlog reavaliado),street-girl_1929,,DESCARTADO,item sem arquivos no archive.org (identifier inválido ou removido),,https://archive.org/details/street-girl_1929
Ding Dong Daddy,,novos-filmes-encontrados.csv (backlog reavaliado),DingDongDaddy,,DESCARTADO,item sem arquivos no archive.org (identifier inválido ou removido),,https://archive.org/details/DingDongDaddy
All the Kind Strangers,,novos-filmes-encontrados.csv (backlog reavaliado),AlltheKindStrangers,,DESCARTADO,item sem arquivos no archive.org (identifier inválido ou removido),,https://archive.org/details/AlltheKindStrangers
The Flow of Zen ,,novos-filmes-encontrados.csv (backlog reavaliado),theflowofzen,,DESCARTADO,item sem arquivos no archive.org (identifier inválido ou removido),,https://archive.org/details/theflowofzen
Fundamentals of Boundary Layers,,novos-filmes-encontrados.csv (backlog reavaliado),fundamentalsofboundarylayers,,DESCARTADO,item sem arquivos no archive.org (identifier inválido ou removido),,https://archive.org/details/fundamentalsofboundarylayers
Introduction to Holography,,novos-filmes-encontrados.csv (backlog reavaliado),IntroductionToHolography,,DESCARTADO,ano 1972 acima do corte de domínio-público provável (1966) - precisa checagem manual,,https://archive.org/details/IntroductionToHolography
"Moonwalk One, ca",,novos-filmes-encontrados.csv (backlog reavaliado),gov.archives.arc.1257628,,DESCARTADO,ano 1970 acima do corte de domínio-público provável (1966) - precisa checagem manual,,https://archive.org/details/gov.archives.arc.1257628
Nasa eClips Videos,,novos-filmes-encontrados.csv (backlog reavaliado),nasa_eclips_052809,,DESCARTADO,ano 2009 acima do corte de domínio-público provável (1966) - precisa checagem manual,,https://archive.org/details/nasa_eclips_052809
Our World: Fluid Shift And Our World: Investigating Mars With The Phoenix Lander,,novos-filmes-encontrados.csv (backlog reavaliado),nasa_eclips_052609,,DESCARTADO,item sem arquivos no archive.org (identifier inválido ou removido),,https://archive.org/details/nasa_eclips_052609
Our World: Snowflakes,,novos-filmes-encontrados.csv (backlog reavaliado),OurWorldSnowflakes,,DESCARTADO,item sem arquivos no archive.org (identifier inválido ou removido),,https://archive.org/details/OurWorldSnowflakes
"NASA SCI Files - Reproduction, Migration And Basic Needs",,novos-filmes-encontrados.csv (backlog reavaliado),NasaSciFiles-ReproductionMigrationAndBasicNeeds,,DESCARTADO,ano 2005 acima do corte de domínio-público provável (1966) - precisa checagem manual,,https://archive.org/details/NasaSciFiles-ReproductionMigrationAndBasicNeeds
NASA 360 Episode 3,,novos-filmes-encontrados.csv (backlog reavaliado),NASA_360_program3_HD,,DESCARTADO,item sem arquivos no archive.org (identifier inválido ou removido),,https://archive.org/details/NASA_360_program3_HD
Demonstration Of Laminar Flow In A Liquid Onboard The International Space Station,,novos-filmes-encontrados.csv (backlog reavaliado),MSFC-0601215,,DESCARTADO,ano 2003 acima do corte de domínio-público provável (1966) - precisa checagem manual,,https://archive.org/details/MSFC-0601215
GMT137 08 26 Jack-Fischer 88789J Nanoracks-137 DP014401,,novos-filmes-encontrados.csv (backlog reavaliado),GMT137_08_26_Jack-Fischer_88789J_Nanoracks-137_DP014401.MXF,,DESCARTADO,item sem arquivos no archive.org (identifier inválido ou removido),,https://archive.org/details/GMT137_08_26_Jack-Fischer_88789J_Nanoracks-137_DP014401.MXF
Sam's Song,,novos-filmes-encontrados.csv (backlog reavaliado),SamsSong,,DESCARTADO,item sem arquivos no archive.org (identifier inválido ou removido),,https://archive.org/details/SamsSong
The Night It Rained,,novos-filmes-encontrados.csv (backlog reavaliado),the-night-it-rained,,DESCARTADO,item sem arquivos no archive.org (identifier inválido ou removido),,https://archive.org/details/the-night-it-rained
